[{"fields": {"name": "\u0410\u0434\u043c\u0438\u043d\u0438\u0441\u0442\u0440\u0430\u0442\u043e\u0440", "permissions": [40, 41, 42, 37, 38, 39, 1, 2, 3, 25, 26, 27, 31, 32, 33, 28, 29, 30, 34, 35, 36, 7, 8, 9, 4, 5, 6, 10, 11, 12, 104, 105, 106, 107, 108, 109, 110, 111, 112, 76, 77, 78, 73, 74, 75, 55, 56, 57, 79, 80, 81, 61, 62, 63, 67, 68, 69, 70, 71, 72, 58, 59, 60, 52, 53, 54, 82, 83, 84, 64, 65, 66, 13, 14, 15, 224, 225, 226, 221, 222, 223, 227, 228, 229, 230, 231, 232, 22, 23, 24, 155, 128, 158, 161, 152, 167, 164, 170, 173, 156, 129, 159, 162, 153, 168, 165, 171, 174, 157, 130, 160, 163, 154, 169, 166, 172, 175, 131, 143, 146, 149, 132, 144, 147, 150, 133, 145, 148, 151, 125, 126, 127, 134, 135, 136, 137, 138, 139, 140, 141, 142, 194, 195, 196, 188, 189, 190, 197, 198, 199, 203, 204, 205, 200, 201, 202, 182, 183, 184, 218, 219, 220, 185, 186, 187, 212, 213, 214, 176, 177, 178, 215, 216, 217, 191, 192, 193, 206, 207, 208, 179, 180, 181, 209, 210, 211, 91, 92, 94, 93, 95, 96, 97, 101, 102, 103, 98, 99, 100, 122, 123, 124, 116, 117, 118, 119, 120, 121, 113, 114, 115, 257, 258, 259, 251, 252, 253, 242, 243, 244, 236, 237, 238, 245, 246, 247, 254, 255, 256, 260, 261, 262, 233, 234, 235, 239, 240, 241, 248, 249, 250, 263, 264, 265, 85, 86, 87, 88, 89, 90, 16, 17, 18, 43, 44, 45, 49, 50, 51, 46, 47, 48, 19, 20, 21, 278, 279, 280, 266, 267, 268, 269, 270, 271, 275, 276, 277, 272, 273, 274]}, "model": "auth.group", "pk": 1}, {"fields": {"username": "admin", "first_name": "Site", "last_name": "Admin", "is_active": true, "is_superuser": true, "is_staff": true, "last_login": "2017-03-10T18:14:47.639Z", "groups": [], "user_permissions": [], "password": "pbkdf2_sha256$20000$ADZkhxPgYNxY$aBlNK4QY/BTGC6F3qzH7rgdgxqSdN0I9QU6uDy0hPTY=", "email": "bgrow.info@gmail.com", "date_joined": "2016-09-28T13:24:27.116Z"}, "model": "auth.user", "pk": 1}, {"fields": {"username": "AeET7SawqpV34hgkfF2aTxwOvn__Ll", "first_name": "", "last_name": "", "is_active": true, "is_superuser": false, "is_staff": false, "last_login": "2016-10-02T04:39:21.456Z", "groups": [], "user_permissions": [], "password": "pbkdf2_sha256$24000$jDS4ZEDCnann$cn1tN4p0t06TTq2j98JpudVR88jFDIZKkgJVex7AKI8=", "email": "kwcenter@gmail.com", "date_joined": "2016-09-30T14:05:57.613Z"}, "model": "auth.user", "pk": 2}, {"fields": {"expire_date": "2016-12-29T10:21:33.950Z", "session_data": "ZDBkM2EwMzNjZDhlODM3YmVjZDkwZDAwMWMwNDI1ZTdkZDBiNTI5Zjp7Il9sYW5ndWFnZSI6InJ1IiwiX2F1dGhfdXNlcl9oYXNoIjoiOWI1NWI4YThiOTMzMjE4M2UyMTUyZDRmODA3OTE1YjMxNjdhNTM0NiIsIl9hdXRoX3VzZXJfYmFja2VuZCI6ImRqYW5nby5jb250cmliLmF1dGguYmFja2VuZHMuTW9kZWxCYWNrZW5kIiwiX2F1dGhfdXNlcl9pZCI6IjEifQ=="}, "model": "sessions.session", "pk": "0m21yqxts70toup6shlbg7bq15zyn5bx"}, {"fields": {"expire_date": "2016-10-12T13:27:01.462Z", "session_data": "OGE5ODJiYmZkNTQ1ZmYwYWE4ODBmMWNjNTBjNDk4MzI5YmZlNzJlODp7Il9hdXRoX3VzZXJfaGFzaCI6IjliNTViOGE4YjkzMzIxODNlMjE1MmQ0ZjgwNzkxNWIzMTY3YTUzNDYiLCJfYXV0aF91c2VyX2JhY2tlbmQiOiJvc2Nhci5hcHBzLmN1c3RvbWVyLmF1dGhfYmFja2VuZHMuRW1haWxCYWNrZW5kIiwiX2F1dGhfdXNlcl9pZCI6IjEifQ=="}, "model": "sessions.session", "pk": "0zfm1dme8ba6scpdpl2tgdfypgu8i6y5"}, {"fields": {"expire_date": "2017-03-16T04:57:03.506Z", "session_data": "OGE5ODJiYmZkNTQ1ZmYwYWE4ODBmMWNjNTBjNDk4MzI5YmZlNzJlODp7Il9hdXRoX3VzZXJfaGFzaCI6IjliNTViOGE4YjkzMzIxODNlMjE1MmQ0ZjgwNzkxNWIzMTY3YTUzNDYiLCJfYXV0aF91c2VyX2JhY2tlbmQiOiJvc2Nhci5hcHBzLmN1c3RvbWVyLmF1dGhfYmFja2VuZHMuRW1haWxCYWNrZW5kIiwiX2F1dGhfdXNlcl9pZCI6IjEifQ=="}, "model": "sessions.session", "pk": "57bny9t89ztkrsup01euvtyscbizxfa4"}, {"fields": {"expire_date": "2017-02-01T23:55:35.284Z", "session_data": "OGE5ODJiYmZkNTQ1ZmYwYWE4ODBmMWNjNTBjNDk4MzI5YmZlNzJlODp7Il9hdXRoX3VzZXJfaGFzaCI6IjliNTViOGE4YjkzMzIxODNlMjE1MmQ0ZjgwNzkxNWIzMTY3YTUzNDYiLCJfYXV0aF91c2VyX2JhY2tlbmQiOiJvc2Nhci5hcHBzLmN1c3RvbWVyLmF1dGhfYmFja2VuZHMuRW1haWxCYWNrZW5kIiwiX2F1dGhfdXNlcl9pZCI6IjEifQ=="}, "model": "sessions.session", "pk": "5gix6ruu26rsng47t2e3h6zsir3rl8zr"}, {"fields": {"expire_date": "2017-03-26T03:58:06.771Z", "session_data": "NjMyZTUyZTc2N2I2MWJlOThjM2E2Yjc1Y2ZjYzM3MmFkYWUwNjU0ZTp7Il9sYW5ndWFnZSI6ImVuIiwib3NjYXJfb3Blbl9iYXNrZXQiOjV9"}, "model": "sessions.session", "pk": "6t0r297n482ez69bmtm0bjd56mtlps9d"}, {"fields": {"expire_date": "2016-10-28T21:22:44.117Z", "session_data": "OGE5ODJiYmZkNTQ1ZmYwYWE4ODBmMWNjNTBjNDk4MzI5YmZlNzJlODp7Il9hdXRoX3VzZXJfaGFzaCI6IjliNTViOGE4YjkzMzIxODNlMjE1MmQ0ZjgwNzkxNWIzMTY3YTUzNDYiLCJfYXV0aF91c2VyX2JhY2tlbmQiOiJvc2Nhci5hcHBzLmN1c3RvbWVyLmF1dGhfYmFja2VuZHMuRW1haWxCYWNrZW5kIiwiX2F1dGhfdXNlcl9pZCI6IjEifQ=="}, "model": "sessions.session", "pk": "7wgbabjva4y8n4usci61jug2vzvkbtcy"}, {"fields": {"expire_date": "2017-02-19T22:49:52.814Z", "session_data": "YzAwYTc4NmNmMThjZTI0NzQ1NDk5NTI3ZmM0N2M2NmUzZTE5ZGE2Yjp7Il9hdXRoX3VzZXJfaGFzaCI6IjliNTViOGE4YjkzMzIxODNlMjE1MmQ0ZjgwNzkxNWIzMTY3YTUzNDYiLCJfYXV0aF91c2VyX2JhY2tlbmQiOiJkamFuZ28uY29udHJpYi5hdXRoLmJhY2tlbmRzLk1vZGVsQmFja2VuZCIsIl9hdXRoX3VzZXJfaWQiOiIxIn0="}, "model": "sessions.session", "pk": "8aki6dobj7eu9xj326sevzz014l0s5hr"}, {"fields": {"expire_date": "2016-11-09T19:49:32.512Z", "session_data": "MDkwMjZjYTBiODA0NGNkNDhjNTRkYjZiOTA2ZmUyNjJmZjhjNWEzYzp7Im9mZmVyX3dpemFyZCI6e30sIl9hdXRoX3VzZXJfaGFzaCI6IjliNTViOGE4YjkzMzIxODNlMjE1MmQ0ZjgwNzkxNWIzMTY3YTUzNDYiLCJfYXV0aF91c2VyX2lkIjoiMSIsIl9hdXRoX3VzZXJfYmFja2VuZCI6Im9zY2FyLmFwcHMuY3VzdG9tZXIuYXV0aF9iYWNrZW5kcy5FbWFpbEJhY2tlbmQifQ=="}, "model": "sessions.session", "pk": "8y9m73gq49atqvj14pgd5czktrz84bfv"}, {"fields": {"expire_date": "2017-03-24T18:16:46.534Z", "session_data": "MDVkMjQxMzdkZDIyMWExNzUyMzRlMjA2Y2RkZDI0YWNlZmQ3ODc1OTp7Il9sYW5ndWFnZSI6InJ1IiwiX2F1dGhfdXNlcl9oYXNoIjoiNDExMGQ4MWYyNGZiYmYwNzcyOTlhYzk1YTFiMDA5ZTQ5NzI0YmViOSIsIl9hdXRoX3VzZXJfaWQiOiIxIiwiX2F1dGhfdXNlcl9iYWNrZW5kIjoib3NjYXIuYXBwcy5jdXN0b21lci5hdXRoX2JhY2tlbmRzLkVtYWlsQmFja2VuZCJ9"}, "model": "sessions.session", "pk": "9zvq9j2baqr5ruo29llqlrgpia41ywth"}, {"fields": {"expire_date": "2017-02-19T09:34:59.476Z", "session_data": "OGE5ODJiYmZkNTQ1ZmYwYWE4ODBmMWNjNTBjNDk4MzI5YmZlNzJlODp7Il9hdXRoX3VzZXJfaGFzaCI6IjliNTViOGE4YjkzMzIxODNlMjE1MmQ0ZjgwNzkxNWIzMTY3YTUzNDYiLCJfYXV0aF91c2VyX2JhY2tlbmQiOiJvc2Nhci5hcHBzLmN1c3RvbWVyLmF1dGhfYmFja2VuZHMuRW1haWxCYWNrZW5kIiwiX2F1dGhfdXNlcl9pZCI6IjEifQ=="}, "model": "sessions.session", "pk": "a7dzsiv2viixxm85j9ytjwfaopa1zy8l"}, {"fields": {"expire_date": "2016-10-13T21:17:00.710Z", "session_data": "OGE5ODJiYmZkNTQ1ZmYwYWE4ODBmMWNjNTBjNDk4MzI5YmZlNzJlODp7Il9hdXRoX3VzZXJfaGFzaCI6IjliNTViOGE4YjkzMzIxODNlMjE1MmQ0ZjgwNzkxNWIzMTY3YTUzNDYiLCJfYXV0aF91c2VyX2JhY2tlbmQiOiJvc2Nhci5hcHBzLmN1c3RvbWVyLmF1dGhfYmFja2VuZHMuRW1haWxCYWNrZW5kIiwiX2F1dGhfdXNlcl9pZCI6IjEifQ=="}, "model": "sessions.session", "pk": "ahsgkoadmn4kx1xb50ofgv2r77uic5jb"}, {"fields": {"expire_date": "2016-12-10T15:46:36.776Z", "session_data": "OGE5ODJiYmZkNTQ1ZmYwYWE4ODBmMWNjNTBjNDk4MzI5YmZlNzJlODp7Il9hdXRoX3VzZXJfaGFzaCI6IjliNTViOGE4YjkzMzIxODNlMjE1MmQ0ZjgwNzkxNWIzMTY3YTUzNDYiLCJfYXV0aF91c2VyX2JhY2tlbmQiOiJvc2Nhci5hcHBzLmN1c3RvbWVyLmF1dGhfYmFja2VuZHMuRW1haWxCYWNrZW5kIiwiX2F1dGhfdXNlcl9pZCI6IjEifQ=="}, "model": "sessions.session", "pk": "i7ej4cdbecw5alyes36ljmj12nn2zl90"}, {"fields": {"expire_date": "2016-10-19T18:24:45.366Z", "session_data": "ZGQ2NjM3YmYwYmJmMGFmYmNmOWNiMzJiZTVmMmE0OGQwM2FmN2UwNzp7Il9sYW5ndWFnZSI6InJ1IiwiX2F1dGhfdXNlcl9oYXNoIjoiOWI1NWI4YThiOTMzMjE4M2UyMTUyZDRmODA3OTE1YjMxNjdhNTM0NiIsIl9hdXRoX3VzZXJfaWQiOiIxIiwiX2F1dGhfdXNlcl9iYWNrZW5kIjoib3NjYXIuYXBwcy5jdXN0b21lci5hdXRoX2JhY2tlbmRzLkVtYWlsQmFja2VuZCJ9"}, "model": "sessions.session", "pk": "kex4307nxjcr0mdh2fdwufyl7o4mevx7"}, {"fields": {"expire_date": "2017-03-05T18:31:20.394Z", "session_data": "OGE5ODJiYmZkNTQ1ZmYwYWE4ODBmMWNjNTBjNDk4MzI5YmZlNzJlODp7Il9hdXRoX3VzZXJfaGFzaCI6IjliNTViOGE4YjkzMzIxODNlMjE1MmQ0ZjgwNzkxNWIzMTY3YTUzNDYiLCJfYXV0aF91c2VyX2JhY2tlbmQiOiJvc2Nhci5hcHBzLmN1c3RvbWVyLmF1dGhfYmFja2VuZHMuRW1haWxCYWNrZW5kIiwiX2F1dGhfdXNlcl9pZCI6IjEifQ=="}, "model": "sessions.session", "pk": "nv76f03f2xwfdn16poeguscprsfztkom"}, {"fields": {"expire_date": "2016-10-16T04:39:21.467Z", "session_data": "ZGM0MDljYTkwZDk2M2RiM2Q1ODBlZTc1ODMyZTM4YTUxMjI3NTAyZTp7Il9sYW5ndWFnZSI6InJ1IiwiX2F1dGhfdXNlcl9oYXNoIjoiNjhkYWVhM2Y0NjY2ZGRkNTA0NGNlOGYyOGE3OTEwMTFiNzIyYmNlNyIsIl9hdXRoX3VzZXJfYmFja2VuZCI6Im9zY2FyLmFwcHMuY3VzdG9tZXIuYXV0aF9iYWNrZW5kcy5FbWFpbEJhY2tlbmQiLCJfYXV0aF91c2VyX2lkIjoiMiJ9"}, "model": "sessions.session", "pk": "rqzsske2vwzffe85f69sgb4tqs48gf4g"}, {"fields": {"expire_date": "2017-03-24T02:06:47.208Z", "session_data": "OWNkNTE5NDQ5ZGRlZGJhOTQ2ZWFjZTM2YTM4ODg4NmZkMzAzNTkyZjp7Im9zY2FyX29wZW5fYmFza2V0IjozfQ=="}, "model": "sessions.session", "pk": "t389d9e1gl4joow5ur3brp1j2hzm370g"}, {"fields": {"expire_date": "2016-10-20T20:05:38.650Z", "session_data": "MzBmM2Y1MjZlZGJkZjliYTY1MjJkMDZkMzVjOTcyZmM3ZWNjN2Q1ZTp7Il9sYW5ndWFnZSI6InJ1IiwiX2F1dGhfdXNlcl9oYXNoIjoiOWI1NWI4YThiOTMzMjE4M2UyMTUyZDRmODA3OTE1YjMxNjdhNTM0NiIsIl9hdXRoX3VzZXJfYmFja2VuZCI6Im9zY2FyLmFwcHMuY3VzdG9tZXIuYXV0aF9iYWNrZW5kcy5FbWFpbEJhY2tlbmQiLCJfYXV0aF91c2VyX2lkIjoiMSJ9"}, "model": "sessions.session", "pk": "tqb4nocll7vgeb9uvl1p15zjcbax4jxn"}, {"fields": {"expire_date": "2017-02-21T13:38:54.368Z", "session_data": "OGE5ODJiYmZkNTQ1ZmYwYWE4ODBmMWNjNTBjNDk4MzI5YmZlNzJlODp7Il9hdXRoX3VzZXJfaGFzaCI6IjliNTViOGE4YjkzMzIxODNlMjE1MmQ0ZjgwNzkxNWIzMTY3YTUzNDYiLCJfYXV0aF91c2VyX2JhY2tlbmQiOiJvc2Nhci5hcHBzLmN1c3RvbWVyLmF1dGhfYmFja2VuZHMuRW1haWxCYWNrZW5kIiwiX2F1dGhfdXNlcl9pZCI6IjEifQ=="}, "model": "sessions.session", "pk": "vw5pvtwyuvz2g39er5kublw0sqh7i8vs"}, {"fields": {"expire_date": "2016-10-17T10:29:02.527Z", "session_data": "OGE5ODJiYmZkNTQ1ZmYwYWE4ODBmMWNjNTBjNDk4MzI5YmZlNzJlODp7Il9hdXRoX3VzZXJfaGFzaCI6IjliNTViOGE4YjkzMzIxODNlMjE1MmQ0ZjgwNzkxNWIzMTY3YTUzNDYiLCJfYXV0aF91c2VyX2JhY2tlbmQiOiJvc2Nhci5hcHBzLmN1c3RvbWVyLmF1dGhfYmFja2VuZHMuRW1haWxCYWNrZW5kIiwiX2F1dGhfdXNlcl9pZCI6IjEifQ=="}, "model": "sessions.session", "pk": "yjl8fjx7nfxfvwt5uu02ljvcoxn6usex"}, {"fields": {"domain": "example.com", "name": "example.com"}, "model": "sites.site", "pk": 1}, {"fields": {"domain": "http://31.131.24.128:8000/", "name": "\u0440\u0430\u0441\u0442\u0430\u0431\u043e\u043d\u0433"}, "model": "sites.site", "pk": 2}, {"fields": {"domain": "31.131.24.128:8000", "name": "BlowGrow"}, "model": "sites.site", "pk": 3}, {"fields": {"registration_required": false, "title": "\u041a\u043e\u043d\u0442\u0430\u043a\u0442\u044b", "url": "/home/contacts/", "template_name": "flatpages/contacts_page.html", "sites": [3], "content": "\u041c\u044b \u043d\u0430\u0445\u043e\u0434\u0438\u043c\u0441\u044f \u0432 \u0435\u0431\u0435\u043d\u044f\u0445", "enable_comments": false}, "model": "flatpages.flatpage", "pk": 13}, {"fields": {"score": 0.0, "product": 3, "num_basket_additions": 1, "num_purchases": 0, "num_views": 19}, "model": "analytics.productrecord", "pk": 2}, {"fields": {"score": 0.0, "product": 4, "num_basket_additions": 0, "num_purchases": 0, "num_views": 4}, "model": "analytics.productrecord", "pk": 3}, {"fields": {"total_spent": "0.00", "num_order_items": 0, "num_orders": 0, "num_order_lines": 0, "num_product_views": 19, "num_basket_additions": 0, "user": 1, "date_last_order": null}, "model": "analytics.userrecord", "pk": 1}, {"fields": {"date_created": "2016-10-05T18:34:51.086Z", "product": 3, "user": 1}, "model": "analytics.userproductview", "pk": 2}, {"fields": {"date_created": "2016-10-05T18:35:08.244Z", "product": 3, "user": 1}, "model": "analytics.userproductview", "pk": 3}, {"fields": {"date_created": "2016-10-06T18:52:22.013Z", "product": 3, "user": 1}, "model": "analytics.userproductview", "pk": 4}, {"fields": {"date_created": "2016-10-06T20:58:09.807Z", "product": 3, "user": 1}, "model": "analytics.userproductview", "pk": 5}, {"fields": {"date_created": "2016-10-06T20:58:23.595Z", "product": 3, "user": 1}, "model": "analytics.userproductview", "pk": 6}, {"fields": {"date_created": "2016-10-07T14:12:16.409Z", "product": 3, "user": 1}, "model": "analytics.userproductview", "pk": 7}, {"fields": {"date_created": "2016-10-07T14:12:43.099Z", "product": 3, "user": 1}, "model": "analytics.userproductview", "pk": 8}, {"fields": {"date_created": "2016-10-07T15:43:15.819Z", "product": 3, "user": 1}, "model": "analytics.userproductview", "pk": 9}, {"fields": {"date_created": "2016-10-07T15:43:22.707Z", "product": 3, "user": 1}, "model": "analytics.userproductview", "pk": 10}, {"fields": {"date_created": "2016-10-07T19:11:58.896Z", "product": 3, "user": 1}, "model": "analytics.userproductview", "pk": 11}, {"fields": {"date_created": "2016-10-07T19:12:11.390Z", "product": 3, "user": 1}, "model": "analytics.userproductview", "pk": 12}, {"fields": {"date_created": "2016-10-08T16:21:19.890Z", "product": 3, "user": 1}, "model": "analytics.userproductview", "pk": 13}, {"fields": {"date_created": "2016-10-08T16:21:29.616Z", "product": 3, "user": 1}, "model": "analytics.userproductview", "pk": 14}, {"fields": {"date_created": "2016-10-08T16:22:03.149Z", "product": 3, "user": 1}, "model": "analytics.userproductview", "pk": 15}, {"fields": {"date_created": "2016-10-11T15:30:07.855Z", "product": 4, "user": 1}, "model": "analytics.userproductview", "pk": 16}, {"fields": {"date_created": "2016-10-11T17:19:53.056Z", "product": 4, "user": 1}, "model": "analytics.userproductview", "pk": 17}, {"fields": {"date_created": "2016-10-26T19:41:31.015Z", "product": 4, "user": 1}, "model": "analytics.userproductview", "pk": 18}, {"fields": {"date_created": "2016-12-15T10:34:21.021Z", "product": 4, "user": 1}, "model": "analytics.userproductview", "pk": 19}, {"fields": {"query": "", "user": 1, "date_created": "2016-09-28T17:13:16.583Z"}, "model": "analytics.usersearch", "pk": 1}, {"fields": {"iso_3166_1_a3": "AND", "name": "Principality of Andorra", "display_order": 0, "printable_name": "Andorra", "iso_3166_1_numeric": "020", "is_shipping_country": true}, "model": "address.country", "pk": "AD"}, {"fields": {"iso_3166_1_a3": "ARE", "name": "", "display_order": 0, "printable_name": "United Arab Emirates", "iso_3166_1_numeric": "784", "is_shipping_country": true}, "model": "address.country", "pk": "AE"}, {"fields": {"iso_3166_1_a3": "AFG", "name": "Islamic Republic of Afghanistan", "display_order": 0, "printable_name": "Afghanistan", "iso_3166_1_numeric": "004", "is_shipping_country": true}, "model": "address.country", "pk": "AF"}, {"fields": {"iso_3166_1_a3": "ATG", "name": "", "display_order": 0, "printable_name": "Antigua and Barbuda", "iso_3166_1_numeric": "028", "is_shipping_country": true}, "model": "address.country", "pk": "AG"}, {"fields": {"iso_3166_1_a3": "AIA", "name": "", "display_order": 0, "printable_name": "Anguilla", "iso_3166_1_numeric": "660", "is_shipping_country": true}, "model": "address.country", "pk": "AI"}, {"fields": {"iso_3166_1_a3": "ALB", "name": "Republic of Albania", "display_order": 0, "printable_name": "Albania", "iso_3166_1_numeric": "008", "is_shipping_country": true}, "model": "address.country", "pk": "AL"}, {"fields": {"iso_3166_1_a3": "ARM", "name": "Republic of Armenia", "display_order": 0, "printable_name": "Armenia", "iso_3166_1_numeric": "051", "is_shipping_country": true}, "model": "address.country", "pk": "AM"}, {"fields": {"iso_3166_1_a3": "AGO", "name": "Republic of Angola", "display_order": 0, "printable_name": "Angola", "iso_3166_1_numeric": "024", "is_shipping_country": true}, "model": "address.country", "pk": "AO"}, {"fields": {"iso_3166_1_a3": "ATA", "name": "", "display_order": 0, "printable_name": "Antarctica", "iso_3166_1_numeric": "010", "is_shipping_country": true}, "model": "address.country", "pk": "AQ"}, {"fields": {"iso_3166_1_a3": "ARG", "name": "Argentine Republic", "display_order": 0, "printable_name": "Argentina", "iso_3166_1_numeric": "032", "is_shipping_country": true}, "model": "address.country", "pk": "AR"}, {"fields": {"iso_3166_1_a3": "ASM", "name": "", "display_order": 0, "printable_name": "American Samoa", "iso_3166_1_numeric": "016", "is_shipping_country": true}, "model": "address.country", "pk": "AS"}, {"fields": {"iso_3166_1_a3": "AUT", "name": "Republic of Austria", "display_order": 0, "printable_name": "Austria", "iso_3166_1_numeric": "040", "is_shipping_country": true}, "model": "address.country", "pk": "AT"}, {"fields": {"iso_3166_1_a3": "AUS", "name": "", "display_order": 0, "printable_name": "Australia", "iso_3166_1_numeric": "036", "is_shipping_country": true}, "model": "address.country", "pk": "AU"}, {"fields": {"iso_3166_1_a3": "ABW", "name": "", "display_order": 0, "printable_name": "Aruba", "iso_3166_1_numeric": "533", "is_shipping_country": true}, "model": "address.country", "pk": "AW"}, {"fields": {"iso_3166_1_a3": "ALA", "name": "", "display_order": 0, "printable_name": "\u00c5land Islands", "iso_3166_1_numeric": "248", "is_shipping_country": true}, "model": "address.country", "pk": "AX"}, {"fields": {"iso_3166_1_a3": "AZE", "name": "Republic of Azerbaijan", "display_order": 0, "printable_name": "Azerbaijan", "iso_3166_1_numeric": "031", "is_shipping_country": true}, "model": "address.country", "pk": "AZ"}, {"fields": {"iso_3166_1_a3": "BIH", "name": "Republic of Bosnia and Herzegovina", "display_order": 0, "printable_name": "Bosnia and Herzegovina", "iso_3166_1_numeric": "070", "is_shipping_country": true}, "model": "address.country", "pk": "BA"}, {"fields": {"iso_3166_1_a3": "BRB", "name": "", "display_order": 0, "printable_name": "Barbados", "iso_3166_1_numeric": "052", "is_shipping_country": true}, "model": "address.country", "pk": "BB"}, {"fields": {"iso_3166_1_a3": "BGD", "name": "People's Republic of Bangladesh", "display_order": 0, "printable_name": "Bangladesh", "iso_3166_1_numeric": "050", "is_shipping_country": true}, "model": "address.country", "pk": "BD"}, {"fields": {"iso_3166_1_a3": "BEL", "name": "Kingdom of Belgium", "display_order": 0, "printable_name": "Belgium", "iso_3166_1_numeric": "056", "is_shipping_country": true}, "model": "address.country", "pk": "BE"}, {"fields": {"iso_3166_1_a3": "BFA", "name": "", "display_order": 0, "printable_name": "Burkina Faso", "iso_3166_1_numeric": "854", "is_shipping_country": true}, "model": "address.country", "pk": "BF"}, {"fields": {"iso_3166_1_a3": "BGR", "name": "Republic of Bulgaria", "display_order": 0, "printable_name": "Bulgaria", "iso_3166_1_numeric": "100", "is_shipping_country": true}, "model": "address.country", "pk": "BG"}, {"fields": {"iso_3166_1_a3": "BHR", "name": "Kingdom of Bahrain", "display_order": 0, "printable_name": "Bahrain", "iso_3166_1_numeric": "048", "is_shipping_country": true}, "model": "address.country", "pk": "BH"}, {"fields": {"iso_3166_1_a3": "BDI", "name": "Republic of Burundi", "display_order": 0, "printable_name": "Burundi", "iso_3166_1_numeric": "108", "is_shipping_country": true}, "model": "address.country", "pk": "BI"}, {"fields": {"iso_3166_1_a3": "BEN", "name": "Republic of Benin", "display_order": 0, "printable_name": "Benin", "iso_3166_1_numeric": "204", "is_shipping_country": true}, "model": "address.country", "pk": "BJ"}, {"fields": {"iso_3166_1_a3": "BLM", "name": "", "display_order": 0, "printable_name": "Saint Barth\u00e9lemy", "iso_3166_1_numeric": "652", "is_shipping_country": true}, "model": "address.country", "pk": "BL"}, {"fields": {"iso_3166_1_a3": "BMU", "name": "", "display_order": 0, "printable_name": "Bermuda", "iso_3166_1_numeric": "060", "is_shipping_country": true}, "model": "address.country", "pk": "BM"}, {"fields": {"iso_3166_1_a3": "BRN", "name": "", "display_order": 0, "printable_name": "Brunei Darussalam", "iso_3166_1_numeric": "096", "is_shipping_country": true}, "model": "address.country", "pk": "BN"}, {"fields": {"iso_3166_1_a3": "BOL", "name": "Plurinational State of Bolivia", "display_order": 0, "printable_name": "Bolivia, Plurinational State of", "iso_3166_1_numeric": "068", "is_shipping_country": true}, "model": "address.country", "pk": "BO"}, {"fields": {"iso_3166_1_a3": "BES", "name": "Bonaire, Sint Eustatius and Saba", "display_order": 0, "printable_name": "Bonaire, Sint Eustatius and Saba", "iso_3166_1_numeric": "535", "is_shipping_country": true}, "model": "address.country", "pk": "BQ"}, {"fields": {"iso_3166_1_a3": "BRA", "name": "Federative Republic of Brazil", "display_order": 0, "printable_name": "Brazil", "iso_3166_1_numeric": "076", "is_shipping_country": true}, "model": "address.country", "pk": "BR"}, {"fields": {"iso_3166_1_a3": "BHS", "name": "Commonwealth of the Bahamas", "display_order": 0, "printable_name": "Bahamas", "iso_3166_1_numeric": "044", "is_shipping_country": true}, "model": "address.country", "pk": "BS"}, {"fields": {"iso_3166_1_a3": "BTN", "name": "Kingdom of Bhutan", "display_order": 0, "printable_name": "Bhutan", "iso_3166_1_numeric": "064", "is_shipping_country": true}, "model": "address.country", "pk": "BT"}, {"fields": {"iso_3166_1_a3": "BVT", "name": "", "display_order": 0, "printable_name": "Bouvet Island", "iso_3166_1_numeric": "074", "is_shipping_country": true}, "model": "address.country", "pk": "BV"}, {"fields": {"iso_3166_1_a3": "BWA", "name": "Republic of Botswana", "display_order": 0, "printable_name": "Botswana", "iso_3166_1_numeric": "072", "is_shipping_country": true}, "model": "address.country", "pk": "BW"}, {"fields": {"iso_3166_1_a3": "BLR", "name": "Republic of Belarus", "display_order": 0, "printable_name": "Belarus", "iso_3166_1_numeric": "112", "is_shipping_country": true}, "model": "address.country", "pk": "BY"}, {"fields": {"iso_3166_1_a3": "BLZ", "name": "", "display_order": 0, "printable_name": "Belize", "iso_3166_1_numeric": "084", "is_shipping_country": true}, "model": "address.country", "pk": "BZ"}, {"fields": {"iso_3166_1_a3": "CAN", "name": "", "display_order": 0, "printable_name": "Canada", "iso_3166_1_numeric": "124", "is_shipping_country": true}, "model": "address.country", "pk": "CA"}, {"fields": {"iso_3166_1_a3": "CCK", "name": "", "display_order": 0, "printable_name": "Cocos (Keeling) Islands", "iso_3166_1_numeric": "166", "is_shipping_country": true}, "model": "address.country", "pk": "CC"}, {"fields": {"iso_3166_1_a3": "COD", "name": "", "display_order": 0, "printable_name": "Congo, The Democratic Republic of the", "iso_3166_1_numeric": "180", "is_shipping_country": true}, "model": "address.country", "pk": "CD"}, {"fields": {"iso_3166_1_a3": "CAF", "name": "", "display_order": 0, "printable_name": "Central African Republic", "iso_3166_1_numeric": "140", "is_shipping_country": true}, "model": "address.country", "pk": "CF"}, {"fields": {"iso_3166_1_a3": "COG", "name": "Republic of the Congo", "display_order": 0, "printable_name": "Congo", "iso_3166_1_numeric": "178", "is_shipping_country": true}, "model": "address.country", "pk": "CG"}, {"fields": {"iso_3166_1_a3": "CHE", "name": "Swiss Confederation", "display_order": 0, "printable_name": "Switzerland", "iso_3166_1_numeric": "756", "is_shipping_country": true}, "model": "address.country", "pk": "CH"}, {"fields": {"iso_3166_1_a3": "CIV", "name": "Republic of C\u00f4te d'Ivoire", "display_order": 0, "printable_name": "C\u00f4te d'Ivoire", "iso_3166_1_numeric": "384", "is_shipping_country": true}, "model": "address.country", "pk": "CI"}, {"fields": {"iso_3166_1_a3": "COK", "name": "", "display_order": 0, "printable_name": "Cook Islands", "iso_3166_1_numeric": "184", "is_shipping_country": true}, "model": "address.country", "pk": "CK"}, {"fields": {"iso_3166_1_a3": "CHL", "name": "Republic of Chile", "display_order": 0, "printable_name": "Chile", "iso_3166_1_numeric": "152", "is_shipping_country": true}, "model": "address.country", "pk": "CL"}, {"fields": {"iso_3166_1_a3": "CMR", "name": "Republic of Cameroon", "display_order": 0, "printable_name": "Cameroon", "iso_3166_1_numeric": "120", "is_shipping_country": true}, "model": "address.country", "pk": "CM"}, {"fields": {"iso_3166_1_a3": "CHN", "name": "People's Republic of China", "display_order": 0, "printable_name": "China", "iso_3166_1_numeric": "156", "is_shipping_country": true}, "model": "address.country", "pk": "CN"}, {"fields": {"iso_3166_1_a3": "COL", "name": "Republic of Colombia", "display_order": 0, "printable_name": "Colombia", "iso_3166_1_numeric": "170", "is_shipping_country": true}, "model": "address.country", "pk": "CO"}, {"fields": {"iso_3166_1_a3": "CRI", "name": "Republic of Costa Rica", "display_order": 0, "printable_name": "Costa Rica", "iso_3166_1_numeric": "188", "is_shipping_country": true}, "model": "address.country", "pk": "CR"}, {"fields": {"iso_3166_1_a3": "CUB", "name": "Republic of Cuba", "display_order": 0, "printable_name": "Cuba", "iso_3166_1_numeric": "192", "is_shipping_country": true}, "model": "address.country", "pk": "CU"}, {"fields": {"iso_3166_1_a3": "CPV", "name": "Republic of Cape Verde", "display_order": 0, "printable_name": "Cape Verde", "iso_3166_1_numeric": "132", "is_shipping_country": true}, "model": "address.country", "pk": "CV"}, {"fields": {"iso_3166_1_a3": "CUW", "name": "Cura\u00e7ao", "display_order": 0, "printable_name": "Cura\u00e7ao", "iso_3166_1_numeric": "531", "is_shipping_country": true}, "model": "address.country", "pk": "CW"}, {"fields": {"iso_3166_1_a3": "CXR", "name": "", "display_order": 0, "printable_name": "Christmas Island", "iso_3166_1_numeric": "162", "is_shipping_country": true}, "model": "address.country", "pk": "CX"}, {"fields": {"iso_3166_1_a3": "CYP", "name": "Republic of Cyprus", "display_order": 0, "printable_name": "Cyprus", "iso_3166_1_numeric": "196", "is_shipping_country": true}, "model": "address.country", "pk": "CY"}, {"fields": {"iso_3166_1_a3": "CZE", "name": "", "display_order": 0, "printable_name": "Czech Republic", "iso_3166_1_numeric": "203", "is_shipping_country": true}, "model": "address.country", "pk": "CZ"}, {"fields": {"iso_3166_1_a3": "DEU", "name": "Federal Republic of Germany", "display_order": 0, "printable_name": "Germany", "iso_3166_1_numeric": "276", "is_shipping_country": true}, "model": "address.country", "pk": "DE"}, {"fields": {"iso_3166_1_a3": "DJI", "name": "Republic of Djibouti", "display_order": 0, "printable_name": "Djibouti", "iso_3166_1_numeric": "262", "is_shipping_country": true}, "model": "address.country", "pk": "DJ"}, {"fields": {"iso_3166_1_a3": "DNK", "name": "Kingdom of Denmark", "display_order": 0, "printable_name": "Denmark", "iso_3166_1_numeric": "208", "is_shipping_country": true}, "model": "address.country", "pk": "DK"}, {"fields": {"iso_3166_1_a3": "DMA", "name": "Commonwealth of Dominica", "display_order": 0, "printable_name": "Dominica", "iso_3166_1_numeric": "212", "is_shipping_country": true}, "model": "address.country", "pk": "DM"}, {"fields": {"iso_3166_1_a3": "DOM", "name": "", "display_order": 0, "printable_name": "Dominican Republic", "iso_3166_1_numeric": "214", "is_shipping_country": true}, "model": "address.country", "pk": "DO"}, {"fields": {"iso_3166_1_a3": "DZA", "name": "People's Democratic Republic of Algeria", "display_order": 0, "printable_name": "Algeria", "iso_3166_1_numeric": "012", "is_shipping_country": true}, "model": "address.country", "pk": "DZ"}, {"fields": {"iso_3166_1_a3": "ECU", "name": "Republic of Ecuador", "display_order": 0, "printable_name": "Ecuador", "iso_3166_1_numeric": "218", "is_shipping_country": true}, "model": "address.country", "pk": "EC"}, {"fields": {"iso_3166_1_a3": "EST", "name": "Republic of Estonia", "display_order": 0, "printable_name": "Estonia", "iso_3166_1_numeric": "233", "is_shipping_country": true}, "model": "address.country", "pk": "EE"}, {"fields": {"iso_3166_1_a3": "EGY", "name": "Arab Republic of Egypt", "display_order": 0, "printable_name": "Egypt", "iso_3166_1_numeric": "818", "is_shipping_country": true}, "model": "address.country", "pk": "EG"}, {"fields": {"iso_3166_1_a3": "ESH", "name": "", "display_order": 0, "printable_name": "Western Sahara", "iso_3166_1_numeric": "732", "is_shipping_country": true}, "model": "address.country", "pk": "EH"}, {"fields": {"iso_3166_1_a3": "ERI", "name": "the State of Eritrea", "display_order": 0, "printable_name": "Eritrea", "iso_3166_1_numeric": "232", "is_shipping_country": true}, "model": "address.country", "pk": "ER"}, {"fields": {"iso_3166_1_a3": "ESP", "name": "Kingdom of Spain", "display_order": 0, "printable_name": "Spain", "iso_3166_1_numeric": "724", "is_shipping_country": true}, "model": "address.country", "pk": "ES"}, {"fields": {"iso_3166_1_a3": "ETH", "name": "Federal Democratic Republic of Ethiopia", "display_order": 0, "printable_name": "Ethiopia", "iso_3166_1_numeric": "231", "is_shipping_country": true}, "model": "address.country", "pk": "ET"}, {"fields": {"iso_3166_1_a3": "FIN", "name": "Republic of Finland", "display_order": 0, "printable_name": "Finland", "iso_3166_1_numeric": "246", "is_shipping_country": true}, "model": "address.country", "pk": "FI"}, {"fields": {"iso_3166_1_a3": "FJI", "name": "Republic of Fiji", "display_order": 0, "printable_name": "Fiji", "iso_3166_1_numeric": "242", "is_shipping_country": true}, "model": "address.country", "pk": "FJ"}, {"fields": {"iso_3166_1_a3": "FLK", "name": "", "display_order": 0, "printable_name": "Falkland Islands (Malvinas)", "iso_3166_1_numeric": "238", "is_shipping_country": true}, "model": "address.country", "pk": "FK"}, {"fields": {"iso_3166_1_a3": "FSM", "name": "Federated States of Micronesia", "display_order": 0, "printable_name": "Micronesia, Federated States of", "iso_3166_1_numeric": "583", "is_shipping_country": true}, "model": "address.country", "pk": "FM"}, {"fields": {"iso_3166_1_a3": "FRO", "name": "", "display_order": 0, "printable_name": "Faroe Islands", "iso_3166_1_numeric": "234", "is_shipping_country": true}, "model": "address.country", "pk": "FO"}, {"fields": {"iso_3166_1_a3": "FRA", "name": "French Republic", "display_order": 0, "printable_name": "France", "iso_3166_1_numeric": "250", "is_shipping_country": true}, "model": "address.country", "pk": "FR"}, {"fields": {"iso_3166_1_a3": "GAB", "name": "Gabonese Republic", "display_order": 0, "printable_name": "Gabon", "iso_3166_1_numeric": "266", "is_shipping_country": true}, "model": "address.country", "pk": "GA"}, {"fields": {"iso_3166_1_a3": "GBR", "name": "United Kingdom of Great Britain and Northern Ireland", "display_order": 0, "printable_name": "United Kingdom", "iso_3166_1_numeric": "826", "is_shipping_country": true}, "model": "address.country", "pk": "GB"}, {"fields": {"iso_3166_1_a3": "GRD", "name": "", "display_order": 0, "printable_name": "Grenada", "iso_3166_1_numeric": "308", "is_shipping_country": true}, "model": "address.country", "pk": "GD"}, {"fields": {"iso_3166_1_a3": "GEO", "name": "", "display_order": 0, "printable_name": "Georgia", "iso_3166_1_numeric": "268", "is_shipping_country": true}, "model": "address.country", "pk": "GE"}, {"fields": {"iso_3166_1_a3": "GUF", "name": "", "display_order": 0, "printable_name": "French Guiana", "iso_3166_1_numeric": "254", "is_shipping_country": true}, "model": "address.country", "pk": "GF"}, {"fields": {"iso_3166_1_a3": "GGY", "name": "", "display_order": 0, "printable_name": "Guernsey", "iso_3166_1_numeric": "831", "is_shipping_country": true}, "model": "address.country", "pk": "GG"}, {"fields": {"iso_3166_1_a3": "GHA", "name": "Republic of Ghana", "display_order": 0, "printable_name": "Ghana", "iso_3166_1_numeric": "288", "is_shipping_country": true}, "model": "address.country", "pk": "GH"}, {"fields": {"iso_3166_1_a3": "GIB", "name": "", "display_order": 0, "printable_name": "Gibraltar", "iso_3166_1_numeric": "292", "is_shipping_country": true}, "model": "address.country", "pk": "GI"}, {"fields": {"iso_3166_1_a3": "GRL", "name": "", "display_order": 0, "printable_name": "Greenland", "iso_3166_1_numeric": "304", "is_shipping_country": true}, "model": "address.country", "pk": "GL"}, {"fields": {"iso_3166_1_a3": "GMB", "name": "Republic of the Gambia", "display_order": 0, "printable_name": "Gambia", "iso_3166_1_numeric": "270", "is_shipping_country": true}, "model": "address.country", "pk": "GM"}, {"fields": {"iso_3166_1_a3": "GIN", "name": "Republic of Guinea", "display_order": 0, "printable_name": "Guinea", "iso_3166_1_numeric": "324", "is_shipping_country": true}, "model": "address.country", "pk": "GN"}, {"fields": {"iso_3166_1_a3": "GLP", "name": "", "display_order": 0, "printable_name": "Guadeloupe", "iso_3166_1_numeric": "312", "is_shipping_country": true}, "model": "address.country", "pk": "GP"}, {"fields": {"iso_3166_1_a3": "GNQ", "name": "Republic of Equatorial Guinea", "display_order": 0, "printable_name": "Equatorial Guinea", "iso_3166_1_numeric": "226", "is_shipping_country": true}, "model": "address.country", "pk": "GQ"}, {"fields": {"iso_3166_1_a3": "GRC", "name": "Hellenic Republic", "display_order": 0, "printable_name": "Greece", "iso_3166_1_numeric": "300", "is_shipping_country": true}, "model": "address.country", "pk": "GR"}, {"fields": {"iso_3166_1_a3": "SGS", "name": "", "display_order": 0, "printable_name": "South Georgia and the South Sandwich Islands", "iso_3166_1_numeric": "239", "is_shipping_country": true}, "model": "address.country", "pk": "GS"}, {"fields": {"iso_3166_1_a3": "GTM", "name": "Republic of Guatemala", "display_order": 0, "printable_name": "Guatemala", "iso_3166_1_numeric": "320", "is_shipping_country": true}, "model": "address.country", "pk": "GT"}, {"fields": {"iso_3166_1_a3": "GUM", "name": "", "display_order": 0, "printable_name": "Guam", "iso_3166_1_numeric": "316", "is_shipping_country": true}, "model": "address.country", "pk": "GU"}, {"fields": {"iso_3166_1_a3": "GNB", "name": "Republic of Guinea-Bissau", "display_order": 0, "printable_name": "Guinea-Bissau", "iso_3166_1_numeric": "624", "is_shipping_country": true}, "model": "address.country", "pk": "GW"}, {"fields": {"iso_3166_1_a3": "GUY", "name": "Republic of Guyana", "display_order": 0, "printable_name": "Guyana", "iso_3166_1_numeric": "328", "is_shipping_country": true}, "model": "address.country", "pk": "GY"}, {"fields": {"iso_3166_1_a3": "HKG", "name": "Hong Kong Special Administrative Region of China", "display_order": 0, "printable_name": "Hong Kong", "iso_3166_1_numeric": "344", "is_shipping_country": true}, "model": "address.country", "pk": "HK"}, {"fields": {"iso_3166_1_a3": "HMD", "name": "", "display_order": 0, "printable_name": "Heard Island and McDonald Islands", "iso_3166_1_numeric": "334", "is_shipping_country": true}, "model": "address.country", "pk": "HM"}, {"fields": {"iso_3166_1_a3": "HND", "name": "Republic of Honduras", "display_order": 0, "printable_name": "Honduras", "iso_3166_1_numeric": "340", "is_shipping_country": true}, "model": "address.country", "pk": "HN"}, {"fields": {"iso_3166_1_a3": "HRV", "name": "Republic of Croatia", "display_order": 0, "printable_name": "Croatia", "iso_3166_1_numeric": "191", "is_shipping_country": true}, "model": "address.country", "pk": "HR"}, {"fields": {"iso_3166_1_a3": "HTI", "name": "Republic of Haiti", "display_order": 0, "printable_name": "Haiti", "iso_3166_1_numeric": "332", "is_shipping_country": true}, "model": "address.country", "pk": "HT"}, {"fields": {"iso_3166_1_a3": "HUN", "name": "Hungary", "display_order": 0, "printable_name": "Hungary", "iso_3166_1_numeric": "348", "is_shipping_country": true}, "model": "address.country", "pk": "HU"}, {"fields": {"iso_3166_1_a3": "IDN", "name": "Republic of Indonesia", "display_order": 0, "printable_name": "Indonesia", "iso_3166_1_numeric": "360", "is_shipping_country": true}, "model": "address.country", "pk": "ID"}, {"fields": {"iso_3166_1_a3": "IRL", "name": "", "display_order": 0, "printable_name": "Ireland", "iso_3166_1_numeric": "372", "is_shipping_country": true}, "model": "address.country", "pk": "IE"}, {"fields": {"iso_3166_1_a3": "ISR", "name": "State of Israel", "display_order": 0, "printable_name": "Israel", "iso_3166_1_numeric": "376", "is_shipping_country": true}, "model": "address.country", "pk": "IL"}, {"fields": {"iso_3166_1_a3": "IMN", "name": "", "display_order": 0, "printable_name": "Isle of Man", "iso_3166_1_numeric": "833", "is_shipping_country": true}, "model": "address.country", "pk": "IM"}, {"fields": {"iso_3166_1_a3": "IND", "name": "Republic of India", "display_order": 0, "printable_name": "India", "iso_3166_1_numeric": "356", "is_shipping_country": true}, "model": "address.country", "pk": "IN"}, {"fields": {"iso_3166_1_a3": "IOT", "name": "", "display_order": 0, "printable_name": "British Indian Ocean Territory", "iso_3166_1_numeric": "086", "is_shipping_country": true}, "model": "address.country", "pk": "IO"}, {"fields": {"iso_3166_1_a3": "IRQ", "name": "Republic of Iraq", "display_order": 0, "printable_name": "Iraq", "iso_3166_1_numeric": "368", "is_shipping_country": true}, "model": "address.country", "pk": "IQ"}, {"fields": {"iso_3166_1_a3": "IRN", "name": "Islamic Republic of Iran", "display_order": 0, "printable_name": "Iran, Islamic Republic of", "iso_3166_1_numeric": "364", "is_shipping_country": true}, "model": "address.country", "pk": "IR"}, {"fields": {"iso_3166_1_a3": "ISL", "name": "Republic of Iceland", "display_order": 0, "printable_name": "Iceland", "iso_3166_1_numeric": "352", "is_shipping_country": true}, "model": "address.country", "pk": "IS"}, {"fields": {"iso_3166_1_a3": "ITA", "name": "Italian Republic", "display_order": 0, "printable_name": "Italy", "iso_3166_1_numeric": "380", "is_shipping_country": true}, "model": "address.country", "pk": "IT"}, {"fields": {"iso_3166_1_a3": "JEY", "name": "", "display_order": 0, "printable_name": "Jersey", "iso_3166_1_numeric": "832", "is_shipping_country": true}, "model": "address.country", "pk": "JE"}, {"fields": {"iso_3166_1_a3": "JAM", "name": "", "display_order": 0, "printable_name": "Jamaica", "iso_3166_1_numeric": "388", "is_shipping_country": true}, "model": "address.country", "pk": "JM"}, {"fields": {"iso_3166_1_a3": "JOR", "name": "Hashemite Kingdom of Jordan", "display_order": 0, "printable_name": "Jordan", "iso_3166_1_numeric": "400", "is_shipping_country": true}, "model": "address.country", "pk": "JO"}, {"fields": {"iso_3166_1_a3": "JPN", "name": "", "display_order": 0, "printable_name": "Japan", "iso_3166_1_numeric": "392", "is_shipping_country": true}, "model": "address.country", "pk": "JP"}, {"fields": {"iso_3166_1_a3": "KEN", "name": "Republic of Kenya", "display_order": 0, "printable_name": "Kenya", "iso_3166_1_numeric": "404", "is_shipping_country": true}, "model": "address.country", "pk": "KE"}, {"fields": {"iso_3166_1_a3": "KGZ", "name": "Kyrgyz Republic", "display_order": 0, "printable_name": "Kyrgyzstan", "iso_3166_1_numeric": "417", "is_shipping_country": true}, "model": "address.country", "pk": "KG"}, {"fields": {"iso_3166_1_a3": "KHM", "name": "Kingdom of Cambodia", "display_order": 0, "printable_name": "Cambodia", "iso_3166_1_numeric": "116", "is_shipping_country": true}, "model": "address.country", "pk": "KH"}, {"fields": {"iso_3166_1_a3": "KIR", "name": "Republic of Kiribati", "display_order": 0, "printable_name": "Kiribati", "iso_3166_1_numeric": "296", "is_shipping_country": true}, "model": "address.country", "pk": "KI"}, {"fields": {"iso_3166_1_a3": "COM", "name": "Union of the Comoros", "display_order": 0, "printable_name": "Comoros", "iso_3166_1_numeric": "174", "is_shipping_country": true}, "model": "address.country", "pk": "KM"}, {"fields": {"iso_3166_1_a3": "KNA", "name": "", "display_order": 0, "printable_name": "Saint Kitts and Nevis", "iso_3166_1_numeric": "659", "is_shipping_country": true}, "model": "address.country", "pk": "KN"}, {"fields": {"iso_3166_1_a3": "PRK", "name": "Democratic People's Republic of Korea", "display_order": 0, "printable_name": "Korea, Democratic People's Republic of", "iso_3166_1_numeric": "408", "is_shipping_country": true}, "model": "address.country", "pk": "KP"}, {"fields": {"iso_3166_1_a3": "KOR", "name": "", "display_order": 0, "printable_name": "Korea, Republic of", "iso_3166_1_numeric": "410", "is_shipping_country": true}, "model": "address.country", "pk": "KR"}, {"fields": {"iso_3166_1_a3": "KWT", "name": "State of Kuwait", "display_order": 0, "printable_name": "Kuwait", "iso_3166_1_numeric": "414", "is_shipping_country": true}, "model": "address.country", "pk": "KW"}, {"fields": {"iso_3166_1_a3": "CYM", "name": "", "display_order": 0, "printable_name": "Cayman Islands", "iso_3166_1_numeric": "136", "is_shipping_country": true}, "model": "address.country", "pk": "KY"}, {"fields": {"iso_3166_1_a3": "KAZ", "name": "Republic of Kazakhstan", "display_order": 0, "printable_name": "Kazakhstan", "iso_3166_1_numeric": "398", "is_shipping_country": true}, "model": "address.country", "pk": "KZ"}, {"fields": {"iso_3166_1_a3": "LAO", "name": "", "display_order": 0, "printable_name": "Lao People's Democratic Republic", "iso_3166_1_numeric": "418", "is_shipping_country": true}, "model": "address.country", "pk": "LA"}, {"fields": {"iso_3166_1_a3": "LBN", "name": "Lebanese Republic", "display_order": 0, "printable_name": "Lebanon", "iso_3166_1_numeric": "422", "is_shipping_country": true}, "model": "address.country", "pk": "LB"}, {"fields": {"iso_3166_1_a3": "LCA", "name": "", "display_order": 0, "printable_name": "Saint Lucia", "iso_3166_1_numeric": "662", "is_shipping_country": true}, "model": "address.country", "pk": "LC"}, {"fields": {"iso_3166_1_a3": "LIE", "name": "Principality of Liechtenstein", "display_order": 0, "printable_name": "Liechtenstein", "iso_3166_1_numeric": "438", "is_shipping_country": true}, "model": "address.country", "pk": "LI"}, {"fields": {"iso_3166_1_a3": "LKA", "name": "Democratic Socialist Republic of Sri Lanka", "display_order": 0, "printable_name": "Sri Lanka", "iso_3166_1_numeric": "144", "is_shipping_country": true}, "model": "address.country", "pk": "LK"}, {"fields": {"iso_3166_1_a3": "LBR", "name": "Republic of Liberia", "display_order": 0, "printable_name": "Liberia", "iso_3166_1_numeric": "430", "is_shipping_country": true}, "model": "address.country", "pk": "LR"}, {"fields": {"iso_3166_1_a3": "LSO", "name": "Kingdom of Lesotho", "display_order": 0, "printable_name": "Lesotho", "iso_3166_1_numeric": "426", "is_shipping_country": true}, "model": "address.country", "pk": "LS"}, {"fields": {"iso_3166_1_a3": "LTU", "name": "Republic of Lithuania", "display_order": 0, "printable_name": "Lithuania", "iso_3166_1_numeric": "440", "is_shipping_country": true}, "model": "address.country", "pk": "LT"}, {"fields": {"iso_3166_1_a3": "LUX", "name": "Grand Duchy of Luxembourg", "display_order": 0, "printable_name": "Luxembourg", "iso_3166_1_numeric": "442", "is_shipping_country": true}, "model": "address.country", "pk": "LU"}, {"fields": {"iso_3166_1_a3": "LVA", "name": "Republic of Latvia", "display_order": 0, "printable_name": "Latvia", "iso_3166_1_numeric": "428", "is_shipping_country": true}, "model": "address.country", "pk": "LV"}, {"fields": {"iso_3166_1_a3": "LBY", "name": "Libya", "display_order": 0, "printable_name": "Libya", "iso_3166_1_numeric": "434", "is_shipping_country": true}, "model": "address.country", "pk": "LY"}, {"fields": {"iso_3166_1_a3": "MAR", "name": "Kingdom of Morocco", "display_order": 0, "printable_name": "Morocco", "iso_3166_1_numeric": "504", "is_shipping_country": true}, "model": "address.country", "pk": "MA"}, {"fields": {"iso_3166_1_a3": "MCO", "name": "Principality of Monaco", "display_order": 0, "printable_name": "Monaco", "iso_3166_1_numeric": "492", "is_shipping_country": true}, "model": "address.country", "pk": "MC"}, {"fields": {"iso_3166_1_a3": "MDA", "name": "Republic of Moldova", "display_order": 0, "printable_name": "Moldova, Republic of", "iso_3166_1_numeric": "498", "is_shipping_country": true}, "model": "address.country", "pk": "MD"}, {"fields": {"iso_3166_1_a3": "MNE", "name": "Montenegro", "display_order": 0, "printable_name": "Montenegro", "iso_3166_1_numeric": "499", "is_shipping_country": true}, "model": "address.country", "pk": "ME"}, {"fields": {"iso_3166_1_a3": "MAF", "name": "", "display_order": 0, "printable_name": "Saint Martin (French part)", "iso_3166_1_numeric": "663", "is_shipping_country": true}, "model": "address.country", "pk": "MF"}, {"fields": {"iso_3166_1_a3": "MDG", "name": "Republic of Madagascar", "display_order": 0, "printable_name": "Madagascar", "iso_3166_1_numeric": "450", "is_shipping_country": true}, "model": "address.country", "pk": "MG"}, {"fields": {"iso_3166_1_a3": "MHL", "name": "Republic of the Marshall Islands", "display_order": 0, "printable_name": "Marshall Islands", "iso_3166_1_numeric": "584", "is_shipping_country": true}, "model": "address.country", "pk": "MH"}, {"fields": {"iso_3166_1_a3": "MKD", "name": "The Former Yugoslav Republic of Macedonia", "display_order": 0, "printable_name": "Macedonia, Republic of", "iso_3166_1_numeric": "807", "is_shipping_country": true}, "model": "address.country", "pk": "MK"}, {"fields": {"iso_3166_1_a3": "MLI", "name": "Republic of Mali", "display_order": 0, "printable_name": "Mali", "iso_3166_1_numeric": "466", "is_shipping_country": true}, "model": "address.country", "pk": "ML"}, {"fields": {"iso_3166_1_a3": "MMR", "name": "Republic of Myanmar", "display_order": 0, "printable_name": "Myanmar", "iso_3166_1_numeric": "104", "is_shipping_country": true}, "model": "address.country", "pk": "MM"}, {"fields": {"iso_3166_1_a3": "MNG", "name": "", "display_order": 0, "printable_name": "Mongolia", "iso_3166_1_numeric": "496", "is_shipping_country": true}, "model": "address.country", "pk": "MN"}, {"fields": {"iso_3166_1_a3": "MAC", "name": "Macao Special Administrative Region of China", "display_order": 0, "printable_name": "Macao", "iso_3166_1_numeric": "446", "is_shipping_country": true}, "model": "address.country", "pk": "MO"}, {"fields": {"iso_3166_1_a3": "MNP", "name": "Commonwealth of the Northern Mariana Islands", "display_order": 0, "printable_name": "Northern Mariana Islands", "iso_3166_1_numeric": "580", "is_shipping_country": true}, "model": "address.country", "pk": "MP"}, {"fields": {"iso_3166_1_a3": "MTQ", "name": "", "display_order": 0, "printable_name": "Martinique", "iso_3166_1_numeric": "474", "is_shipping_country": true}, "model": "address.country", "pk": "MQ"}, {"fields": {"iso_3166_1_a3": "MRT", "name": "Islamic Republic of Mauritania", "display_order": 0, "printable_name": "Mauritania", "iso_3166_1_numeric": "478", "is_shipping_country": true}, "model": "address.country", "pk": "MR"}, {"fields": {"iso_3166_1_a3": "MSR", "name": "", "display_order": 0, "printable_name": "Montserrat", "iso_3166_1_numeric": "500", "is_shipping_country": true}, "model": "address.country", "pk": "MS"}, {"fields": {"iso_3166_1_a3": "MLT", "name": "Republic of Malta", "display_order": 0, "printable_name": "Malta", "iso_3166_1_numeric": "470", "is_shipping_country": true}, "model": "address.country", "pk": "MT"}, {"fields": {"iso_3166_1_a3": "MUS", "name": "Republic of Mauritius", "display_order": 0, "printable_name": "Mauritius", "iso_3166_1_numeric": "480", "is_shipping_country": true}, "model": "address.country", "pk": "MU"}, {"fields": {"iso_3166_1_a3": "MDV", "name": "Republic of Maldives", "display_order": 0, "printable_name": "Maldives", "iso_3166_1_numeric": "462", "is_shipping_country": true}, "model": "address.country", "pk": "MV"}, {"fields": {"iso_3166_1_a3": "MWI", "name": "Republic of Malawi", "display_order": 0, "printable_name": "Malawi", "iso_3166_1_numeric": "454", "is_shipping_country": true}, "model": "address.country", "pk": "MW"}, {"fields": {"iso_3166_1_a3": "MEX", "name": "United Mexican States", "display_order": 0, "printable_name": "Mexico", "iso_3166_1_numeric": "484", "is_shipping_country": true}, "model": "address.country", "pk": "MX"}, {"fields": {"iso_3166_1_a3": "MYS", "name": "", "display_order": 0, "printable_name": "Malaysia", "iso_3166_1_numeric": "458", "is_shipping_country": true}, "model": "address.country", "pk": "MY"}, {"fields": {"iso_3166_1_a3": "MOZ", "name": "Republic of Mozambique", "display_order": 0, "printable_name": "Mozambique", "iso_3166_1_numeric": "508", "is_shipping_country": true}, "model": "address.country", "pk": "MZ"}, {"fields": {"iso_3166_1_a3": "NAM", "name": "Republic of Namibia", "display_order": 0, "printable_name": "Namibia", "iso_3166_1_numeric": "516", "is_shipping_country": true}, "model": "address.country", "pk": "NA"}, {"fields": {"iso_3166_1_a3": "NCL", "name": "", "display_order": 0, "printable_name": "New Caledonia", "iso_3166_1_numeric": "540", "is_shipping_country": true}, "model": "address.country", "pk": "NC"}, {"fields": {"iso_3166_1_a3": "NER", "name": "Republic of the Niger", "display_order": 0, "printable_name": "Niger", "iso_3166_1_numeric": "562", "is_shipping_country": true}, "model": "address.country", "pk": "NE"}, {"fields": {"iso_3166_1_a3": "NFK", "name": "", "display_order": 0, "printable_name": "Norfolk Island", "iso_3166_1_numeric": "574", "is_shipping_country": true}, "model": "address.country", "pk": "NF"}, {"fields": {"iso_3166_1_a3": "NGA", "name": "Federal Republic of Nigeria", "display_order": 0, "printable_name": "Nigeria", "iso_3166_1_numeric": "566", "is_shipping_country": true}, "model": "address.country", "pk": "NG"}, {"fields": {"iso_3166_1_a3": "NIC", "name": "Republic of Nicaragua", "display_order": 0, "printable_name": "Nicaragua", "iso_3166_1_numeric": "558", "is_shipping_country": true}, "model": "address.country", "pk": "NI"}, {"fields": {"iso_3166_1_a3": "NLD", "name": "Kingdom of the Netherlands", "display_order": 0, "printable_name": "Netherlands", "iso_3166_1_numeric": "528", "is_shipping_country": true}, "model": "address.country", "pk": "NL"}, {"fields": {"iso_3166_1_a3": "NOR", "name": "Kingdom of Norway", "display_order": 0, "printable_name": "Norway", "iso_3166_1_numeric": "578", "is_shipping_country": true}, "model": "address.country", "pk": "NO"}, {"fields": {"iso_3166_1_a3": "NPL", "name": "Federal Democratic Republic of Nepal", "display_order": 0, "printable_name": "Nepal", "iso_3166_1_numeric": "524", "is_shipping_country": true}, "model": "address.country", "pk": "NP"}, {"fields": {"iso_3166_1_a3": "NRU", "name": "Republic of Nauru", "display_order": 0, "printable_name": "Nauru", "iso_3166_1_numeric": "520", "is_shipping_country": true}, "model": "address.country", "pk": "NR"}, {"fields": {"iso_3166_1_a3": "NIU", "name": "Niue", "display_order": 0, "printable_name": "Niue", "iso_3166_1_numeric": "570", "is_shipping_country": true}, "model": "address.country", "pk": "NU"}, {"fields": {"iso_3166_1_a3": "NZL", "name": "", "display_order": 0, "printable_name": "New Zealand", "iso_3166_1_numeric": "554", "is_shipping_country": true}, "model": "address.country", "pk": "NZ"}, {"fields": {"iso_3166_1_a3": "OMN", "name": "Sultanate of Oman", "display_order": 0, "printable_name": "Oman", "iso_3166_1_numeric": "512", "is_shipping_country": true}, "model": "address.country", "pk": "OM"}, {"fields": {"iso_3166_1_a3": "PAN", "name": "Republic of Panama", "display_order": 0, "printable_name": "Panama", "iso_3166_1_numeric": "591", "is_shipping_country": true}, "model": "address.country", "pk": "PA"}, {"fields": {"iso_3166_1_a3": "PER", "name": "Republic of Peru", "display_order": 0, "printable_name": "Peru", "iso_3166_1_numeric": "604", "is_shipping_country": true}, "model": "address.country", "pk": "PE"}, {"fields": {"iso_3166_1_a3": "PYF", "name": "", "display_order": 0, "printable_name": "French Polynesia", "iso_3166_1_numeric": "258", "is_shipping_country": true}, "model": "address.country", "pk": "PF"}, {"fields": {"iso_3166_1_a3": "PNG", "name": "Independent State of Papua New Guinea", "display_order": 0, "printable_name": "Papua New Guinea", "iso_3166_1_numeric": "598", "is_shipping_country": true}, "model": "address.country", "pk": "PG"}, {"fields": {"iso_3166_1_a3": "PHL", "name": "Republic of the Philippines", "display_order": 0, "printable_name": "Philippines", "iso_3166_1_numeric": "608", "is_shipping_country": true}, "model": "address.country", "pk": "PH"}, {"fields": {"iso_3166_1_a3": "PAK", "name": "Islamic Republic of Pakistan", "display_order": 0, "printable_name": "Pakistan", "iso_3166_1_numeric": "586", "is_shipping_country": true}, "model": "address.country", "pk": "PK"}, {"fields": {"iso_3166_1_a3": "POL", "name": "Republic of Poland", "display_order": 0, "printable_name": "Poland", "iso_3166_1_numeric": "616", "is_shipping_country": true}, "model": "address.country", "pk": "PL"}, {"fields": {"iso_3166_1_a3": "SPM", "name": "", "display_order": 0, "printable_name": "Saint Pierre and Miquelon", "iso_3166_1_numeric": "666", "is_shipping_country": true}, "model": "address.country", "pk": "PM"}, {"fields": {"iso_3166_1_a3": "PCN", "name": "", "display_order": 0, "printable_name": "Pitcairn", "iso_3166_1_numeric": "612", "is_shipping_country": true}, "model": "address.country", "pk": "PN"}, {"fields": {"iso_3166_1_a3": "PRI", "name": "", "display_order": 0, "printable_name": "Puerto Rico", "iso_3166_1_numeric": "630", "is_shipping_country": true}, "model": "address.country", "pk": "PR"}, {"fields": {"iso_3166_1_a3": "PSE", "name": "the State of Palestine", "display_order": 0, "printable_name": "Palestine, State of", "iso_3166_1_numeric": "275", "is_shipping_country": true}, "model": "address.country", "pk": "PS"}, {"fields": {"iso_3166_1_a3": "PRT", "name": "Portuguese Republic", "display_order": 0, "printable_name": "Portugal", "iso_3166_1_numeric": "620", "is_shipping_country": true}, "model": "address.country", "pk": "PT"}, {"fields": {"iso_3166_1_a3": "PLW", "name": "Republic of Palau", "display_order": 0, "printable_name": "Palau", "iso_3166_1_numeric": "585", "is_shipping_country": true}, "model": "address.country", "pk": "PW"}, {"fields": {"iso_3166_1_a3": "PRY", "name": "Republic of Paraguay", "display_order": 0, "printable_name": "Paraguay", "iso_3166_1_numeric": "600", "is_shipping_country": true}, "model": "address.country", "pk": "PY"}, {"fields": {"iso_3166_1_a3": "QAT", "name": "State of Qatar", "display_order": 0, "printable_name": "Qatar", "iso_3166_1_numeric": "634", "is_shipping_country": true}, "model": "address.country", "pk": "QA"}, {"fields": {"iso_3166_1_a3": "REU", "name": "", "display_order": 0, "printable_name": "R\u00e9union", "iso_3166_1_numeric": "638", "is_shipping_country": true}, "model": "address.country", "pk": "RE"}, {"fields": {"iso_3166_1_a3": "ROU", "name": "", "display_order": 0, "printable_name": "Romania", "iso_3166_1_numeric": "642", "is_shipping_country": true}, "model": "address.country", "pk": "RO"}, {"fields": {"iso_3166_1_a3": "SRB", "name": "Republic of Serbia", "display_order": 0, "printable_name": "Serbia", "iso_3166_1_numeric": "688", "is_shipping_country": true}, "model": "address.country", "pk": "RS"}, {"fields": {"iso_3166_1_a3": "RUS", "name": "", "display_order": 0, "printable_name": "Russian Federation", "iso_3166_1_numeric": "643", "is_shipping_country": true}, "model": "address.country", "pk": "RU"}, {"fields": {"iso_3166_1_a3": "RWA", "name": "Rwandese Republic", "display_order": 0, "printable_name": "Rwanda", "iso_3166_1_numeric": "646", "is_shipping_country": true}, "model": "address.country", "pk": "RW"}, {"fields": {"iso_3166_1_a3": "SAU", "name": "Kingdom of Saudi Arabia", "display_order": 0, "printable_name": "Saudi Arabia", "iso_3166_1_numeric": "682", "is_shipping_country": true}, "model": "address.country", "pk": "SA"}, {"fields": {"iso_3166_1_a3": "SLB", "name": "", "display_order": 0, "printable_name": "Solomon Islands", "iso_3166_1_numeric": "090", "is_shipping_country": true}, "model": "address.country", "pk": "SB"}, {"fields": {"iso_3166_1_a3": "SYC", "name": "Republic of Seychelles", "display_order": 0, "printable_name": "Seychelles", "iso_3166_1_numeric": "690", "is_shipping_country": true}, "model": "address.country", "pk": "SC"}, {"fields": {"iso_3166_1_a3": "SDN", "name": "Republic of the Sudan", "display_order": 0, "printable_name": "Sudan", "iso_3166_1_numeric": "729", "is_shipping_country": true}, "model": "address.country", "pk": "SD"}, {"fields": {"iso_3166_1_a3": "SWE", "name": "Kingdom of Sweden", "display_order": 0, "printable_name": "Sweden", "iso_3166_1_numeric": "752", "is_shipping_country": true}, "model": "address.country", "pk": "SE"}, {"fields": {"iso_3166_1_a3": "SGP", "name": "Republic of Singapore", "display_order": 0, "printable_name": "Singapore", "iso_3166_1_numeric": "702", "is_shipping_country": true}, "model": "address.country", "pk": "SG"}, {"fields": {"iso_3166_1_a3": "SHN", "name": "", "display_order": 0, "printable_name": "Saint Helena, Ascension and Tristan da Cunha", "iso_3166_1_numeric": "654", "is_shipping_country": true}, "model": "address.country", "pk": "SH"}, {"fields": {"iso_3166_1_a3": "SVN", "name": "Republic of Slovenia", "display_order": 0, "printable_name": "Slovenia", "iso_3166_1_numeric": "705", "is_shipping_country": true}, "model": "address.country", "pk": "SI"}, {"fields": {"iso_3166_1_a3": "SJM", "name": "", "display_order": 0, "printable_name": "Svalbard and Jan Mayen", "iso_3166_1_numeric": "744", "is_shipping_country": true}, "model": "address.country", "pk": "SJ"}, {"fields": {"iso_3166_1_a3": "SVK", "name": "Slovak Republic", "display_order": 0, "printable_name": "Slovakia", "iso_3166_1_numeric": "703", "is_shipping_country": true}, "model": "address.country", "pk": "SK"}, {"fields": {"iso_3166_1_a3": "SLE", "name": "Republic of Sierra Leone", "display_order": 0, "printable_name": "Sierra Leone", "iso_3166_1_numeric": "694", "is_shipping_country": true}, "model": "address.country", "pk": "SL"}, {"fields": {"iso_3166_1_a3": "SMR", "name": "Republic of San Marino", "display_order": 0, "printable_name": "San Marino", "iso_3166_1_numeric": "674", "is_shipping_country": true}, "model": "address.country", "pk": "SM"}, {"fields": {"iso_3166_1_a3": "SEN", "name": "Republic of Senegal", "display_order": 0, "printable_name": "Senegal", "iso_3166_1_numeric": "686", "is_shipping_country": true}, "model": "address.country", "pk": "SN"}, {"fields": {"iso_3166_1_a3": "SOM", "name": "Federal Republic of Somalia", "display_order": 0, "printable_name": "Somalia", "iso_3166_1_numeric": "706", "is_shipping_country": true}, "model": "address.country", "pk": "SO"}, {"fields": {"iso_3166_1_a3": "SUR", "name": "Republic of Suriname", "display_order": 0, "printable_name": "Suriname", "iso_3166_1_numeric": "740", "is_shipping_country": true}, "model": "address.country", "pk": "SR"}, {"fields": {"iso_3166_1_a3": "SSD", "name": "Republic of South Sudan", "display_order": 0, "printable_name": "South Sudan", "iso_3166_1_numeric": "728", "is_shipping_country": true}, "model": "address.country", "pk": "SS"}, {"fields": {"iso_3166_1_a3": "STP", "name": "Democratic Republic of Sao Tome and Principe", "display_order": 0, "printable_name": "Sao Tome and Principe", "iso_3166_1_numeric": "678", "is_shipping_country": true}, "model": "address.country", "pk": "ST"}, {"fields": {"iso_3166_1_a3": "SLV", "name": "Republic of El Salvador", "display_order": 0, "printable_name": "El Salvador", "iso_3166_1_numeric": "222", "is_shipping_country": true}, "model": "address.country", "pk": "SV"}, {"fields": {"iso_3166_1_a3": "SXM", "name": "Sint Maarten (Dutch part)", "display_order": 0, "printable_name": "Sint Maarten (Dutch part)", "iso_3166_1_numeric": "534", "is_shipping_country": true}, "model": "address.country", "pk": "SX"}, {"fields": {"iso_3166_1_a3": "SYR", "name": "", "display_order": 0, "printable_name": "Syrian Arab Republic", "iso_3166_1_numeric": "760", "is_shipping_country": true}, "model": "address.country", "pk": "SY"}, {"fields": {"iso_3166_1_a3": "SWZ", "name": "Kingdom of Swaziland", "display_order": 0, "printable_name": "Swaziland", "iso_3166_1_numeric": "748", "is_shipping_country": true}, "model": "address.country", "pk": "SZ"}, {"fields": {"iso_3166_1_a3": "TCA", "name": "", "display_order": 0, "printable_name": "Turks and Caicos Islands", "iso_3166_1_numeric": "796", "is_shipping_country": true}, "model": "address.country", "pk": "TC"}, {"fields": {"iso_3166_1_a3": "TCD", "name": "Republic of Chad", "display_order": 0, "printable_name": "Chad", "iso_3166_1_numeric": "148", "is_shipping_country": true}, "model": "address.country", "pk": "TD"}, {"fields": {"iso_3166_1_a3": "ATF", "name": "", "display_order": 0, "printable_name": "French Southern Territories", "iso_3166_1_numeric": "260", "is_shipping_country": true}, "model": "address.country", "pk": "TF"}, {"fields": {"iso_3166_1_a3": "TGO", "name": "Togolese Republic", "display_order": 0, "printable_name": "Togo", "iso_3166_1_numeric": "768", "is_shipping_country": true}, "model": "address.country", "pk": "TG"}, {"fields": {"iso_3166_1_a3": "THA", "name": "Kingdom of Thailand", "display_order": 0, "printable_name": "Thailand", "iso_3166_1_numeric": "764", "is_shipping_country": true}, "model": "address.country", "pk": "TH"}, {"fields": {"iso_3166_1_a3": "TJK", "name": "Republic of Tajikistan", "display_order": 0, "printable_name": "Tajikistan", "iso_3166_1_numeric": "762", "is_shipping_country": true}, "model": "address.country", "pk": "TJ"}, {"fields": {"iso_3166_1_a3": "TKL", "name": "", "display_order": 0, "printable_name": "Tokelau", "iso_3166_1_numeric": "772", "is_shipping_country": true}, "model": "address.country", "pk": "TK"}, {"fields": {"iso_3166_1_a3": "TLS", "name": "Democratic Republic of Timor-Leste", "display_order": 0, "printable_name": "Timor-Leste", "iso_3166_1_numeric": "626", "is_shipping_country": true}, "model": "address.country", "pk": "TL"}, {"fields": {"iso_3166_1_a3": "TKM", "name": "", "display_order": 0, "printable_name": "Turkmenistan", "iso_3166_1_numeric": "795", "is_shipping_country": true}, "model": "address.country", "pk": "TM"}, {"fields": {"iso_3166_1_a3": "TUN", "name": "Republic of Tunisia", "display_order": 0, "printable_name": "Tunisia", "iso_3166_1_numeric": "788", "is_shipping_country": true}, "model": "address.country", "pk": "TN"}, {"fields": {"iso_3166_1_a3": "TON", "name": "Kingdom of Tonga", "display_order": 0, "printable_name": "Tonga", "iso_3166_1_numeric": "776", "is_shipping_country": true}, "model": "address.country", "pk": "TO"}, {"fields": {"iso_3166_1_a3": "TUR", "name": "Republic of Turkey", "display_order": 0, "printable_name": "Turkey", "iso_3166_1_numeric": "792", "is_shipping_country": true}, "model": "address.country", "pk": "TR"}, {"fields": {"iso_3166_1_a3": "TTO", "name": "Republic of Trinidad and Tobago", "display_order": 0, "printable_name": "Trinidad and Tobago", "iso_3166_1_numeric": "780", "is_shipping_country": true}, "model": "address.country", "pk": "TT"}, {"fields": {"iso_3166_1_a3": "TUV", "name": "", "display_order": 0, "printable_name": "Tuvalu", "iso_3166_1_numeric": "798", "is_shipping_country": true}, "model": "address.country", "pk": "TV"}, {"fields": {"iso_3166_1_a3": "TWN", "name": "Taiwan, Province of China", "display_order": 0, "printable_name": "Taiwan, Province of China", "iso_3166_1_numeric": "158", "is_shipping_country": true}, "model": "address.country", "pk": "TW"}, {"fields": {"iso_3166_1_a3": "TZA", "name": "United Republic of Tanzania", "display_order": 0, "printable_name": "Tanzania, United Republic of", "iso_3166_1_numeric": "834", "is_shipping_country": true}, "model": "address.country", "pk": "TZ"}, {"fields": {"iso_3166_1_a3": "UKR", "name": "\u0423\u043a\u0440\u0430\u0438\u043d\u0430", "display_order": 1000, "printable_name": "Ukraine", "iso_3166_1_numeric": "804", "is_shipping_country": true}, "model": "address.country", "pk": "UA"}, {"fields": {"iso_3166_1_a3": "UGA", "name": "Republic of Uganda", "display_order": 0, "printable_name": "Uganda", "iso_3166_1_numeric": "800", "is_shipping_country": true}, "model": "address.country", "pk": "UG"}, {"fields": {"iso_3166_1_a3": "UMI", "name": "", "display_order": 0, "printable_name": "United States Minor Outlying Islands", "iso_3166_1_numeric": "581", "is_shipping_country": true}, "model": "address.country", "pk": "UM"}, {"fields": {"iso_3166_1_a3": "USA", "name": "United States of America", "display_order": 0, "printable_name": "United States", "iso_3166_1_numeric": "840", "is_shipping_country": true}, "model": "address.country", "pk": "US"}, {"fields": {"iso_3166_1_a3": "URY", "name": "Eastern Republic of Uruguay", "display_order": 0, "printable_name": "Uruguay", "iso_3166_1_numeric": "858", "is_shipping_country": true}, "model": "address.country", "pk": "UY"}, {"fields": {"iso_3166_1_a3": "UZB", "name": "Republic of Uzbekistan", "display_order": 0, "printable_name": "Uzbekistan", "iso_3166_1_numeric": "860", "is_shipping_country": true}, "model": "address.country", "pk": "UZ"}, {"fields": {"iso_3166_1_a3": "VAT", "name": "", "display_order": 0, "printable_name": "Holy See (Vatican City State)", "iso_3166_1_numeric": "336", "is_shipping_country": true}, "model": "address.country", "pk": "VA"}, {"fields": {"iso_3166_1_a3": "VCT", "name": "", "display_order": 0, "printable_name": "Saint Vincent and the Grenadines", "iso_3166_1_numeric": "670", "is_shipping_country": true}, "model": "address.country", "pk": "VC"}, {"fields": {"iso_3166_1_a3": "VEN", "name": "Bolivarian Republic of Venezuela", "display_order": 0, "printable_name": "Venezuela, Bolivarian Republic of", "iso_3166_1_numeric": "862", "is_shipping_country": true}, "model": "address.country", "pk": "VE"}, {"fields": {"iso_3166_1_a3": "VGB", "name": "British Virgin Islands", "display_order": 0, "printable_name": "Virgin Islands, British", "iso_3166_1_numeric": "092", "is_shipping_country": true}, "model": "address.country", "pk": "VG"}, {"fields": {"iso_3166_1_a3": "VIR", "name": "Virgin Islands of the United States", "display_order": 0, "printable_name": "Virgin Islands, U.S.", "iso_3166_1_numeric": "850", "is_shipping_country": true}, "model": "address.country", "pk": "VI"}, {"fields": {"iso_3166_1_a3": "VNM", "name": "Socialist Republic of Viet Nam", "display_order": 0, "printable_name": "Viet Nam", "iso_3166_1_numeric": "704", "is_shipping_country": true}, "model": "address.country", "pk": "VN"}, {"fields": {"iso_3166_1_a3": "VUT", "name": "Republic of Vanuatu", "display_order": 0, "printable_name": "Vanuatu", "iso_3166_1_numeric": "548", "is_shipping_country": true}, "model": "address.country", "pk": "VU"}, {"fields": {"iso_3166_1_a3": "WLF", "name": "", "display_order": 0, "printable_name": "Wallis and Futuna", "iso_3166_1_numeric": "876", "is_shipping_country": true}, "model": "address.country", "pk": "WF"}, {"fields": {"iso_3166_1_a3": "WSM", "name": "Independent State of Samoa", "display_order": 0, "printable_name": "Samoa", "iso_3166_1_numeric": "882", "is_shipping_country": true}, "model": "address.country", "pk": "WS"}, {"fields": {"iso_3166_1_a3": "YEM", "name": "Republic of Yemen", "display_order": 0, "printable_name": "Yemen", "iso_3166_1_numeric": "887", "is_shipping_country": true}, "model": "address.country", "pk": "YE"}, {"fields": {"iso_3166_1_a3": "MYT", "name": "", "display_order": 0, "printable_name": "Mayotte", "iso_3166_1_numeric": "175", "is_shipping_country": true}, "model": "address.country", "pk": "YT"}, {"fields": {"iso_3166_1_a3": "ZAF", "name": "Republic of South Africa", "display_order": 0, "printable_name": "South Africa", "iso_3166_1_numeric": "710", "is_shipping_country": true}, "model": "address.country", "pk": "ZA"}, {"fields": {"iso_3166_1_a3": "ZMB", "name": "Republic of Zambia", "display_order": 0, "printable_name": "Zambia", "iso_3166_1_numeric": "894", "is_shipping_country": true}, "model": "address.country", "pk": "ZM"}, {"fields": {"iso_3166_1_a3": "ZWE", "name": "Republic of Zimbabwe", "display_order": 0, "printable_name": "Zimbabwe", "iso_3166_1_numeric": "716", "is_shipping_country": true}, "model": "address.country", "pk": "ZW"}, {"fields": {"track_stock": true, "options": [7, 8], "requires_shipping": true, "name": "\u0421\u0435\u043c\u0435\u043d\u0430 \u043a\u043e\u043d\u043e\u043f\u043b\u0438", "slug": "semena-konopli"}, "model": "catalogue.productclass", "pk": 2}, {"fields": {"track_stock": true, "options": [], "requires_shipping": true, "name": "\u0411\u043e\u043d\u0433\u0438", "slug": "bongi"}, "model": "catalogue.productclass", "pk": 3}, {"fields": {"track_stock": true, "options": [], "requires_shipping": true, "name": "\u0423\u0434\u043e\u0431\u0440\u0435\u043d\u0438\u044f", "slug": "udobreniia"}, "model": "catalogue.productclass", "pk": 4}, {"fields": {"track_stock": true, "options": [], "requires_shipping": true, "name": "\u041e\u0431\u043e\u0440\u0443\u0434\u043e\u0432\u0430\u043d\u0438\u0435", "slug": "oborudovanie"}, "model": "catalogue.productclass", "pk": 6}, {"fields": {"description": "", "numchild": 4, "slug": "semena-konopli", "depth": 1, "path": "0001", "image": "", "name": "\u0421\u0435\u043c\u0435\u043d\u0430 \u043a\u043e\u043d\u043e\u043f\u043b\u0438"}, "model": "catalogue.category", "pk": 1}, {"fields": {"description": "", "numchild": 8, "slug": "oborudovanie", "depth": 1, "path": "0002", "image": "", "name": "\u041e\u0431\u043e\u0440\u0443\u0434\u043e\u0432\u0430\u043d\u0438\u0435"}, "model": "catalogue.category", "pk": 3}, {"fields": {"description": "", "numchild": 11, "slug": "udobreniya", "depth": 1, "path": "0003", "image": "", "name": "\u0423\u0434\u043e\u0431\u0440\u0435\u043d\u0438\u044f"}, "model": "catalogue.category", "pk": 4}, {"fields": {"description": "", "numchild": 0, "slug": "bongi", "depth": 1, "path": "0007", "image": "", "name": "Bongi"}, "model": "catalogue.category", "pk": 5}, {"fields": {"description": "", "numchild": 0, "slug": "articles", "depth": 4, "path": "0002000600050001", "image": "categories/issledovaniya-cannabidiola-trevoga.jpg", "name": "articles"}, "model": "catalogue.category", "pk": 11}, {"fields": {"description": "<p>\u0410\u0432\u0442\u043e\u0446\u0432\u0435\u0442\u0443\u0449\u0438\u0435 \u0441\u0435\u043c\u0435\u043d\u0430 \u044d\u0442\u043e \u0442\u0435 \u043a\u043e\u0442\u043e\u0440\u044b\u0435 \u0430\u0432\u0442\u043e \u0446\u0432\u0435\u0442\u0443\u0442</p>", "numchild": 0, "slug": "avtotsvetushchie", "depth": 2, "path": "00010003", "image": "categories/\u0418\u0432\u0430\u043d\u043e-\u0424\u0440\u0430\u043d\u043a\u043e\u0432\u0441\u043a_\u043d\u0430_\u0441\u0432\u044f\u0437\u0438.jpg", "name": "\u0410\u0432\u0442\u043e\u0446\u0432\u0435\u0442\u0443\u0449\u0438\u0435"}, "model": "catalogue.category", "pk": 12}, {"fields": {"description": "<div class=\"item\" style=\"margin: 0px; padding: 0px; font-family: 'Times New Roman'; font-size: medium;\"><br />\r\n<p style=\"margin: 0px 0px 3px; padding: 0px; font-stretch: normal; font-size: 13px; line-height: 18px; font-family: Arial, sans-serif; color: #353535;\">\u041a\u043e\u043d\u043e\u043f\u043b\u044f \u2013 \u043e\u0434\u043d\u043e\u043b\u0435\u0442\u043d\u0435\u0435, \u0432\u0435\u0440\u0442\u0438\u043a\u0430\u043b\u044c\u043d\u043e\u0435 \u0438 \u0432\u044b\u0441\u043e\u043a\u043e\u0435 \u0440\u0430\u0441\u0442\u0435\u043d\u0438\u0435. \u041f\u0440\u0438 \u0432\u044b\u0440\u0430\u0449\u0438\u0432\u0430\u043d\u0438\u0438 \u043a\u043e\u043d\u043e\u043f\u043b\u0438 \u0430\u0443\u0442\u0434\u043e\u0440\u043d\u044b\u043c \u043c\u0435\u0442\u043e\u0434\u043e\u043c (\u043f\u043e\u0434 \u043e\u0442\u043a\u0440\u044b\u0442\u044b\u043c \u043d\u0435\u0431\u043e\u043c), \u0440\u0430\u0441\u0442\u0435\u043d\u0438\u0435 \u043c\u043e\u0436\u0435\u0442 \u0434\u043e\u0441\u0442\u0438\u0433\u0430\u0442\u044c \u0434\u043e 6-\u0442\u0438 \u043c\u0435\u0442\u0440\u043e\u0432 \u0432 \u0432\u044b\u0441\u043e\u0442\u0443. \u041a\u0430\u043a \u043f\u0440\u0430\u0432\u0438\u043b\u043e, \u0441\u0435\u043c\u0435\u043d\u0430 \u043a\u043e\u043d\u043e\u043f\u043b\u0438 ...</p>\r\n</div>\r\n<div class=\"item\" style=\"margin: 0px; padding: 0px; font-family: 'Times New Roman'; font-size: medium;\"><em style=\"margin: 0px; padding: 0px; display: block; font-stretch: normal; font-size: 12px; line-height: normal; font-family: Arial, sans-serif; color: #898989;\">03.10.2016</em>\r\n<p style=\"margin: 0px 0px 3px; padding: 0px; font-stretch: normal; font-size: 13px; line-height: 18px; font-family: Arial, sans-serif; color: #353535;\">\u041a\u043e\u043d\u043e\u043f\u043b\u044f, \u043f\u043e\u0436\u0430\u043b\u0443\u0439, \u0441\u0442\u0430\u043d\u043e\u0432\u0438\u0442\u0441\u044f \u0441\u0430\u043c\u044b\u043c \u043f\u043e\u043f\u0443\u043b\u044f\u0440\u043d\u044b\u043c \u0440\u0430\u0441\u0442\u0435\u043d\u0438\u0435\u043c, \u043a\u043e\u0442\u043e\u0440\u043e\u0435 \u043f\u0440\u0438\u0432\u043b\u0435\u043a\u0430\u0435\u0442 \u043d\u0435 \u0442\u043e\u043b\u044c\u043a\u043e \u043b\u044e\u0431\u0438\u0442\u0435\u043b\u0435\u0439 \u043f\u043e\u043a\u0443\u0440\u0438\u0442\u044c, \u043d\u043e \u0438 \u043c\u0435\u0434\u0438\u0446\u0438\u043d\u0441\u043a\u0443\u044e \u0441\u0444\u0435\u0440\u0443. \u042d\u0442\u043e \u0434\u0440\u0435\u0432\u043d\u0435\u0435 \u043b\u0435\u043a\u0430\u0440\u0441\u0442\u0432\u0435\u043d\u043d\u043e\u0435 \u0440\u0430\u0441\u0442\u0435\u043d\u0438\u0435, \u043a\u043e\u0442\u043e\u0440\u043e\u0435 \u0438\u0441\u043f\u043e\u043b\u044c\u0437\u043e\u0432\u0430\u043b\u043e\u0441\u044c \u043d\u0430 \u043f\u0440\u043e\u0442\u044f.<br /><br />.</p>\r\n</div>", "numchild": 0, "slug": "feminizirovannye", "depth": 2, "path": "00010004", "image": "categories/klichko_82549582_orig_.jpg", "name": "\u0424\u0435\u043c\u0438\u043d\u0438\u0437\u0438\u0440\u043e\u0432\u0430\u043d\u043d\u044b\u0435"}, "model": "catalogue.category", "pk": 13}, {"fields": {"description": "<p>\u0422\u0430\u043a\u043e\u0439 \u0445\u0443\u0439\u043d\u0438 \u043d\u0435 \u0434\u0435\u0440\u0436\u0438\u043c</p>", "numchild": 0, "slug": "reguliarnye", "depth": 2, "path": "00010005", "image": "categories/logoBG_hemp_leaf_5lXEVSV.jpg", "name": "\u0420\u0435\u0433\u0443\u043b\u044f\u0440\u043d\u044b\u0435"}, "model": "catalogue.category", "pk": 15}, {"fields": {"description": "", "numchild": 0, "slug": "seed-banks", "depth": 2, "path": "00010001", "image": "", "name": "Seed-banks"}, "model": "catalogue.category", "pk": 16}, {"fields": {"description": "", "numchild": 0, "slug": "mineralnye", "depth": 2, "path": "00030002", "image": "", "name": "\u041c\u0438\u043d\u0435\u0440\u0430\u043b\u044c\u043d\u044b\u0435"}, "model": "catalogue.category", "pk": 17}, {"fields": {"description": "", "numchild": 0, "slug": "mineralnye", "depth": 2, "path": "00030003", "image": "", "name": "\u041c\u0438\u043d\u0435\u0440\u0430\u043b\u044c\u043d\u043e-\u043e\u0440\u0433\u0430\u043d\u0438\u0447\u0435\u0441\u043a\u0438\u0435"}, "model": "catalogue.category", "pk": 18}, {"fields": {"description": "", "numchild": 0, "slug": "organicheskie", "depth": 2, "path": "00030001", "image": "", "name": "\u041e\u0440\u0433\u0430\u043d\u0438\u0447\u0435\u0441\u043a\u0438\u0435"}, "model": "catalogue.category", "pk": 19}, {"fields": {"description": "", "numchild": 0, "slug": "biostimuliatory", "depth": 2, "path": "00030005", "image": "", "name": "\u0411\u0438\u043e\u0441\u0442\u0438\u043c\u0443\u043b\u044f\u0442\u043e\u0440\u044b"}, "model": "catalogue.category", "pk": 20}, {"fields": {"description": "", "numchild": 0, "slug": "gidroponika", "depth": 2, "path": "00020005", "image": "", "name": "\u0413\u0438\u0434\u0440\u043e\u043f\u043e\u043d\u0438\u043a\u0430"}, "model": "catalogue.category", "pk": 21}, {"fields": {"description": "", "numchild": 6, "slug": "substraty", "depth": 2, "path": "00030004", "image": "", "name": "\u0421\u0443\u0431\u0441\u0442\u0440\u0430\u0442\u044b"}, "model": "catalogue.category", "pk": 22}, {"fields": {"description": "", "numchild": 0, "slug": "gotovye-nabory", "depth": 2, "path": "0002000A", "image": "", "name": "\u0413\u043e\u0442\u043e\u0432\u044b\u0435 \u043d\u0430\u0431\u043e\u0440\u044b"}, "model": "catalogue.category", "pk": 24}, {"fields": {"description": "", "numchild": 0, "slug": "poleznye-tovary", "depth": 2, "path": "00020009", "image": "", "name": "\u041f\u043e\u043b\u0435\u0437\u043d\u044b\u0435 \u0442\u043e\u0432\u0430\u0440\u044b"}, "model": "catalogue.category", "pk": 25}, {"fields": {"description": "", "numchild": 0, "slug": "lampy", "depth": 3, "path": "000200030001", "image": "", "name": "\u041b\u0430\u043c\u043f\u044b"}, "model": "catalogue.category", "pk": 26}, {"fields": {"description": "", "numchild": 9, "slug": "osveshenie", "depth": 2, "path": "00020003", "image": "", "name": "\u041e\u0441\u0432\u0435\u0449\u0435\u043d\u0438\u0435"}, "model": "catalogue.category", "pk": 27}, {"fields": {"description": "", "numchild": 0, "slug": "pra", "depth": 3, "path": "000200030002", "image": "", "name": "\u041f\u0420\u0410/\u042d\u041f\u0420\u0410"}, "model": "catalogue.category", "pk": 28}, {"fields": {"description": "", "numchild": 0, "slug": "led", "depth": 3, "path": "000200030003", "image": "", "name": "LED"}, "model": "catalogue.category", "pk": 29}, {"fields": {"description": "", "numchild": 0, "slug": "otrajateli", "depth": 3, "path": "000200030004", "image": "", "name": "\u041e\u0442\u0440\u0430\u0436\u0430\u0442\u0435\u043b\u0438"}, "model": "catalogue.category", "pk": 30}, {"fields": {"description": "", "numchild": 0, "slug": "cooltube", "depth": 3, "path": "000200030005", "image": "", "name": "Cooltube"}, "model": "catalogue.category", "pk": 31}, {"fields": {"description": "", "numchild": 6, "slug": "ventilation", "depth": 2, "path": "00020004", "image": "", "name": "\u0412\u0435\u043d\u0442\u0438\u043b\u044f\u0446\u0438\u044f"}, "model": "catalogue.category", "pk": 32}, {"fields": {"description": "", "numchild": 0, "slug": "automatica", "depth": 3, "path": "000200030007", "image": "", "name": "\u0410\u0432\u0442\u043e\u043c\u0430\u0442\u0438\u043a\u0430"}, "model": "catalogue.category", "pk": 33}, {"fields": {"description": "", "numchild": 0, "slug": "plenka", "depth": 3, "path": "000200030006", "image": "", "name": "\u041f\u043b\u0435\u043d\u043a\u0430"}, "model": "catalogue.category", "pk": 34}, {"fields": {"description": "", "numchild": 0, "slug": "ventilyatori", "depth": 3, "path": "000200040002", "image": "", "name": "\u0412\u0435\u043d\u0442\u0438\u043b\u044f\u0442\u043e\u0440\u044b"}, "model": "catalogue.category", "pk": 35}, {"fields": {"description": "", "numchild": 0, "slug": "auto-vent", "depth": 3, "path": "000200040004", "image": "", "name": "\u0410\u0432\u0442\u043e\u043c\u0430\u0442\u0438\u043a\u0430"}, "model": "catalogue.category", "pk": 36}, {"fields": {"description": "", "numchild": 0, "slug": "filtratisya", "depth": 3, "path": "000200040001", "image": "", "name": "\u0424\u0438\u043b\u044c\u0442\u0440\u0430\u0446\u0438\u044f"}, "model": "catalogue.category", "pk": 37}, {"fields": {"description": "", "numchild": 0, "slug": "neytralizatsiya-zapaha", "depth": 3, "path": "000200040005", "image": "", "name": "\u041d\u0435\u0439\u0442\u0440\u0430\u043b\u0438\u0437\u0430\u0446\u0438\u044f \u0437\u0430\u043f\u0430\u0445\u0430"}, "model": "catalogue.category", "pk": 38}, {"fields": {"description": "", "numchild": 0, "slug": "shumoizolyatsiya", "depth": 3, "path": "000200040006", "image": "", "name": "\u0428\u0443\u043c\u043e\u0438\u0437\u043e\u043b\u044f\u0446\u0438\u044f"}, "model": "catalogue.category", "pk": 39}, {"fields": {"description": "", "numchild": 0, "slug": "aksessuary-ventilyatsiya", "depth": 3, "path": "000200040007", "image": "", "name": "\u0410\u043a\u0441\u0435\u0441\u0441\u0443\u0430\u0440\u044b \u0432\u0435\u043d\u0442\u0438\u043b\u044f\u0446\u0438\u0438"}, "model": "catalogue.category", "pk": 40}, {"fields": {"description": "", "numchild": 0, "slug": "ph-metr", "depth": 3, "path": "000200060001", "image": "", "name": "PH-\u043c\u0435\u0442\u0440\u044b"}, "model": "catalogue.category", "pk": 41}, {"fields": {"description": "", "numchild": 4, "slug": "izmeritelnie-pribory", "depth": 2, "path": "00020006", "image": "", "name": "\u0418\u0437\u043c\u0435\u0440\u0438\u0442\u0435\u043b\u044c\u043d\u044b\u0435 \u043f\u0440\u0438\u0431\u043e\u0440\u044b"}, "model": "catalogue.category", "pk": 42}, {"fields": {"description": "", "numchild": 0, "slug": "es-tds", "depth": 3, "path": "000200060003", "image": "", "name": "ES/TDS \u043c\u0435\u0442\u0440\u044b"}, "model": "catalogue.category", "pk": 43}, {"fields": {"description": "", "numchild": 0, "slug": "brandy-udobreniya", "depth": 2, "path": "0003000B", "image": "", "name": "\u0411\u0440\u0435\u043d\u0434\u044b"}, "model": "catalogue.category", "pk": 44}, {"fields": {"description": "", "numchild": 0, "slug": "grouboksy", "depth": 2, "path": "00020002", "image": "", "name": "\u0413\u0440\u043e\u0443\u0431\u043e\u043a\u0441\u044b"}, "model": "catalogue.category", "pk": 45}, {"fields": {"description": "", "numchild": 0, "slug": "aksessuary", "depth": 3, "path": "000200030008", "image": "", "name": "\u0410\u043a\u0441\u0435\u0441\u0441\u0443\u0430\u0440\u044b"}, "model": "catalogue.category", "pk": 46}, {"fields": {"description": "", "numchild": 0, "slug": "emkosti", "depth": 2, "path": "00020007", "image": "", "name": "\u0415\u043c\u043a\u043e\u0441\u0442\u0438"}, "model": "catalogue.category", "pk": 47}, {"fields": {"description": "", "numchild": 0, "slug": "kalibrovka", "depth": 3, "path": "000200060004", "image": "", "name": "\u041a\u0430\u043b\u0438\u0431\u0440\u043e\u0432\u043a\u0430"}, "model": "catalogue.category", "pk": 48}, {"fields": {"description": "", "numchild": 1, "slug": "raznoye", "depth": 3, "path": "000200060005", "image": "", "name": "\u0420\u0430\u0437\u043d\u043e\u0435"}, "model": "catalogue.category", "pk": 49}, {"fields": {"description": "", "numchild": 0, "slug": "kokosovyi-substrat", "depth": 3, "path": "000300040002", "image": "", "name": "\u041a\u043e\u043a\u043e\u0441\u043e\u0432\u044b\u0439 \u0441\u0443\u0431\u0441\u0442\u0440\u0430\u0442"}, "model": "catalogue.category", "pk": 50}, {"fields": {"description": "", "numchild": 0, "slug": "minvata", "depth": 3, "path": "000300040003", "image": "", "name": "\u041c\u0438\u043d\u0432\u0430\u0442\u0430"}, "model": "catalogue.category", "pk": 51}, {"fields": {"description": "", "numchild": 0, "slug": "zemlya", "depth": 3, "path": "000300040004", "image": "", "name": "\u0417\u0435\u043c\u043b\u044f"}, "model": "catalogue.category", "pk": 52}, {"fields": {"description": "", "numchild": 0, "slug": "keramzit", "depth": 3, "path": "000300040005", "image": "", "name": "\u041a\u0435\u0440\u0430\u043c\u0437\u0438\u0442"}, "model": "catalogue.category", "pk": 53}, {"fields": {"description": "", "numchild": 0, "slug": "pochvoulutshiteli", "depth": 3, "path": "000300040006", "image": "", "name": "\u041f\u043e\u0447\u0432\u043e\u0443\u043b\u0443\u0447\u0448\u0438\u0442\u0435\u043b\u0438"}, "model": "catalogue.category", "pk": 54}, {"fields": {"description": "", "numchild": 0, "slug": "ukorenenie", "depth": 3, "path": "000300040007", "image": "", "name": "\u0423\u043a\u043e\u0440\u0435\u043d\u0435\u043d\u0438\u0435"}, "model": "catalogue.category", "pk": 55}, {"fields": {"description": "", "numchild": 0, "slug": "zaschita-rasteniy", "depth": 2, "path": "00030006", "image": "", "name": "\u0417\u0430\u0449\u0438\u0442\u0430 \u0440\u0430\u0441\u0442\u0435\u043d\u0438\u0439"}, "model": "catalogue.category", "pk": 65}, {"fields": {"description": "", "numchild": 0, "slug": "dlya-rosta", "depth": 2, "path": "00030008", "image": "", "name": "\u0414\u043b\u044f \u0440\u043e\u0441\u0442\u0430"}, "model": "catalogue.category", "pk": 66}, {"fields": {"description": "", "numchild": 0, "slug": "dlya-cveteniya", "depth": 2, "path": "00030009", "image": "", "name": "\u0414\u043b\u044f \u0446\u0432\u0435\u0442\u0435\u043d\u0438\u044f"}, "model": "catalogue.category", "pk": 67}, {"fields": {"description": "", "numchild": 0, "slug": "dlya-ukoreneniya", "depth": 2, "path": "00030007", "image": "", "name": "\u0414\u043b\u044f \u0443\u043a\u043e\u0440\u0435\u043d\u0435\u043d\u0438\u044f"}, "model": "catalogue.category", "pk": 68}, {"fields": {"description": "", "numchild": 0, "slug": "nabory-udobreniy", "depth": 2, "path": "0003000A", "image": "", "name": "\u041d\u0430\u0431\u043e\u0440\u044b \u0443\u0434\u043e\u0431\u0440\u0435\u043d\u0438\u0439"}, "model": "catalogue.category", "pk": 69}, {"fields": {"description": "", "numchild": 0, "slug": "brendy-oborudovanie", "depth": 3, "path": "000200030009", "image": "", "name": "\u041f\u0440\u043e\u0438\u0437\u0432\u043e\u0434\u0438\u0442\u0435\u043b\u0438"}, "model": "catalogue.category", "pk": 70}, {"fields": {"category": 1, "product": 3}, "model": "catalogue.productcategory", "pk": 2}, {"fields": {"category": 5, "product": 4}, "model": "catalogue.productcategory", "pk": 3}, {"fields": {"rating": 5.0, "description": "", "parent": null, "title": "Hawain Snow", "date_updated": "2016-10-05T18:35:08.173Z", "upc": "", "is_discountable": true, "date_created": "2016-10-05T18:30:11.729Z", "product_options": [], "slug": "hawain-snow", "structure": "standalone", "product_class": 2}, "model": "catalogue.product", "pk": 3}, {"fields": {"rating": null, "description": "<p><span style=\"color: #686968; font-family: Arial; font-size: 14px;\">\u0421\u0442\u0435\u043a\u043b\u044f\u043d\u043d\u044b\u0439 \u0431\u043e\u043d\u0433 \u0418\u043c\u043f\u0435\u0440\u0430\u0442\u043e\u0440 \u0432\u044b\u043f\u0443\u0441\u043a\u0430\u0435\u0442\u0441\u044f \u044d\u043b\u0438\u0442\u043d\u043e\u0439 \u0444\u0438\u0440\u043c\u043e\u0439 BLAZE.\u00a0</span><a style=\"margin: 0px; padding: 0px; font-stretch: normal; font-size: 14px; line-height: 18px; font-family: Arial; color: #686968; font-style: italic;\" href=\"http://blowgrow.com.ua/section/4_aksessuary/\">\u041a\u0443\u043f\u0438\u0442\u044c \u0431\u043e\u043d\u0433 \u0432 \u0423\u043a\u0440\u0430\u0438\u043d\u0435</a><span style=\"color: #686968; font-family: Arial; font-size: 14px;\">\u00a0\u043c\u043e\u0434\u0435\u043b\u0438 \u0418\u043c\u043f\u0435\u0440\u0430\u0442\u043e\u0440 - \u044d\u0442\u043e \u0441\u0442\u0430\u0442\u044c \u0432\u043b\u0430\u0434\u0435\u043b\u044c\u0446\u0435\u043c \u043e\u0434\u043d\u043e\u0439 \u0438\u0437 \u0436\u0435\u043c\u0447\u0443\u0436\u0438\u043d \u043d\u0430\u0448\u0435\u0439 \u043a\u043e\u043b\u043b\u0435\u043a\u0446\u0438\u0438.</span><br style=\"margin: 0px; padding: 0px; color: #686968; font-family: Arial; font-size: 14px;\" /><span style=\"color: #686968; font-family: Arial; font-size: 14px;\">\u0412 \u0434\u0438\u0437\u0430\u0439\u043d\u0435 \u044d\u0442\u043e\u0433\u043e \u0441\u0442\u0435\u043a\u043b\u044f\u043d\u043d\u043e\u0433\u043e \u0431\u043e\u043d\u0433\u0430 \u0447\u0443\u0432\u0441\u0442\u0432\u0443\u0435\u0442\u0441\u044f \u0432\u044b\u0441\u043e\u043a\u0438\u0439 \u043a\u043b\u0430\u0441\u0441 \u0438 \u043e\u0442\u043b\u0438\u0447\u043d\u043e\u0435 \u043a\u0430\u0447\u0435\u0441\u0442\u0432\u043e. \u0412\u044b\u0441\u043e\u0442\u0430 \u0432 \u043f\u043e\u043b\u043c\u0435\u0442\u0440\u0430 \u0443\u0434\u043e\u0432\u043b\u0435\u0442\u0432\u043e\u0440\u0438\u0442 \u0441\u0430\u043c\u044b\u0439 \u0442\u0440\u0435\u0431\u043e\u0432\u0430\u0442\u0435\u043b\u044c\u043d\u044b\u0439 \u0432\u043a\u0443\u0441.</span><br style=\"margin: 0px; padding: 0px; color: #686968; font-family: Arial; font-size: 14px;\" /><span style=\"color: #686968; font-family: Arial; font-size: 14px;\">\u0420\u0430\u0437\u0443\u043c\u0435\u0435\u0442\u0441\u044f \u0432 \u0431\u043e\u043d\u0433\u0435 \u0442\u0430\u043a\u043e\u0433\u043e \u043a\u043b\u0430\u0441\u0441\u0430 \u0435\u0441\u0442\u044c \u0442\u0435\u0445\u043d\u043e\u043b\u043e\u0433\u0438\u044f ICE-\u0431\u043e\u043d\u0433, \u043f\u0435\u0440\u043a\u043e\u043b\u044f\u0442\u043e\u0440 \u043d\u0430 \u0447\u0435\u0442\u044b\u0440\u0435 \u0440\u0443\u043a\u0430\u0432\u0430 \u0438 \u043f\u0435\u0440\u043a\u043e\u043b\u044f\u0442\u043e\u0440-\u043a\u043e\u043b\u043f\u0430\u043a, \u0437\u0430\u0449\u0435\u043b\u043a\u0430 \u0434\u043b\u044f \u043d\u0430\u043f\u0435\u0440\u0441\u0442\u043a\u0430, \u0434\u043b\u044f \u0443\u0434\u043e\u0431\u043d\u043e\u0433\u043e \u0441\u043d\u044f\u0442\u0438\u044f.</span><br style=\"margin: 0px; padding: 0px; color: #686968; font-family: Arial; font-size: 14px;\" /><span style=\"color: #686968; font-family: Arial; font-size: 14px;\">\u0415\u0441\u043b\u0438 \u0432\u044b \u0445\u043e\u0442\u0438\u0442\u0435 \u043a\u0430\u0447\u0435\u0441\u0442\u0432\u043e, \u0441\u0442\u0438\u043b\u044c \u0438 \u0432\u044b\u0441\u043e\u043a\u0443\u044e \u0441\u0442\u0435\u043f\u0435\u043d\u044c \u043e\u0447\u0438\u0441\u0442\u043a\u0438 \u0434\u044b\u043c\u0430 - \u0441\u0442\u0435\u043a\u043b\u044f\u043d\u043d\u044b\u0439 \u0431\u043e\u043d\u0433 \u0418\u043c\u043f\u0435\u0440\u0430\u0442\u043e\u0440 - \u0432\u0430\u0448 \u0432\u044b\u0431\u043e\u0440!</span></p>", "parent": null, "title": "\u0418\u043c\u043f\u0435\u0440\u0430\u0442\u043e\u0440", "date_updated": "2016-10-11T17:18:52.659Z", "upc": "1234", "is_discountable": true, "date_created": "2016-10-11T15:29:53.609Z", "product_options": [], "slug": "imperator", "structure": "standalone", "product_class": 3}, "model": "catalogue.product", "pk": 4}, {"fields": {"ranking": 12, "primary": 4, "recommendation": 4}, "model": "catalogue.productrecommendation", "pk": 1}, {"fields": {"required": true, "product_class": 2, "option_group": 3, "code": "tip", "type": "entity", "name": "\u0422\u0438\u043f"}, "model": "catalogue.productattribute", "pk": 13}, {"fields": {"required": true, "product_class": 2, "option_group": 5, "code": "vid", "type": "entity", "name": "\u0412\u0438\u0434"}, "model": "catalogue.productattribute", "pk": 14}, {"fields": {"required": true, "product_class": 2, "option_group": 2, "code": "klimat", "type": "option", "name": "\u041a\u043b\u0438\u043c\u0430\u0442"}, "model": "catalogue.productattribute", "pk": 15}, {"fields": {"required": true, "product_class": 2, "option_group": 1, "code": "pokazateli", "type": "entity", "name": "\u041f\u043e\u043a\u0430\u0437\u0430\u0442\u0435\u043b\u0438"}, "model": "catalogue.productattribute", "pk": 16}, {"fields": {"required": false, "product_class": 2, "option_group": null, "code": "vr_view", "type": "image", "name": "VR"}, "model": "catalogue.productattribute", "pk": 20}, {"fields": {"required": false, "product_class": 2, "option_group": 9, "code": "video_obzor", "type": "option", "name": "\u0412\u0438\u0434\u0435\u043e \u043e\u0431\u0437\u043e\u0440"}, "model": "catalogue.productattribute", "pk": 21}, {"fields": {"required": false, "product_class": 2, "option_group": 6, "code": "growreport", "type": "option", "name": "\u0413\u0440\u043e\u0443\u0440\u0435\u043f\u043e\u0440\u0442"}, "model": "catalogue.productattribute", "pk": 22}, {"fields": {"required": false, "product_class": 3, "option_group": 7, "code": "material", "type": "text", "name": "\u041c\u0430\u0442\u0435\u0440\u0438\u0430\u043b"}, "model": "catalogue.productattribute", "pk": 23}, {"fields": {"required": false, "product_class": 3, "option_group": null, "code": "bong_height", "type": "integer", "name": "\u0412\u044b\u0441\u043e\u0442\u0430"}, "model": "catalogue.productattribute", "pk": 24}, {"fields": {"required": false, "product_class": 3, "option_group": 8, "code": "vr_view", "type": "image", "name": "VR"}, "model": "catalogue.productattribute", "pk": 26}, {"fields": {"required": false, "product_class": 3, "option_group": 9, "code": "video_obzor", "type": "richtext", "name": "\u0412\u0438\u0434\u0435\u043e \u043e\u0431\u0437\u043e\u0440"}, "model": "catalogue.productattribute", "pk": 27}, {"fields": {"value_date": null, "value_integer": 50, "product": 4, "value_float": null, "entity_content_type": null, "value_text": null, "attribute": 24, "value_richtext": null, "entity_object_id": null, "value_image": "", "value_option": null, "value_boolean": null, "value_file": ""}, "model": "catalogue.productattributevalue", "pk": 2}, {"fields": {"value_date": null, "value_integer": null, "product": 4, "value_float": null, "entity_content_type": null, "value_text": null, "attribute": 23, "value_richtext": null, "entity_object_id": null, "value_image": "", "value_option": null, "value_boolean": true, "value_file": ""}, "model": "catalogue.productattributevalue", "pk": 3}, {"fields": {"value_date": null, "value_integer": null, "product": 4, "value_float": null, "entity_content_type": null, "value_text": null, "attribute": 27, "value_richtext": "<p><a title=\"\u0411\u043e\u043d\u0433 \u0418\u043c\u043f\u0435\u0440\u0430\u0442\u043e\u0440\u0432 \u0432\u0438\u0434\u0435\u043e\u043e\u0431\u0437\u043e\u0440\" href=\"https://www.youtube.com/watch?v=bh_XwhVv51A\">https://www.youtube.com/watch?v=bh_XwhVv51A</a></p>", "entity_object_id": null, "value_image": "", "value_option": null, "value_boolean": null, "value_file": ""}, "model": "catalogue.productattributevalue", "pk": 4}, {"fields": {"value_date": null, "value_integer": null, "product": 4, "value_float": null, "entity_content_type": null, "value_text": null, "attribute": 26, "value_richtext": null, "entity_object_id": null, "value_image": "images/products/2016/10/\u0412\u044b\u043f\u0443\u0441\u043a_1.jpg", "value_option": null, "value_boolean": null, "value_file": ""}, "model": "catalogue.productattributevalue", "pk": 5}, {"fields": {"name": "\u041f\u043e\u043a\u0430\u0437\u0430\u0442\u0435\u043b\u0438"}, "model": "catalogue.attributeoptiongroup", "pk": 1}, {"fields": {"name": "\u041a\u043b\u0438\u043c\u0430\u0442"}, "model": "catalogue.attributeoptiongroup", "pk": 2}, {"fields": {"name": "\u0422\u0438\u043f"}, "model": "catalogue.attributeoptiongroup", "pk": 3}, {"fields": {"name": "\u0425\u0430\u0440\u0430\u043a\u0442\u0435\u0440\u0438\u0441\u0442\u0438\u043a\u0438"}, "model": "catalogue.attributeoptiongroup", "pk": 4}, {"fields": {"name": "\u0412\u0438\u0434"}, "model": "catalogue.attributeoptiongroup", "pk": 5}, {"fields": {"name": "\u0413\u0440\u043e\u0443\u0440\u0435\u043f\u043e\u0440\u0442"}, "model": "catalogue.attributeoptiongroup", "pk": 6}, {"fields": {"name": "\u041c\u0430\u0442\u0435\u0440\u0438\u0430\u043b \u0431\u043e\u043d\u0433\u0438"}, "model": "catalogue.attributeoptiongroup", "pk": 7}, {"fields": {"name": "VR photo"}, "model": "catalogue.attributeoptiongroup", "pk": 8}, {"fields": {"name": "\u0412\u0438\u0434\u0435\u043e \u043e\u0431\u0437\u043e\u0440"}, "model": "catalogue.attributeoptiongroup", "pk": 9}, {"fields": {"name": "\u0414\u043e\u043f\u043e\u043b\u043d\u0438\u0442\u0435\u043b\u044c\u043d\u043e \u0431\u043e\u043d\u0433\u0438"}, "model": "catalogue.attributeoptiongroup", "pk": 10}, {"fields": {"group": 1, "option": "\u0422\u0413\u041a"}, "model": "catalogue.attributeoption", "pk": 1}, {"fields": {"group": 1, "option": "\u041a\u0411\u0414"}, "model": "catalogue.attributeoption", "pk": 2}, {"fields": {"group": 1, "option": "\u0412\u044b\u0441\u043e\u0442\u0430"}, "model": "catalogue.attributeoption", "pk": 3}, {"fields": {"group": 1, "option": "\u0423\u0440\u043e\u0436\u0430\u0439\u043d\u043e\u0441\u0442\u044c"}, "model": "catalogue.attributeoption", "pk": 4}, {"fields": {"group": 2, "option": "\u041a\u043b\u0438\u043c\u0430\u0442\u0438\u0447\u0435\u0441\u043a\u0438\u0435 \u0437\u043e\u043d\u044b"}, "model": "catalogue.attributeoption", "pk": 5}, {"fields": {"group": 2, "option": "\u0421\u0431\u043e\u0440 \u0443\u0440\u043e\u0436\u0430\u044f"}, "model": "catalogue.attributeoption", "pk": 6}, {"fields": {"group": 2, "option": "\u041f\u0435\u0440\u0438\u043e\u0434 \u0441\u043e\u0437\u0440\u0435\u0432\u0430\u043d\u0438\u044f"}, "model": "catalogue.attributeoption", "pk": 7}, {"fields": {"group": 3, "option": "\u0424\u0435\u043c\u0435\u043d\u0438\u0437\u0438\u0440\u043e\u0432\u0430\u043d\u043d\u044b\u0435"}, "model": "catalogue.attributeoption", "pk": 8}, {"fields": {"group": 3, "option": "\u0410\u0432\u0442\u043e\u0446\u0432\u0435\u0442\u0443\u0449\u0438\u0435"}, "model": "catalogue.attributeoption", "pk": 9}, {"fields": {"group": 3, "option": "\u0420\u0435\u0433\u0443\u043b\u044f\u0440\u043d\u044b\u0435"}, "model": "catalogue.attributeoption", "pk": 10}, {"fields": {"group": 5, "option": "\u0421\u0430\u0442\u0438\u0432\u0430"}, "model": "catalogue.attributeoption", "pk": 11}, {"fields": {"group": 5, "option": "\u0418\u043d\u0434\u0438\u043a\u0430"}, "model": "catalogue.attributeoption", "pk": 12}, {"fields": {"group": 6, "option": "\u0421\u043c\u043e\u0442\u0440\u0435\u0442\u044c \u0433\u0440\u043e\u0443\u0440\u0435\u043f\u043e\u0440\u0442"}, "model": "catalogue.attributeoption", "pk": 13}, {"fields": {"group": 6, "option": "\u0421\u043e\u0437\u0434\u0430\u0442\u044c \u0433\u0440\u043e\u0443\u0440\u0435\u043f\u043e\u0440\u0442"}, "model": "catalogue.attributeoption", "pk": 14}, {"fields": {"group": 7, "option": "\u0421\u0442\u0435\u043a\u043b\u043e"}, "model": "catalogue.attributeoption", "pk": 15}, {"fields": {"group": 7, "option": "\u0410\u043a\u0440\u0438\u043b"}, "model": "catalogue.attributeoption", "pk": 16}, {"fields": {"group": 8, "option": "VR view"}, "model": "catalogue.attributeoption", "pk": 17}, {"fields": {"group": 9, "option": "Youtube \u043e\u0431\u0437\u043e\u0440\u044b"}, "model": "catalogue.attributeoption", "pk": 18}, {"fields": {"group": 10, "option": "Icebong"}, "model": "catalogue.attributeoption", "pk": 19}, {"fields": {"group": 10, "option": "Perco"}, "model": "catalogue.attributeoption", "pk": 20}, {"fields": {"group": 10, "option": "\u041f\u0440\u0435\u043a\u0443\u043b\u043b\u0435\u0440"}, "model": "catalogue.attributeoption", "pk": 21}, {"fields": {"code": "klimaticheskie-zony", "type": "Required", "name": "\u041a\u043b\u0438\u043c\u0430\u0442\u0438\u0447\u0435\u0441\u043a\u0438\u0435 \u0437\u043e\u043d\u044b"}, "model": "catalogue.option", "pk": 6}, {"fields": {"code": "period-sozrevaniia", "type": "Required", "name": "\u041f\u0435\u0440\u0438\u043e\u0434 \u0441\u043e\u0437\u0440\u0435\u0432\u0430\u043d\u0438\u044f"}, "model": "catalogue.option", "pk": 7}, {"fields": {"code": "sbor-urozhaia", "type": "Required", "name": "\u0421\u0431\u043e\u0440 \u0443\u0440\u043e\u0436\u0430\u044f"}, "model": "catalogue.option", "pk": 8}, {"fields": {"caption": "", "product": 4, "display_order": 0, "original": "images/products/2016/10/bong_4.jpg", "date_created": "2016-10-11T15:29:53.656Z"}, "model": "catalogue.productimage", "pk": 1}, {"fields": {"caption": "", "product": 4, "display_order": 1, "original": "images/products/2016/10/bong_4_2.jpg", "date_created": "2016-10-11T15:29:53.658Z"}, "model": "catalogue.productimage", "pk": 2}, {"fields": {"body": "sdsds", "status": 1, "product": 3, "name": "", "title": "sdsd", "score": 5, "user": 1, "date_created": "2016-10-05T18:35:08.171Z", "delta_votes": 0, "homepage": "", "email": "", "total_votes": 0}, "model": "reviews.productreview", "pk": 1}, {"fields": {"code": "ian", "name": "\u042f\u043d", "users": [1]}, "model": "partner.partner", "pk": 2}, {"fields": {"first_name": "", "last_name": "", "search_text": "eree Republic of Angola", "title": "", "country": "AO", "line4": "", "line3": "", "line2": "", "line1": "eree", "state": "", "postcode": "", "partner": 2}, "model": "partner.partneraddress", "pk": 2}, {"fields": {"price_currency": "GBP", "product": 3, "partner_sku": "434", "price_retail": "0.07", "date_updated": "2016-10-05T18:32:37.282Z", "num_in_stock": 4, "num_allocated": null, "low_stock_threshold": 0, "date_created": "2016-10-05T18:32:37.282Z", "partner": 2, "price_excl_tax": "0.04", "cost_price": "0.01"}, "model": "partner.stockrecord", "pk": 1}, {"fields": {"price_currency": "EU", "product": 4, "partner_sku": "1234", "price_retail": "30.00", "date_updated": "2016-10-11T17:17:37.171Z", "num_in_stock": 3, "num_allocated": null, "low_stock_threshold": 1, "date_created": "2016-10-11T17:17:37.171Z", "partner": 2, "price_excl_tax": "45.00", "cost_price": "15.00"}, "model": "partner.stockrecord", "pk": 2}, {"fields": {"status": "Open", "date_merged": null, "date_submitted": null, "vouchers": [], "owner": 1, "date_created": "2016-09-28T13:25:04.928Z"}, "model": "basket.basket", "pk": 1}, {"fields": {"status": "Open", "date_merged": null, "date_submitted": null, "vouchers": [], "owner": 2, "date_created": "2016-09-30T14:05:58.412Z"}, "model": "basket.basket", "pk": 2}, {"fields": {"status": "Open", "date_merged": null, "date_submitted": null, "vouchers": [], "owner": null, "date_created": "2017-03-10T01:35:43.084Z"}, "model": "basket.basket", "pk": 3}, {"fields": {"status": "Open", "date_merged": null, "date_submitted": null, "vouchers": [], "owner": null, "date_created": "2017-03-10T02:08:15.890Z"}, "model": "basket.basket", "pk": 4}, {"fields": {"status": "Open", "date_merged": null, "date_submitted": null, "vouchers": [], "owner": null, "date_created": "2017-03-12T03:55:02.868Z"}, "model": "basket.basket", "pk": 5}, {"fields": {"price_currency": "EUR", "product": 4, "stockrecord": 1, "price_incl_tax": null, "basket": 3, "date_created": "2017-03-10T01:54:38.665Z", "line_reference": "order-preview", "price_excl_tax": "100.00", "quantity": 3}, "model": "basket.line", "pk": 1}, {"fields": {"price_currency": "GBP", "product": 3, "stockrecord": 1, "price_incl_tax": "0.04", "basket": 4, "date_created": "2017-03-10T02:08:15.904Z", "line_reference": "3_1_1801406187", "price_excl_tax": "0.04", "quantity": 1}, "model": "basket.line", "pk": 2}, {"fields": {"line": 2, "option": 8, "value": "1"}, "model": "basket.lineattribute", "pk": 1}, {"fields": {"line": 2, "option": 7, "value": "2"}, "model": "basket.lineattribute", "pk": 2}, {"fields": {"partner_reference": "", "number": "XXXX-XXXX-XXXX-0215", "card_type": "Visa Mastercard", "expiry_date": "2017-08-17", "user": 1, "name": "Visa"}, "model": "payment.bankcard", "pk": 1}, {"fields": {"date_sent": "2016-09-30T14:05:58.290Z", "body_html": "<p>Thank you for registering.</p>", "body_text": "Thank you for registering.", "user": 2, "subject": "Thank you for registering."}, "model": "customer.email", "pk": 1}, {"fields": {"body": "<body class=\"parallax animated fadeIn\"><!--Add \"parallax\" class if you have elements on the page with parallax backgrounds. \"fadeIn\" class makes content fades in on loading-->\r\n  \t\r\n    <!--Off-Canvas-->\r\n    <div class=\"off-canvas-wrap\" data-offcanvas>\r\n    \t<div class=\"inner-wrap\">\r\n      \r\n      \t<!--Off-Canvas Menu-->\r\n        <aside class=\"left-off-canvas-menu\">\r\n        \t<div class=\"mobile-navi\">\r\n          \t<form method=\"get\" class=\"mobile-search\">\r\n              <label class=\"sr-only\" for=\"m-search\"></label>\r\n            \t<input class=\"form-control input-lg\" name=\"m-search\" id=\"m-search\" type=\"text\" placeholder=\"Search\">\r\n              <button type=\"submit\"><i class=\"flaticon-search100\"></i></button>\r\n            </form>\r\n            <ul class=\"buttons\">\r\n            \t<li class=\"lang\"><a href=\"#\">Eng<i></i></a>\r\n              \t<ul class=\"submenu\">\r\n              \t\t<li><a href=\"#\">Deu</a></li>\r\n              \t\t<li><a href=\"#\">Esp</a></li>\r\n              \t\t<li><a href=\"#\">Jpn</a></li>\r\n              \t</ul>\r\n              </li>\r\n              <li class=\"currency\"><a href=\"#\">$ Usd<i></i></a>\r\n              \t<ul class=\"submenu\">\r\n              \t\t<li><a href=\"#\">&euro; Eur</a></li>\r\n              \t\t<li><a href=\"#\">&pound; Gbp</a></li>\r\n              \t\t<li><a href=\"#\">&yen; Yen</a></li>\r\n              \t</ul>\r\n              </li>\r\n            </ul>\r\n            <ul class=\"buttons\">\r\n            \t<li><a href=\"login.html\">Login</a></li>\r\n              <li><a href=\"signup.html\">Sign Up</a></li>\r\n            </ul>\r\n            <ul>\r\n            \t<li class=\"current\"><a href=\"index.html\">Home</a><span></span>\r\n              \t<ul class=\"submenu\">\r\n              \t\t<li><a href=\"home-business-law.html\">Home Business</a><span></span>\r\n                  </li>\r\n              \t\t<li><a href=\"home-portfolio-photographer.html\">Home Portfolio</a><span></span>\r\n                  </li>\r\n              \t\t<li><a href=\"home-blog-corporate.html\">Home Blog</a><span></span>\r\n                  \t<ul class=\"sub-submenu\">\r\n            \t<li><a href=\"components-and-styles.html\">Features</a><span></span>\r\n                <ul class=\"submenu\">\r\n                  <li><a href=\"components-and-styles.html\">Components &amp; Styles</a></li>\r\n                  <li><a href=\"sliders-and-carousels.html\">Sliders &amp; Carousels</a></li>\r\n                  <li><a href=\"grid-and-list.html\">Grid &amp; List Layouts</a></li>\r\n                </ul>\r\n              </li>\r\n            </ul>\r\n          </div>\r\n        </aside><!--Off-Canvas Menu Close-->", "date_created": "2016-10-08T16:44:00.929Z", "name": "nav_menu", "display_type": "row-1"}, "model": "promotions.rawhtml", "pk": 1}, {"fields": {"body": "<body class=\"parallax animated fadeIn\"><!--Add \"parallax\" class if you have elements on the page with parallax backgrounds. \"fadeIn\" class makes content fades in on loading-->\r\n  \t\r\n    <!--Off-Canvas-->\r\n    <div class=\"off-canvas-wrap\" data-offcanvas>\r\n    \t<div class=\"inner-wrap\">\r\n      \r\n      \t<!--Off-Canvas Menu-->\r\n        <aside class=\"left-off-canvas-menu\">\r\n        \t<div class=\"mobile-navi\">\r\n          \t<form method=\"get\" class=\"mobile-search\">\r\n              <label class=\"sr-only\" for=\"m-search\"></label>\r\n            \t<input class=\"form-control input-lg\" name=\"m-search\" id=\"m-search\" type=\"text\" placeholder=\"Search\">\r\n              <button type=\"submit\"><i class=\"flaticon-search100\"></i></button>\r\n            </form>\r\n            <ul class=\"buttons\">\r\n            \t<li class=\"lang\"><a href=\"#\">Eng<i></i></a>\r\n              \t<ul class=\"submenu\">\r\n              \t\t<li><a href=\"#\">Deu</a></li>\r\n              \t\t<li><a href=\"#\">Esp</a></li>\r\n              \t\t<li><a href=\"#\">Jpn</a></li>\r\n              \t</ul>\r\n              </li>\r\n              <li class=\"currency\"><a href=\"#\">$ Usd<i></i></a>\r\n              \t<ul class=\"submenu\">\r\n              \t\t<li><a href=\"#\">&euro; Eur</a></li>\r\n              \t\t<li><a href=\"#\">&pound; Gbp</a></li>\r\n              \t\t<li><a href=\"#\">&yen; Yen</a></li>\r\n              \t</ul>\r\n              </li>\r\n            </ul>\r\n            <ul class=\"buttons\">\r\n            \t<li><a href=\"login.html\">Login</a></li>\r\n              <li><a href=\"signup.html\">Sign Up</a></li>\r\n            </ul>\r\n            <ul>\r\n            \t<li class=\"current\"><a href=\"index.html\">Home</a><span></span>\r\n              \t<ul class=\"submenu\">\r\n              \t\t<li><a href=\"home-business-law.html\">Home Business</a><span></span>\r\n                  </li>\r\n              \t\t<li><a href=\"home-portfolio-photographer.html\">Home Portfolio</a><span></span>\r\n                  </li>\r\n              \t\t<li><a href=\"home-blog-corporate.html\">Home Blog</a><span></span>\r\n                  \t<ul class=\"sub-submenu\">\r\n            \t<li><a href=\"components-and-styles.html\">Features</a><span></span>\r\n                <ul class=\"submenu\">\r\n                  <li><a href=\"components-and-styles.html\">Components &amp; Styles</a></li>\r\n                  <li><a href=\"sliders-and-carousels.html\">Sliders &amp; Carousels</a></li>\r\n                  <li><a href=\"grid-and-list.html\">Grid &amp; List Layouts</a></li>\r\n                </ul>\r\n              </li>\r\n            </ul>\r\n          </div>\r\n        </aside><!--Off-Canvas Menu Close-->", "date_created": "2016-10-08T16:44:14.564Z", "name": "nav_menu", "display_type": "row-1"}, "model": "promotions.rawhtml", "pk": 2}, {"fields": {"date_created": "2016-10-05T18:34:07.273Z", "product": 3, "name": "CRBLRF", "description": ""}, "model": "promotions.singleproduct", "pk": 1}, {"fields": {"date_created": "2016-10-05T18:34:32.495Z", "product": 3, "name": "eddd", "description": "cx"}, "model": "promotions.singleproduct", "pk": 2}, {"fields": {"value": "{\"storage\": \"django.core.files.storage.FileSystemStorage\", \"name\": \"cache/20/bf/20bf2bd098ccb70cd025ed3629b51ac0.jpg\", \"size\": [155, 155]}"}, "model": "thumbnail.kvstore", "pk": "sorl-thumbnail||image||10ee345ae9747bb28c0643ba4d647d7a"}, {"fields": {"value": "{\"storage\": \"django.core.files.storage.FileSystemStorage\", \"name\": \"cache/8b/e3/8be3c6ed84321af6122ab6cf5cabe1a8.jpg\", \"size\": [65, 55]}"}, "model": "thumbnail.kvstore", "pk": "sorl-thumbnail||image||136959b2978f4fae6fd9a0a4c066086c"}, {"fields": {"value": "{\"storage\": \"django.core.files.storage.FileSystemStorage\", \"name\": \"cache/17/73/1773d8e71a0900dd0ce6af5414bf89b3.jpg\", \"size\": [400, 400]}"}, "model": "thumbnail.kvstore", "pk": "sorl-thumbnail||image||1e08cb3c3ae7b4eed385f1feb587237a"}, {"fields": {"value": "{\"storage\": \"django.core.files.storage.FileSystemStorage\", \"name\": \"cache/8f/0e/8f0eadaff9a46e4d81c4656661834654.jpg\", \"size\": [200, 200]}"}, "model": "thumbnail.kvstore", "pk": "sorl-thumbnail||image||2ea475f50b740618ebd55dea4ecf233e"}, {"fields": {"value": "{\"storage\": \"django.core.files.storage.FileSystemStorage\", \"name\": \"image_not_found.jpg\", \"size\": [400, 300]}"}, "model": "thumbnail.kvstore", "pk": "sorl-thumbnail||image||333d9bc5d06398a67bb04eb910e0936c"}, {"fields": {"value": "{\"storage\": \"django.core.files.storage.FileSystemStorage\", \"name\": \"cache/86/81/8681882b91b323a11ab2360f57c7928b.jpg\", \"size\": [400, 400]}"}, "model": "thumbnail.kvstore", "pk": "sorl-thumbnail||image||452e0a85de99a1c9a6c96095a3021d91"}, {"fields": {"value": "{\"storage\": \"django.core.files.storage.FileSystemStorage\", \"name\": \"images/products/2016/10/bong_4_2.jpg\", \"size\": [800, 800]}"}, "model": "thumbnail.kvstore", "pk": "sorl-thumbnail||image||5ef2dc8a95ff28f22c2784adb5bb5d26"}, {"fields": {"value": "{\"storage\": \"django.core.files.storage.FileSystemStorage\", \"name\": \"images/products/2016/10/bong_4.jpg\", \"size\": [800, 800]}"}, "model": "thumbnail.kvstore", "pk": "sorl-thumbnail||image||6516fe3b02c646f48c13f8de760ff8dd"}, {"fields": {"value": "{\"storage\": \"django.core.files.storage.FileSystemStorage\", \"name\": \"cache/17/d5/17d59725435216b0e455fcb9659a84f3.jpg\", \"size\": [100, 75]}"}, "model": "thumbnail.kvstore", "pk": "sorl-thumbnail||image||703902d69ceadbcc077fe481ec2060f4"}, {"fields": {"value": "{\"storage\": \"django.core.files.storage.FileSystemStorage\", \"name\": \"cache/f0/bf/f0bf052ab0dc2641daca23586641d2a6.jpg\", \"size\": [70, 70]}"}, "model": "thumbnail.kvstore", "pk": "sorl-thumbnail||image||7f041af68d84de4474f60f8c813ca421"}, {"fields": {"value": "{\"storage\": \"django.core.files.storage.FileSystemStorage\", \"name\": \"cache/ee/d6/eed6bcfd8732ca981f2d25a20233226c.jpg\", \"size\": [207, 155]}"}, "model": "thumbnail.kvstore", "pk": "sorl-thumbnail||image||82d86649c337485d7ce16762750e524c"}, {"fields": {"value": "{\"storage\": \"django.core.files.storage.FileSystemStorage\", \"name\": \"cache/59/d3/59d3d8c74e03cbba3aed4051c18d6a8c.jpg\", \"size\": [400, 300]}"}, "model": "thumbnail.kvstore", "pk": "sorl-thumbnail||image||8c49628853bc32a76a137c9ee14e9593"}, {"fields": {"value": "{\"storage\": \"django.core.files.storage.FileSystemStorage\", \"name\": \"cache/73/fe/73fe16f738eb77fae696a029dfc6c5ef.jpg\", \"size\": [65, 55]}"}, "model": "thumbnail.kvstore", "pk": "sorl-thumbnail||image||8e6970d457f2f06d77dec42fbf02eab6"}, {"fields": {"value": "{\"storage\": \"django.core.files.storage.FileSystemStorage\", \"name\": \"cache/c2/dc/c2dc6d093214ed9df0eae2b459b53636.jpg\", \"size\": [200, 200]}"}, "model": "thumbnail.kvstore", "pk": "sorl-thumbnail||image||997cb35a6d249be8fa411d7a4562527d"}, {"fields": {"value": "[\"82d86649c337485d7ce16762750e524c\"]"}, "model": "thumbnail.kvstore", "pk": "sorl-thumbnail||thumbnails||333d9bc5d06398a67bb04eb910e0936c"}, {"fields": {"value": "[\"1e08cb3c3ae7b4eed385f1feb587237a\"]"}, "model": "thumbnail.kvstore", "pk": "sorl-thumbnail||thumbnails||5ef2dc8a95ff28f22c2784adb5bb5d26"}, {"fields": {"value": "[\"7f041af68d84de4474f60f8c813ca421\"]"}, "model": "thumbnail.kvstore", "pk": "sorl-thumbnail||thumbnails||6516fe3b02c646f48c13f8de760ff8dd"}, {"fields": {"action_flag": 1, "action_time": "2016-09-29T13:50:29.685Z", "object_repr": "Visa Mastercard XXXX-XXXX-XXXX-0215 (Expires: 08/17)", "object_id": "1", "change_message": "Added.", "user": 1, "content_type": 41}, "model": "admin.logentry", "pk": 1}, {"fields": {"action_flag": 2, "action_time": "2016-10-05T17:39:43.948Z", "object_repr": "\u0421\u0435\u043c\u0435\u043d\u0430 \u043a\u043e\u043d\u043e\u043f\u043b\u0438", "object_id": "1", "change_message": "\u0418\u0437\u043c\u0435\u043d\u0435\u043d _ref_node_id.", "user": 1, "content_type": 19}, "model": "admin.logentry", "pk": 2}, {"fields": {"action_flag": 1, "action_time": "2016-10-05T18:34:07.274Z", "object_repr": "CRBLRF", "object_id": "1", "change_message": "\u0414\u043e\u0431\u0430\u0432\u043b\u0435\u043d\u043e.", "user": 1, "content_type": 83}, "model": "admin.logentry", "pk": 3}, {"fields": {"action_flag": 1, "action_time": "2016-10-05T18:34:32.495Z", "object_repr": "eddd", "object_id": "2", "change_message": "\u0414\u043e\u0431\u0430\u0432\u043b\u0435\u043d\u043e.", "user": 1, "content_type": 83}, "model": "admin.logentry", "pk": 4}, {"fields": {"action_flag": 1, "action_time": "2016-10-07T14:16:58.774Z", "object_repr": "\u041f\u043e\u043a\u0430\u0437\u0430\u0442\u0435\u043b\u0438", "object_id": "1", "change_message": "\u0414\u043e\u0431\u0430\u0432\u043b\u0435\u043d\u043e. \u0414\u043e\u0431\u0430\u0432\u043b\u0435\u043d \u041e\u043f\u0446\u0438\u044f \u0430\u0442\u0440\u0438\u0431\u0443\u0442\u0430 \"\u0422\u0413\u041a\". \u0414\u043e\u0431\u0430\u0432\u043b\u0435\u043d \u041e\u043f\u0446\u0438\u044f \u0430\u0442\u0440\u0438\u0431\u0443\u0442\u0430 \"\u041a\u0411\u0414\". \u0414\u043e\u0431\u0430\u0432\u043b\u0435\u043d \u041e\u043f\u0446\u0438\u044f \u0430\u0442\u0440\u0438\u0431\u0443\u0442\u0430 \"\u0412\u044b\u0441\u043e\u0442\u0430\". \u0414\u043e\u0431\u0430\u0432\u043b\u0435\u043d \u041e\u043f\u0446\u0438\u044f \u0430\u0442\u0440\u0438\u0431\u0443\u0442\u0430 \"\u0423\u0440\u043e\u0436\u0430\u0439\u043d\u043e\u0441\u0442\u044c\".", "user": 1, "content_type": 25}, "model": "admin.logentry", "pk": 5}, {"fields": {"action_flag": 2, "action_time": "2016-10-07T14:17:05.125Z", "object_repr": "\u041f\u043e\u043a\u0430\u0437\u0430\u0442\u0435\u043b\u0438", "object_id": "16", "change_message": "\u0418\u0437\u043c\u0435\u043d\u0435\u043d option_group.", "user": 1, "content_type": 23}, "model": "admin.logentry", "pk": 6}, {"fields": {"action_flag": 1, "action_time": "2016-10-07T14:34:05.907Z", "object_repr": "\u0422\u0438\u043f", "object_id": "1", "change_message": "\u0414\u043e\u0431\u0430\u0432\u043b\u0435\u043d\u043e.", "user": 1, "content_type": 27}, "model": "admin.logentry", "pk": 7}, {"fields": {"action_flag": 3, "action_time": "2016-10-07T14:34:24.698Z", "object_repr": "\u0422\u0438\u043f", "object_id": "1", "change_message": "", "user": 1, "content_type": 27}, "model": "admin.logentry", "pk": 8}, {"fields": {"action_flag": 1, "action_time": "2016-10-07T14:59:26.176Z", "object_repr": "\u041a\u043b\u0438\u043c\u0430\u0442", "object_id": "2", "change_message": "\u0414\u043e\u0431\u0430\u0432\u043b\u0435\u043d\u043e. \u0414\u043e\u0431\u0430\u0432\u043b\u0435\u043d \u041e\u043f\u0446\u0438\u044f \u0430\u0442\u0440\u0438\u0431\u0443\u0442\u0430 \"\u041a\u043b\u0438\u043c\u0430\u0442\u0438\u0447\u0435\u0441\u043a\u0438\u0435 \u0437\u043e\u043d\u044b\". \u0414\u043e\u0431\u0430\u0432\u043b\u0435\u043d \u041e\u043f\u0446\u0438\u044f \u0430\u0442\u0440\u0438\u0431\u0443\u0442\u0430 \"\u0421\u0431\u043e\u0440 \u0443\u0440\u043e\u0436\u0430\u044f\". \u0414\u043e\u0431\u0430\u0432\u043b\u0435\u043d \u041e\u043f\u0446\u0438\u044f \u0430\u0442\u0440\u0438\u0431\u0443\u0442\u0430 \"\u041f\u0435\u0440\u0438\u043e\u0434 \u0441\u043e\u0437\u0440\u0435\u0432\u0430\u043d\u0438\u044f\".", "user": 1, "content_type": 25}, "model": "admin.logentry", "pk": 9}, {"fields": {"action_flag": 2, "action_time": "2016-10-07T14:59:30.332Z", "object_repr": "\u041a\u043b\u0438\u043c\u0430\u0442", "object_id": "15", "change_message": "\u0418\u0437\u043c\u0435\u043d\u0435\u043d type \u0438 option_group.", "user": 1, "content_type": 23}, "model": "admin.logentry", "pk": 10}, {"fields": {"action_flag": 1, "action_time": "2016-10-07T15:00:41.179Z", "object_repr": "\u0422\u0438\u043f", "object_id": "3", "change_message": "\u0414\u043e\u0431\u0430\u0432\u043b\u0435\u043d\u043e. \u0414\u043e\u0431\u0430\u0432\u043b\u0435\u043d \u041e\u043f\u0446\u0438\u044f \u0430\u0442\u0440\u0438\u0431\u0443\u0442\u0430 \"\u0424\u0435\u043c\u0435\u043d\u0438\u0437\u0438\u0440\u043e\u0432\u0430\u043d\u043d\u044b\u0435\". \u0414\u043e\u0431\u0430\u0432\u043b\u0435\u043d \u041e\u043f\u0446\u0438\u044f \u0430\u0442\u0440\u0438\u0431\u0443\u0442\u0430 \"\u0410\u0432\u0442\u043e\u0446\u0432\u0435\u0442\u0443\u0449\u0438\u0435\". \u0414\u043e\u0431\u0430\u0432\u043b\u0435\u043d \u041e\u043f\u0446\u0438\u044f \u0430\u0442\u0440\u0438\u0431\u0443\u0442\u0430 \"\u0420\u0435\u0433\u0443\u043b\u044f\u0440\u043d\u044b\u0435\".", "user": 1, "content_type": 25}, "model": "admin.logentry", "pk": 11}, {"fields": {"action_flag": 2, "action_time": "2016-10-07T15:00:54.967Z", "object_repr": "\u0422\u0438\u043f", "object_id": "13", "change_message": "\u0418\u0437\u043c\u0435\u043d\u0435\u043d option_group.", "user": 1, "content_type": 23}, "model": "admin.logentry", "pk": 12}, {"fields": {"action_flag": 1, "action_time": "2016-10-07T15:01:37.907Z", "object_repr": "\u0422\u0438\u043f", "object_id": "2", "change_message": "\u0414\u043e\u0431\u0430\u0432\u043b\u0435\u043d\u043e.", "user": 1, "content_type": 27}, "model": "admin.logentry", "pk": 13}, {"fields": {"action_flag": 1, "action_time": "2016-10-07T15:04:57.273Z", "object_repr": "\u0425\u0430\u0440\u0430\u043a\u0442\u0435\u0440\u0438\u0441\u0442\u0438\u043a\u0438", "object_id": "4", "change_message": "\u0414\u043e\u0431\u0430\u0432\u043b\u0435\u043d\u043e.", "user": 1, "content_type": 25}, "model": "admin.logentry", "pk": 14}, {"fields": {"action_flag": 2, "action_time": "2016-10-07T15:05:10.268Z", "object_repr": "\u041a\u043b\u0438\u043c\u0430\u0442", "object_id": "15", "change_message": "\u0418\u0437\u043c\u0435\u043d\u0435\u043d option_group.", "user": 1, "content_type": 23}, "model": "admin.logentry", "pk": 15}, {"fields": {"action_flag": 3, "action_time": "2016-10-07T15:05:33.157Z", "object_repr": "\u0422\u0438\u043f", "object_id": "2", "change_message": "", "user": 1, "content_type": 27}, "model": "admin.logentry", "pk": 16}, {"fields": {"action_flag": 1, "action_time": "2016-10-07T15:41:39.537Z", "object_repr": "\u0410\u0432\u0442\u043e\u0446\u0432\u0435\u0442\u0443\u0449\u0438\u0435", "object_id": "3", "change_message": "\u0414\u043e\u0431\u0430\u0432\u043b\u0435\u043d\u043e.", "user": 1, "content_type": 27}, "model": "admin.logentry", "pk": 17}, {"fields": {"action_flag": 1, "action_time": "2016-10-07T15:42:00.118Z", "object_repr": "\u0424\u0435\u043c\u0438\u043d\u0438\u0437\u0438\u0440\u043e\u0432\u0430\u043d\u043d\u044b\u0435", "object_id": "4", "change_message": "\u0414\u043e\u0431\u0430\u0432\u043b\u0435\u043d\u043e.", "user": 1, "content_type": 27}, "model": "admin.logentry", "pk": 18}, {"fields": {"action_flag": 2, "action_time": "2016-10-07T15:42:11.870Z", "object_repr": "\u0424\u0435\u043c\u0438\u043d\u0438\u0437\u0438\u0440\u043e\u0432\u0430\u043d\u043d\u044b\u0435", "object_id": "4", "change_message": "\u0418\u0437\u043c\u0435\u043d\u0435\u043d type.", "user": 1, "content_type": 27}, "model": "admin.logentry", "pk": 19}, {"fields": {"action_flag": 1, "action_time": "2016-10-07T15:42:19.397Z", "object_repr": "\u0420\u0435\u0433\u0443\u043b\u044f\u0440\u043d\u044b\u0435", "object_id": "5", "change_message": "\u0414\u043e\u0431\u0430\u0432\u043b\u0435\u043d\u043e.", "user": 1, "content_type": 27}, "model": "admin.logentry", "pk": 20}, {"fields": {"action_flag": 1, "action_time": "2016-10-08T16:13:01.486Z", "object_repr": "\u041a\u043b\u0438\u043c\u0430\u0442\u0438\u0447\u0435\u0441\u043a\u0438\u0435 \u0437\u043e\u043d\u044b", "object_id": "6", "change_message": "\u0414\u043e\u0431\u0430\u0432\u043b\u0435\u043d\u043e.", "user": 1, "content_type": 27}, "model": "admin.logentry", "pk": 21}, {"fields": {"action_flag": 2, "action_time": "2016-10-08T16:13:07.609Z", "object_repr": "\u041a\u043b\u0438\u043c\u0430\u0442\u0438\u0447\u0435\u0441\u043a\u0438\u0435 \u0437\u043e\u043d\u044b", "object_id": "6", "change_message": "\u041d\u0438 \u043e\u0434\u043d\u043e \u043f\u043e\u043b\u0435 \u043d\u0435 \u0438\u0437\u043c\u0435\u043d\u0435\u043d\u043e.", "user": 1, "content_type": 27}, "model": "admin.logentry", "pk": 22}, {"fields": {"action_flag": 1, "action_time": "2016-10-08T16:13:23.975Z", "object_repr": "\u041f\u0435\u0440\u0438\u043e\u0434 \u0441\u043e\u0437\u0440\u0435\u0432\u0430\u043d\u0438\u044f", "object_id": "7", "change_message": "\u0414\u043e\u0431\u0430\u0432\u043b\u0435\u043d\u043e.", "user": 1, "content_type": 27}, "model": "admin.logentry", "pk": 23}, {"fields": {"action_flag": 1, "action_time": "2016-10-08T16:13:33.633Z", "object_repr": "\u0421\u0431\u043e\u0440 \u0443\u0440\u043e\u0436\u0430\u044f", "object_id": "8", "change_message": "\u0414\u043e\u0431\u0430\u0432\u043b\u0435\u043d\u043e.", "user": 1, "content_type": 27}, "model": "admin.logentry", "pk": 24}, {"fields": {"action_flag": 3, "action_time": "2016-10-08T16:31:16.766Z", "object_repr": "\u0420\u0435\u0433\u0443\u043b\u044f\u0440\u043d\u044b\u0435", "object_id": "5", "change_message": "", "user": 1, "content_type": 27}, "model": "admin.logentry", "pk": 25}, {"fields": {"action_flag": 3, "action_time": "2016-10-08T16:31:16.767Z", "object_repr": "\u0424\u0435\u043c\u0438\u043d\u0438\u0437\u0438\u0440\u043e\u0432\u0430\u043d\u043d\u044b\u0435", "object_id": "4", "change_message": "", "user": 1, "content_type": 27}, "model": "admin.logentry", "pk": 26}, {"fields": {"action_flag": 3, "action_time": "2016-10-08T16:31:16.767Z", "object_repr": "\u0410\u0432\u0442\u043e\u0446\u0432\u0435\u0442\u0443\u0449\u0438\u0435", "object_id": "3", "change_message": "", "user": 1, "content_type": 27}, "model": "admin.logentry", "pk": 27}, {"fields": {"action_flag": 1, "action_time": "2016-10-08T16:44:00.929Z", "object_repr": "nav_menu", "object_id": "1", "change_message": "\u0414\u043e\u0431\u0430\u0432\u043b\u0435\u043d\u043e.", "user": 1, "content_type": 80}, "model": "admin.logentry", "pk": 28}, {"fields": {"action_flag": 1, "action_time": "2016-10-08T16:44:14.564Z", "object_repr": "nav_menu", "object_id": "2", "change_message": "\u0414\u043e\u0431\u0430\u0432\u043b\u0435\u043d\u043e.", "user": 1, "content_type": 80}, "model": "admin.logentry", "pk": 29}, {"fields": {"action_flag": 1, "action_time": "2016-10-08T16:47:27.529Z", "object_repr": "http://31.131.24.128:8000/", "object_id": "2", "change_message": "\u0414\u043e\u0431\u0430\u0432\u043b\u0435\u043d\u043e.", "user": 1, "content_type": 7}, "model": "admin.logentry", "pk": 30}, {"fields": {"action_flag": 2, "action_time": "2016-10-08T16:47:37.316Z", "object_repr": "/rastabong/ -- Rastabong", "object_id": "8", "change_message": "\u0418\u0437\u043c\u0435\u043d\u0435\u043d content \u0438 sites.", "user": 1, "content_type": 8}, "model": "admin.logentry", "pk": 31}, {"fields": {"action_flag": 2, "action_time": "2016-10-08T16:48:59.877Z", "object_repr": "/rastabong/ -- Rastabong", "object_id": "8", "change_message": "\u0418\u0437\u043c\u0435\u043d\u0435\u043d sites \u0438 template_name.", "user": 1, "content_type": 8}, "model": "admin.logentry", "pk": 32}, {"fields": {"action_flag": 2, "action_time": "2016-10-08T16:49:22.661Z", "object_repr": "/rastabong/ -- Rastabong", "object_id": "8", "change_message": "\u041d\u0438 \u043e\u0434\u043d\u043e \u043f\u043e\u043b\u0435 \u043d\u0435 \u0438\u0437\u043c\u0435\u043d\u0435\u043d\u043e.", "user": 1, "content_type": 8}, "model": "admin.logentry", "pk": 33}, {"fields": {"action_flag": 1, "action_time": "2016-10-08T16:51:16.706Z", "object_repr": "/about/contact/ -- menu", "object_id": "11", "change_message": "\u0414\u043e\u0431\u0430\u0432\u043b\u0435\u043d\u043e.", "user": 1, "content_type": 8}, "model": "admin.logentry", "pk": 34}, {"fields": {"action_flag": 1, "action_time": "2016-10-08T16:52:36.516Z", "object_repr": "31.131.24.128:8000", "object_id": "3", "change_message": "\u0414\u043e\u0431\u0430\u0432\u043b\u0435\u043d\u043e.", "user": 1, "content_type": 7}, "model": "admin.logentry", "pk": 35}, {"fields": {"action_flag": 2, "action_time": "2016-10-08T16:52:40.086Z", "object_repr": "/about/contact/ -- menu", "object_id": "11", "change_message": "\u0418\u0437\u043c\u0435\u043d\u0435\u043d sites.", "user": 1, "content_type": 8}, "model": "admin.logentry", "pk": 36}, {"fields": {"action_flag": 2, "action_time": "2016-10-11T14:35:00.379Z", "object_repr": "Bongi", "object_id": "5", "change_message": "\u041d\u0438 \u043e\u0434\u043d\u043e \u043f\u043e\u043b\u0435 \u043d\u0435 \u0438\u0437\u043c\u0435\u043d\u0435\u043d\u043e.", "user": 1, "content_type": 19}, "model": "admin.logentry", "pk": 37}, {"fields": {"action_flag": 1, "action_time": "2016-10-11T14:37:58.505Z", "object_repr": "\u0412\u0438\u0434", "object_id": "5", "change_message": "\u0414\u043e\u0431\u0430\u0432\u043b\u0435\u043d\u043e. \u0414\u043e\u0431\u0430\u0432\u043b\u0435\u043d \u041e\u043f\u0446\u0438\u044f \u0430\u0442\u0440\u0438\u0431\u0443\u0442\u0430 \"\u0421\u0430\u0442\u0438\u0432\u0430\". \u0414\u043e\u0431\u0430\u0432\u043b\u0435\u043d \u041e\u043f\u0446\u0438\u044f \u0430\u0442\u0440\u0438\u0431\u0443\u0442\u0430 \"\u0418\u043d\u0434\u0438\u043a\u0430\".", "user": 1, "content_type": 25}, "model": "admin.logentry", "pk": 38}, {"fields": {"action_flag": 1, "action_time": "2016-10-11T14:42:58.768Z", "object_repr": "\u0413\u0440\u043e\u0443\u0440\u0435\u043f\u043e\u0440\u0442", "object_id": "6", "change_message": "\u0414\u043e\u0431\u0430\u0432\u043b\u0435\u043d\u043e. \u0414\u043e\u0431\u0430\u0432\u043b\u0435\u043d \u041e\u043f\u0446\u0438\u044f \u0430\u0442\u0440\u0438\u0431\u0443\u0442\u0430 \"\u0421\u043c\u043e\u0442\u0440\u0435\u0442\u044c \u0433\u0440\u043e\u0443\u0440\u0435\u043f\u043e\u0440\u0442\". \u0414\u043e\u0431\u0430\u0432\u043b\u0435\u043d \u041e\u043f\u0446\u0438\u044f \u0430\u0442\u0440\u0438\u0431\u0443\u0442\u0430 \"\u0421\u043e\u0437\u0434\u0430\u0442\u044c \u0433\u0440\u043e\u0443\u0440\u0435\u043f\u043e\u0440\u0442\".", "user": 1, "content_type": 25}, "model": "admin.logentry", "pk": 39}, {"fields": {"action_flag": 2, "action_time": "2016-10-11T14:48:25.683Z", "object_repr": "\u0421\u0435\u043c\u0435\u043d\u0430 \u043a\u043e\u043d\u043e\u043f\u043b\u0438", "object_id": "2", "change_message": "\u0414\u043e\u0431\u0430\u0432\u043b\u0435\u043d \u0410\u0442\u0440\u0438\u0431\u0443\u0442 \u0442\u043e\u0432\u0430\u0440\u0430 \"VR\". \u0414\u043e\u0431\u0430\u0432\u043b\u0435\u043d \u0410\u0442\u0440\u0438\u0431\u0443\u0442 \u0442\u043e\u0432\u0430\u0440\u0430 \"\u0412\u0438\u0434\u0435\u043e \u043e\u0431\u0437\u043e\u0440\". \u0414\u043e\u0431\u0430\u0432\u043b\u0435\u043d \u0410\u0442\u0440\u0438\u0431\u0443\u0442 \u0442\u043e\u0432\u0430\u0440\u0430 \"\u0413\u0440\u043e\u0443\u0440\u0435\u043f\u043e\u0440\u0442\". \u0418\u0437\u043c\u0435\u043d\u0435\u043d\u044b option_group \u0434\u043b\u044f \u0410\u0442\u0440\u0438\u0431\u0443\u0442 \u0442\u043e\u0432\u0430\u0440\u0430 \"\u0412\u0438\u0434\".", "user": 1, "content_type": 18}, "model": "admin.logentry", "pk": 40}, {"fields": {"action_flag": 1, "action_time": "2016-10-11T14:50:36.472Z", "object_repr": "\u041c\u0430\u0442\u0435\u0440\u0438\u0430\u043b \u0431\u043e\u043d\u0433\u0438", "object_id": "7", "change_message": "\u0414\u043e\u0431\u0430\u0432\u043b\u0435\u043d\u043e. \u0414\u043e\u0431\u0430\u0432\u043b\u0435\u043d \u041e\u043f\u0446\u0438\u044f \u0430\u0442\u0440\u0438\u0431\u0443\u0442\u0430 \"\u0421\u0442\u0435\u043a\u043b\u043e\". \u0414\u043e\u0431\u0430\u0432\u043b\u0435\u043d \u041e\u043f\u0446\u0438\u044f \u0430\u0442\u0440\u0438\u0431\u0443\u0442\u0430 \"\u0410\u043a\u0440\u0438\u043b\".", "user": 1, "content_type": 25}, "model": "admin.logentry", "pk": 41}, {"fields": {"action_flag": 1, "action_time": "2016-10-11T14:59:02.480Z", "object_repr": "VR photo", "object_id": "8", "change_message": "\u0414\u043e\u0431\u0430\u0432\u043b\u0435\u043d\u043e. \u0414\u043e\u0431\u0430\u0432\u043b\u0435\u043d \u041e\u043f\u0446\u0438\u044f \u0430\u0442\u0440\u0438\u0431\u0443\u0442\u0430 \"VR view\".", "user": 1, "content_type": 25}, "model": "admin.logentry", "pk": 42}, {"fields": {"action_flag": 1, "action_time": "2016-10-11T15:01:23.294Z", "object_repr": "\u0412\u0438\u0434\u0435\u043e \u043e\u0431\u0437\u043e\u0440", "object_id": "9", "change_message": "\u0414\u043e\u0431\u0430\u0432\u043b\u0435\u043d\u043e. \u0414\u043e\u0431\u0430\u0432\u043b\u0435\u043d \u041e\u043f\u0446\u0438\u044f \u0430\u0442\u0440\u0438\u0431\u0443\u0442\u0430 \"Youtube \u043e\u0431\u0437\u043e\u0440\u044b\".", "user": 1, "content_type": 25}, "model": "admin.logentry", "pk": 43}, {"fields": {"action_flag": 1, "action_time": "2016-10-11T15:04:15.556Z", "object_repr": "\u0414\u043e\u043f\u043e\u043b\u043d\u0438\u0442\u0435\u043b\u044c\u043d\u043e \u0431\u043e\u043d\u0433\u0438", "object_id": "10", "change_message": "\u0414\u043e\u0431\u0430\u0432\u043b\u0435\u043d\u043e. \u0414\u043e\u0431\u0430\u0432\u043b\u0435\u043d \u041e\u043f\u0446\u0438\u044f \u0430\u0442\u0440\u0438\u0431\u0443\u0442\u0430 \"Icebong\". \u0414\u043e\u0431\u0430\u0432\u043b\u0435\u043d \u041e\u043f\u0446\u0438\u044f \u0430\u0442\u0440\u0438\u0431\u0443\u0442\u0430 \"Perco\". \u0414\u043e\u0431\u0430\u0432\u043b\u0435\u043d \u041e\u043f\u0446\u0438\u044f \u0430\u0442\u0440\u0438\u0431\u0443\u0442\u0430 \"\u041f\u0440\u0435\u043a\u0443\u043b\u043b\u0435\u0440\".", "user": 1, "content_type": 25}, "model": "admin.logentry", "pk": 44}, {"fields": {"action_flag": 1, "action_time": "2016-10-11T15:05:09.781Z", "object_repr": "\u0411\u043e\u043d\u0433\u0438", "object_id": "3", "change_message": "\u0414\u043e\u0431\u0430\u0432\u043b\u0435\u043d\u043e. \u0414\u043e\u0431\u0430\u0432\u043b\u0435\u043d \u0410\u0442\u0440\u0438\u0431\u0443\u0442 \u0442\u043e\u0432\u0430\u0440\u0430 \"\u041c\u0430\u0442\u0435\u0440\u0438\u0430\u043b\". \u0414\u043e\u0431\u0430\u0432\u043b\u0435\u043d \u0410\u0442\u0440\u0438\u0431\u0443\u0442 \u0442\u043e\u0432\u0430\u0440\u0430 \"\u0412\u044b\u0441\u043e\u0442\u0430\". \u0414\u043e\u0431\u0430\u0432\u043b\u0435\u043d \u0410\u0442\u0440\u0438\u0431\u0443\u0442 \u0442\u043e\u0432\u0430\u0440\u0430 \"\u0414\u043e\u043f\u043e\u043b\u043d\u0438\u0442\u0435\u043b\u044c\u043d\u043e\". \u0414\u043e\u0431\u0430\u0432\u043b\u0435\u043d \u0410\u0442\u0440\u0438\u0431\u0443\u0442 \u0442\u043e\u0432\u0430\u0440\u0430 \"VR\". \u0414\u043e\u0431\u0430\u0432\u043b\u0435\u043d \u0410\u0442\u0440\u0438\u0431\u0443\u0442 \u0442\u043e\u0432\u0430\u0440\u0430 \"\u0412\u0438\u0434\u0435\u043e \u043e\u0431\u0437\u043e\u0440\".", "user": 1, "content_type": 18}, "model": "admin.logentry", "pk": 45}, {"fields": {"action_flag": 3, "action_time": "2016-10-11T17:44:02.877Z", "object_repr": "/catalogue/category/growblog/growreport_8//blackjack-growreport/ -- Blackjack growreport", "object_id": "3", "change_message": "", "user": 1, "content_type": 8}, "model": "admin.logentry", "pk": 46}, {"fields": {"action_flag": 3, "action_time": "2016-10-11T17:44:02.878Z", "object_repr": "/catalogue/category/growblog/news_10//novost/ -- Novost", "object_id": "4", "change_message": "", "user": 1, "content_type": 8}, "model": "admin.logentry", "pk": 47}, {"fields": {"action_flag": 3, "action_time": "2016-10-11T17:44:02.878Z", "object_repr": "/catalogue/category/help-pages_6//about-us/ -- About us", "object_id": "1", "change_message": "", "user": 1, "content_type": 8}, "model": "admin.logentry", "pk": 48}, {"fields": {"action_flag": 3, "action_time": "2016-10-11T17:44:02.878Z", "object_repr": "/catalogue/category/semena-konopli_1//blackjack/ -- Blackjack", "object_id": "2", "change_message": "", "user": 1, "content_type": 8}, "model": "admin.logentry", "pk": 49}, {"fields": {"action_flag": 3, "action_time": "2016-10-11T17:44:02.879Z", "object_repr": "/catalogue/category/udobreniya_4//flora-nova-bloom/ -- Flora Nova Bloom", "object_id": "7", "change_message": "", "user": 1, "content_type": 8}, "model": "admin.logentry", "pk": 50}, {"fields": {"action_flag": 3, "action_time": "2016-10-11T17:44:02.879Z", "object_repr": "/dnat-lampa-400-vt/ -- \u0414\u043d\u0430\u0442 \u043b\u0430\u043c\u043f\u0430 400 \u0412\u0442", "object_id": "9", "change_message": "", "user": 1, "content_type": 8}, "model": "admin.logentry", "pk": 51}, {"fields": {"action_flag": 3, "action_time": "2016-10-11T17:44:02.880Z", "object_repr": "/kreativ/ -- \u041a\u0440\u0435\u0430\u0442\u0438\u0432", "object_id": "10", "change_message": "", "user": 1, "content_type": 8}, "model": "admin.logentry", "pk": 52}, {"fields": {"action_flag": 3, "action_time": "2016-10-11T17:44:02.880Z", "object_repr": "/star-weeds-episode-1/ -- Star Weeds Episode 1", "object_id": "5", "change_message": "", "user": 1, "content_type": 8}, "model": "admin.logentry", "pk": 53}, {"fields": {"action_flag": 1, "action_time": "2016-10-11T17:47:15.590Z", "object_repr": "/team/ -- team", "object_id": "12", "change_message": "\u0414\u043e\u0431\u0430\u0432\u043b\u0435\u043d\u043e.", "user": 1, "content_type": 8}, "model": "admin.logentry", "pk": 54}, {"fields": {"action_flag": 1, "action_time": "2016-10-12T18:39:57.993Z", "object_repr": "\u0423\u0434\u043e\u0431\u0440\u0435\u043d\u0438\u044f", "object_id": "4", "change_message": "\u0414\u043e\u0431\u0430\u0432\u043b\u0435\u043d\u043e.", "user": 1, "content_type": 18}, "model": "admin.logentry", "pk": 55}, {"fields": {"action_flag": 1, "action_time": "2016-10-12T18:40:27.844Z", "object_repr": "\u0410\u0433\u0440\u043e\u0442\u0435\u0445\u043d\u0438\u043a\u0430", "object_id": "5", "change_message": "\u0414\u043e\u0431\u0430\u0432\u043b\u0435\u043d\u043e.", "user": 1, "content_type": 18}, "model": "admin.logentry", "pk": 56}, {"fields": {"action_flag": 3, "action_time": "2016-10-12T19:07:50.969Z", "object_repr": "\u0410\u0433\u0440\u043e\u0442\u0435\u0445\u043d\u0438\u043a\u0430", "object_id": "5", "change_message": "", "user": 1, "content_type": 18}, "model": "admin.logentry", "pk": 57}, {"fields": {"action_flag": 2, "action_time": "2016-10-12T19:10:22.742Z", "object_repr": "Oborudovanie", "object_id": "3", "change_message": "\u041d\u0438 \u043e\u0434\u043d\u043e \u043f\u043e\u043b\u0435 \u043d\u0435 \u0438\u0437\u043c\u0435\u043d\u0435\u043d\u043e.", "user": 1, "content_type": 19}, "model": "admin.logentry", "pk": 58}, {"fields": {"action_flag": 1, "action_time": "2016-10-12T19:11:22.025Z", "object_repr": "Oborudovanie > \u041b\u0430\u043c\u043f\u044b", "object_id": "26", "change_message": "\u0414\u043e\u0431\u0430\u0432\u043b\u0435\u043d\u043e.", "user": 1, "content_type": 19}, "model": "admin.logentry", "pk": 59}, {"fields": {"action_flag": 1, "action_time": "2016-10-12T19:20:17.177Z", "object_repr": "Oborudovanie > \u041e\u0441\u0432\u0435\u0449\u0435\u043d\u0438\u0435", "object_id": "27", "change_message": "\u0414\u043e\u0431\u0430\u0432\u043b\u0435\u043d\u043e.", "user": 1, "content_type": 19}, "model": "admin.logentry", "pk": 60}, {"fields": {"action_flag": 2, "action_time": "2016-10-12T19:21:36.171Z", "object_repr": "Oborudovanie > \u041e\u0441\u0432\u0435\u0449\u0435\u043d\u0438\u0435", "object_id": "27", "change_message": "\u0418\u0437\u043c\u0435\u043d\u0435\u043d slug.", "user": 1, "content_type": 19}, "model": "admin.logentry", "pk": 61}, {"fields": {"action_flag": 1, "action_time": "2016-10-12T19:22:45.290Z", "object_repr": "Oborudovanie > \u041e\u0441\u0432\u0435\u0449\u0435\u043d\u0438\u0435 > \u041f\u0420\u0410/\u042d\u041f\u0420\u0410", "object_id": "28", "change_message": "\u0414\u043e\u0431\u0430\u0432\u043b\u0435\u043d\u043e.", "user": 1, "content_type": 19}, "model": "admin.logentry", "pk": 62}, {"fields": {"action_flag": 1, "action_time": "2016-10-12T19:25:30.602Z", "object_repr": "Oborudovanie > \u041e\u0441\u0432\u0435\u0449\u0435\u043d\u0438\u0435 > LED", "object_id": "29", "change_message": "\u0414\u043e\u0431\u0430\u0432\u043b\u0435\u043d\u043e.", "user": 1, "content_type": 19}, "model": "admin.logentry", "pk": 63}, {"fields": {"action_flag": 1, "action_time": "2016-10-12T19:26:50.384Z", "object_repr": "Oborudovanie > \u041e\u0441\u0432\u0435\u0449\u0435\u043d\u0438\u0435 > \u041e\u0442\u0440\u0430\u0436\u0430\u0442\u0435\u043b\u0438", "object_id": "30", "change_message": "\u0414\u043e\u0431\u0430\u0432\u043b\u0435\u043d\u043e.", "user": 1, "content_type": 19}, "model": "admin.logentry", "pk": 64}, {"fields": {"action_flag": 1, "action_time": "2016-10-12T19:27:30.482Z", "object_repr": "Oborudovanie > \u041e\u0441\u0432\u0435\u0449\u0435\u043d\u0438\u0435 > Cooltube", "object_id": "31", "change_message": "\u0414\u043e\u0431\u0430\u0432\u043b\u0435\u043d\u043e.", "user": 1, "content_type": 19}, "model": "admin.logentry", "pk": 65}, {"fields": {"action_flag": 1, "action_time": "2016-10-13T08:22:41.879Z", "object_repr": "Oborudovanie > \u0412\u0435\u043d\u0442\u0438\u043b\u044f\u0446\u0438\u044f", "object_id": "32", "change_message": "\u0414\u043e\u0431\u0430\u0432\u043b\u0435\u043d\u043e.", "user": 1, "content_type": 19}, "model": "admin.logentry", "pk": 66}, {"fields": {"action_flag": 1, "action_time": "2016-10-13T08:23:32.790Z", "object_repr": "Oborudovanie > \u0410\u0432\u0442\u043e\u043c\u0430\u0442\u0438\u043a\u0430", "object_id": "33", "change_message": "\u0414\u043e\u0431\u0430\u0432\u043b\u0435\u043d\u043e.", "user": 1, "content_type": 19}, "model": "admin.logentry", "pk": 67}, {"fields": {"action_flag": 1, "action_time": "2016-10-13T08:24:28.428Z", "object_repr": "Oborudovanie > \u041e\u0441\u0432\u0435\u0449\u0435\u043d\u0438\u0435 > \u041f\u043b\u0435\u043d\u043a\u0430", "object_id": "34", "change_message": "\u0414\u043e\u0431\u0430\u0432\u043b\u0435\u043d\u043e.", "user": 1, "content_type": 19}, "model": "admin.logentry", "pk": 68}, {"fields": {"action_flag": 2, "action_time": "2016-10-13T08:24:33.446Z", "object_repr": "Oborudovanie > \u041e\u0441\u0432\u0435\u0449\u0435\u043d\u0438\u0435 > \u041f\u043b\u0435\u043d\u043a\u0430", "object_id": "34", "change_message": "\u041d\u0438 \u043e\u0434\u043d\u043e \u043f\u043e\u043b\u0435 \u043d\u0435 \u0438\u0437\u043c\u0435\u043d\u0435\u043d\u043e.", "user": 1, "content_type": 19}, "model": "admin.logentry", "pk": 69}, {"fields": {"action_flag": 1, "action_time": "2016-10-13T08:27:14.241Z", "object_repr": "Oborudovanie > \u0412\u0435\u043d\u0442\u0438\u043b\u044f\u0446\u0438\u044f > \u0412\u0435\u043d\u0442\u0438\u043b\u044f\u0442\u043e\u0440\u044b", "object_id": "35", "change_message": "\u0414\u043e\u0431\u0430\u0432\u043b\u0435\u043d\u043e.", "user": 1, "content_type": 19}, "model": "admin.logentry", "pk": 70}, {"fields": {"action_flag": 1, "action_time": "2016-10-13T08:28:33.226Z", "object_repr": "Oborudovanie > \u0412\u0435\u043d\u0442\u0438\u043b\u044f\u0446\u0438\u044f > \u0410\u0432\u0442\u043e\u043c\u0430\u0442\u0438\u043a\u0430", "object_id": "36", "change_message": "\u0414\u043e\u0431\u0430\u0432\u043b\u0435\u043d\u043e.", "user": 1, "content_type": 19}, "model": "admin.logentry", "pk": 71}, {"fields": {"action_flag": 1, "action_time": "2016-10-13T08:29:27.682Z", "object_repr": "Oborudovanie > \u0412\u0435\u043d\u0442\u0438\u043b\u044f\u0446\u0438\u044f > \u0424\u0438\u043b\u044c\u0442\u0440\u0430\u0446\u0438\u044f", "object_id": "37", "change_message": "\u0414\u043e\u0431\u0430\u0432\u043b\u0435\u043d\u043e.", "user": 1, "content_type": 19}, "model": "admin.logentry", "pk": 72}, {"fields": {"action_flag": 2, "action_time": "2016-10-13T08:31:13.973Z", "object_repr": "Oborudovanie", "object_id": "3", "change_message": "\u041d\u0438 \u043e\u0434\u043d\u043e \u043f\u043e\u043b\u0435 \u043d\u0435 \u0438\u0437\u043c\u0435\u043d\u0435\u043d\u043e.", "user": 1, "content_type": 19}, "model": "admin.logentry", "pk": 73}, {"fields": {"action_flag": 1, "action_time": "2016-10-13T08:32:09.944Z", "object_repr": "Oborudovanie > \u0412\u0435\u043d\u0442\u0438\u043b\u044f\u0446\u0438\u044f > \u041d\u0435\u0439\u0442\u0440\u0430\u043b\u0438\u0437\u0430\u0446\u0438\u044f \u0437\u0430\u043f\u0430\u0445\u0430", "object_id": "38", "change_message": "\u0414\u043e\u0431\u0430\u0432\u043b\u0435\u043d\u043e.", "user": 1, "content_type": 19}, "model": "admin.logentry", "pk": 74}, {"fields": {"action_flag": 1, "action_time": "2016-10-13T08:33:26.876Z", "object_repr": "Oborudovanie > \u0412\u0435\u043d\u0442\u0438\u043b\u044f\u0446\u0438\u044f > \u0428\u0443\u043c\u043e\u0438\u0437\u043e\u043b\u044f\u0446\u0438\u044f", "object_id": "39", "change_message": "\u0414\u043e\u0431\u0430\u0432\u043b\u0435\u043d\u043e.", "user": 1, "content_type": 19}, "model": "admin.logentry", "pk": 75}, {"fields": {"action_flag": 1, "action_time": "2016-10-13T08:34:52.522Z", "object_repr": "Oborudovanie > \u0412\u0435\u043d\u0442\u0438\u043b\u044f\u0446\u0438\u044f > \u0410\u043a\u0441\u0435\u0441\u0441\u0443\u0430\u0440\u044b \u0432\u0435\u043d\u0442\u0438\u043b\u044f\u0446\u0438\u0438", "object_id": "40", "change_message": "\u0414\u043e\u0431\u0430\u0432\u043b\u0435\u043d\u043e.", "user": 1, "content_type": 19}, "model": "admin.logentry", "pk": 76}, {"fields": {"action_flag": 1, "action_time": "2016-10-13T08:36:07.732Z", "object_repr": "Oborudovanie > PH-\u043c\u0435\u0442\u0440\u044b", "object_id": "41", "change_message": "\u0414\u043e\u0431\u0430\u0432\u043b\u0435\u043d\u043e.", "user": 1, "content_type": 19}, "model": "admin.logentry", "pk": 77}, {"fields": {"action_flag": 1, "action_time": "2016-10-13T08:37:28.726Z", "object_repr": "Oborudovanie > \u0418\u0437\u043c\u0435\u0440\u0438\u0442\u0435\u043b\u044c\u043d\u044b\u0435 \u043f\u0440\u0438\u0431\u043e\u0440\u044b", "object_id": "42", "change_message": "\u0414\u043e\u0431\u0430\u0432\u043b\u0435\u043d\u043e.", "user": 1, "content_type": 19}, "model": "admin.logentry", "pk": 78}, {"fields": {"action_flag": 2, "action_time": "2016-10-13T08:38:22.818Z", "object_repr": "Oborudovanie > \u0418\u0437\u043c\u0435\u0440\u0438\u0442\u0435\u043b\u044c\u043d\u044b\u0435 \u043f\u0440\u0438\u0431\u043e\u0440\u044b", "object_id": "42", "change_message": "\u0418\u0437\u043c\u0435\u043d\u0435\u043d _position \u0438 _ref_node_id.", "user": 1, "content_type": 19}, "model": "admin.logentry", "pk": 79}, {"fields": {"action_flag": 2, "action_time": "2016-10-13T08:39:24.229Z", "object_repr": "Oborudovanie > \u041e\u0441\u0432\u0435\u0449\u0435\u043d\u0438\u0435", "object_id": "27", "change_message": "\u0418\u0437\u043c\u0435\u043d\u0435\u043d _position \u0438 _ref_node_id.", "user": 1, "content_type": 19}, "model": "admin.logentry", "pk": 80}, {"fields": {"action_flag": 1, "action_time": "2016-10-13T08:40:19.029Z", "object_repr": "Oborudovanie > \u0418\u0437\u043c\u0435\u0440\u0438\u0442\u0435\u043b\u044c\u043d\u044b\u0435 \u043f\u0440\u0438\u0431\u043e\u0440\u044b > ES | TDS \u043c\u0435\u0442\u0440\u044b", "object_id": "43", "change_message": "\u0414\u043e\u0431\u0430\u0432\u043b\u0435\u043d\u043e.", "user": 1, "content_type": 19}, "model": "admin.logentry", "pk": 81}, {"fields": {"action_flag": 1, "action_time": "2016-10-13T10:20:36.202Z", "object_repr": "Udobreniya > \u0411\u0440\u0435\u043d\u0434\u044b", "object_id": "44", "change_message": "\u0414\u043e\u0431\u0430\u0432\u043b\u0435\u043d\u043e.", "user": 1, "content_type": 19}, "model": "admin.logentry", "pk": 82}, {"fields": {"action_flag": 2, "action_time": "2016-10-13T10:22:32.334Z", "object_repr": "\u0421\u0435\u043c\u0435\u043d\u0430 \u043a\u043e\u043d\u043e\u043f\u043b\u0438 > Seed-banks", "object_id": "16", "change_message": "\u0418\u0437\u043c\u0435\u043d\u0435\u043d name \u0438 slug.", "user": 1, "content_type": 19}, "model": "admin.logentry", "pk": 83}, {"fields": {"action_flag": 2, "action_time": "2016-10-13T10:30:49.355Z", "object_repr": "\u041e\u0431\u043e\u0440\u0443\u0434\u043e\u0432\u0430\u043d\u0438\u0435", "object_id": "3", "change_message": "\u0418\u0437\u043c\u0435\u043d\u0435\u043d name.", "user": 1, "content_type": 19}, "model": "admin.logentry", "pk": 84}, {"fields": {"action_flag": 1, "action_time": "2016-10-13T10:36:46.609Z", "object_repr": "\u041e\u0431\u043e\u0440\u0443\u0434\u043e\u0432\u0430\u043d\u0438\u0435 > \u0413\u0440\u043e\u0443\u0431\u043e\u043a\u0441\u044b", "object_id": "45", "change_message": "\u0414\u043e\u0431\u0430\u0432\u043b\u0435\u043d\u043e.", "user": 1, "content_type": 19}, "model": "admin.logentry", "pk": 85}, {"fields": {"action_flag": 1, "action_time": "2016-10-13T10:44:18.927Z", "object_repr": "\u041e\u0431\u043e\u0440\u0443\u0434\u043e\u0432\u0430\u043d\u0438\u0435 > \u041e\u0441\u0432\u0435\u0449\u0435\u043d\u0438\u0435 > \u0417\u0430\u043f\u0447\u0430\u0441\u0442\u0438", "object_id": "46", "change_message": "\u0414\u043e\u0431\u0430\u0432\u043b\u0435\u043d\u043e.", "user": 1, "content_type": 19}, "model": "admin.logentry", "pk": 86}, {"fields": {"action_flag": 2, "action_time": "2016-10-13T10:44:56.327Z", "object_repr": "\u041e\u0431\u043e\u0440\u0443\u0434\u043e\u0432\u0430\u043d\u0438\u0435 > \u0413\u0438\u0434\u0440\u043e\u043f\u043e\u043d\u0438\u043a\u0430", "object_id": "21", "change_message": "\u0418\u0437\u043c\u0435\u043d\u0435\u043d _ref_node_id.", "user": 1, "content_type": 19}, "model": "admin.logentry", "pk": 87}, {"fields": {"action_flag": 2, "action_time": "2016-10-13T10:45:39.055Z", "object_repr": "\u041e\u0431\u043e\u0440\u0443\u0434\u043e\u0432\u0430\u043d\u0438\u0435 > \u0418\u0437\u043c\u0435\u0440\u0438\u0442\u0435\u043b\u044c\u043d\u044b\u0435 \u043f\u0440\u0438\u0431\u043e\u0440\u044b", "object_id": "42", "change_message": "\u041d\u0438 \u043e\u0434\u043d\u043e \u043f\u043e\u043b\u0435 \u043d\u0435 \u0438\u0437\u043c\u0435\u043d\u0435\u043d\u043e.", "user": 1, "content_type": 19}, "model": "admin.logentry", "pk": 88}, {"fields": {"action_flag": 2, "action_time": "2016-10-13T10:46:35.496Z", "object_repr": "Udobreniya > \u0418\u0437\u043c\u0435\u0440\u0438\u0442\u0435\u043b\u044c\u043d\u044b\u0435 \u043f\u0440\u0438\u0431\u043e\u0440\u044b", "object_id": "23", "change_message": "\u0418\u0437\u043c\u0435\u043d\u0435\u043d _position.", "user": 1, "content_type": 19}, "model": "admin.logentry", "pk": 89}, {"fields": {"action_flag": 2, "action_time": "2016-10-13T10:47:13.352Z", "object_repr": "\u041e\u0431\u043e\u0440\u0443\u0434\u043e\u0432\u0430\u043d\u0438\u0435 > \u0421\u0443\u0431\u0441\u0442\u0440\u0430\u0442\u044b", "object_id": "22", "change_message": "\u0418\u0437\u043c\u0435\u043d\u0435\u043d _ref_node_id.", "user": 1, "content_type": 19}, "model": "admin.logentry", "pk": 90}, {"fields": {"action_flag": 1, "action_time": "2016-10-13T10:52:51.388Z", "object_repr": "\u041e\u0431\u043e\u0440\u0443\u0434\u043e\u0432\u0430\u043d\u0438\u0435 > \u0422\u0430\u0440\u0430", "object_id": "47", "change_message": "\u0414\u043e\u0431\u0430\u0432\u043b\u0435\u043d\u043e.", "user": 1, "content_type": 19}, "model": "admin.logentry", "pk": 91}, {"fields": {"action_flag": 2, "action_time": "2016-10-13T10:53:19.802Z", "object_repr": "\u041e\u0431\u043e\u0440\u0443\u0434\u043e\u0432\u0430\u043d\u0438\u0435 > \u041f\u043e\u043b\u0435\u0437\u043d\u044b\u0435 \u0442\u043e\u0432\u0430\u0440\u044b", "object_id": "25", "change_message": "\u0418\u0437\u043c\u0435\u043d\u0435\u043d _ref_node_id.", "user": 1, "content_type": 19}, "model": "admin.logentry", "pk": 92}, {"fields": {"action_flag": 2, "action_time": "2016-10-13T10:53:39.110Z", "object_repr": "\u041e\u0431\u043e\u0440\u0443\u0434\u043e\u0432\u0430\u043d\u0438\u0435 > \u0413\u043e\u0442\u043e\u0432\u044b\u0435 \u043d\u0430\u0431\u043e\u0440\u044b", "object_id": "24", "change_message": "\u0418\u0437\u043c\u0435\u043d\u0435\u043d _ref_node_id.", "user": 1, "content_type": 19}, "model": "admin.logentry", "pk": 93}, {"fields": {"action_flag": 2, "action_time": "2016-10-13T11:26:34.497Z", "object_repr": "\u041e\u0431\u043e\u0440\u0443\u0434\u043e\u0432\u0430\u043d\u0438\u0435 > \u041e\u0441\u0432\u0435\u0449\u0435\u043d\u0438\u0435 > \u0410\u043a\u0441\u0435\u0441\u0441\u0443\u0430\u0440\u044b", "object_id": "46", "change_message": "\u0418\u0437\u043c\u0435\u043d\u0435\u043d name \u0438 slug.", "user": 1, "content_type": 19}, "model": "admin.logentry", "pk": 94}, {"fields": {"action_flag": 2, "action_time": "2016-10-13T11:26:44.069Z", "object_repr": "\u041e\u0431\u043e\u0440\u0443\u0434\u043e\u0432\u0430\u043d\u0438\u0435 > \u0412\u0435\u043d\u0442\u0438\u043b\u044f\u0446\u0438\u044f > \u0410\u043a\u0441\u0435\u0441\u0441\u0443\u0430\u0440\u044b \u0432\u0435\u043d\u0442\u0438\u043b\u044f\u0446\u0438\u0438", "object_id": "40", "change_message": "\u041d\u0438 \u043e\u0434\u043d\u043e \u043f\u043e\u043b\u0435 \u043d\u0435 \u0438\u0437\u043c\u0435\u043d\u0435\u043d\u043e.", "user": 1, "content_type": 19}, "model": "admin.logentry", "pk": 95}, {"fields": {"action_flag": 1, "action_time": "2016-10-13T11:28:51.621Z", "object_repr": "\u041e\u0431\u043e\u0440\u0443\u0434\u043e\u0432\u0430\u043d\u0438\u0435 > \u0418\u0437\u043c\u0435\u0440\u0438\u0442\u0435\u043b\u044c\u043d\u044b\u0435 \u043f\u0440\u0438\u0431\u043e\u0440\u044b > \u041a\u0430\u043b\u0438\u0431\u0440\u043e\u0432\u043a\u0430", "object_id": "48", "change_message": "\u0414\u043e\u0431\u0430\u0432\u043b\u0435\u043d\u043e.", "user": 1, "content_type": 19}, "model": "admin.logentry", "pk": 96}, {"fields": {"action_flag": 2, "action_time": "2016-10-13T11:29:08.487Z", "object_repr": "\u041e\u0431\u043e\u0440\u0443\u0434\u043e\u0432\u0430\u043d\u0438\u0435 > \u0418\u0437\u043c\u0435\u0440\u0438\u0442\u0435\u043b\u044c\u043d\u044b\u0435 \u043f\u0440\u0438\u0431\u043e\u0440\u044b > ES/TDS \u043c\u0435\u0442\u0440\u044b", "object_id": "43", "change_message": "\u0418\u0437\u043c\u0435\u043d\u0435\u043d name.", "user": 1, "content_type": 19}, "model": "admin.logentry", "pk": 97}, {"fields": {"action_flag": 2, "action_time": "2016-10-13T11:29:20.641Z", "object_repr": "\u041e\u0431\u043e\u0440\u0443\u0434\u043e\u0432\u0430\u043d\u0438\u0435 > \u0418\u0437\u043c\u0435\u0440\u0438\u0442\u0435\u043b\u044c\u043d\u044b\u0435 \u043f\u0440\u0438\u0431\u043e\u0440\u044b > PH-\u043c\u0435\u0442\u0440\u044b", "object_id": "41", "change_message": "\u041d\u0438 \u043e\u0434\u043d\u043e \u043f\u043e\u043b\u0435 \u043d\u0435 \u0438\u0437\u043c\u0435\u043d\u0435\u043d\u043e.", "user": 1, "content_type": 19}, "model": "admin.logentry", "pk": 98}, {"fields": {"action_flag": 1, "action_time": "2016-10-13T11:31:20.037Z", "object_repr": "\u041e\u0431\u043e\u0440\u0443\u0434\u043e\u0432\u0430\u043d\u0438\u0435 > \u0418\u0437\u043c\u0435\u0440\u0438\u0442\u0435\u043b\u044c\u043d\u044b\u0435 \u043f\u0440\u0438\u0431\u043e\u0440\u044b > \u0412\u0435\u0441\u044b", "object_id": "49", "change_message": "\u0414\u043e\u0431\u0430\u0432\u043b\u0435\u043d\u043e.", "user": 1, "content_type": 19}, "model": "admin.logentry", "pk": 99}, {"fields": {"action_flag": 2, "action_time": "2016-10-13T11:36:26.876Z", "object_repr": "\u041e\u0431\u043e\u0440\u0443\u0434\u043e\u0432\u0430\u043d\u0438\u0435 > \u0418\u0437\u043c\u0435\u0440\u0438\u0442\u0435\u043b\u044c\u043d\u044b\u0435 \u043f\u0440\u0438\u0431\u043e\u0440\u044b > \u0420\u0430\u0437\u043d\u043e\u0435", "object_id": "49", "change_message": "\u0418\u0437\u043c\u0435\u043d\u0435\u043d name \u0438 slug.", "user": 1, "content_type": 19}, "model": "admin.logentry", "pk": 100}, {"fields": {"action_flag": 2, "action_time": "2016-10-13T11:36:37.255Z", "object_repr": "\u041e\u0431\u043e\u0440\u0443\u0434\u043e\u0432\u0430\u043d\u0438\u0435 > \u0418\u0437\u043c\u0435\u0440\u0438\u0442\u0435\u043b\u044c\u043d\u044b\u0435 \u043f\u0440\u0438\u0431\u043e\u0440\u044b > \u041a\u0430\u043b\u0438\u0431\u0440\u043e\u0432\u043a\u0430", "object_id": "48", "change_message": "\u0418\u0437\u043c\u0435\u043d\u0435\u043d _ref_node_id.", "user": 1, "content_type": 19}, "model": "admin.logentry", "pk": 101}, {"fields": {"action_flag": 1, "action_time": "2016-10-13T11:38:53.156Z", "object_repr": "\u041e\u0431\u043e\u0440\u0443\u0434\u043e\u0432\u0430\u043d\u0438\u0435 > \u0421\u0443\u0431\u0441\u0442\u0440\u0430\u0442\u044b > \u041a\u043e\u043a\u043e\u0441\u043e\u0432\u044b\u0439 \u0441\u0443\u0431\u0441\u0442\u0440\u0430\u0442", "object_id": "50", "change_message": "\u0414\u043e\u0431\u0430\u0432\u043b\u0435\u043d\u043e.", "user": 1, "content_type": 19}, "model": "admin.logentry", "pk": 102}, {"fields": {"action_flag": 1, "action_time": "2016-10-13T11:40:38.955Z", "object_repr": "\u041e\u0431\u043e\u0440\u0443\u0434\u043e\u0432\u0430\u043d\u0438\u0435 > \u0421\u0443\u0431\u0441\u0442\u0440\u0430\u0442\u044b > \u041c\u0438\u043d\u0432\u0430\u0442\u0430", "object_id": "51", "change_message": "\u0414\u043e\u0431\u0430\u0432\u043b\u0435\u043d\u043e.", "user": 1, "content_type": 19}, "model": "admin.logentry", "pk": 103}, {"fields": {"action_flag": 2, "action_time": "2016-10-13T11:41:04.542Z", "object_repr": "\u041e\u0431\u043e\u0440\u0443\u0434\u043e\u0432\u0430\u043d\u0438\u0435 > \u0421\u0443\u0431\u0441\u0442\u0440\u0430\u0442\u044b > \u041c\u0438\u043d\u0432\u0430\u0442\u0430", "object_id": "51", "change_message": "\u0418\u0437\u043c\u0435\u043d\u0435\u043d _position \u0438 _ref_node_id.", "user": 1, "content_type": 19}, "model": "admin.logentry", "pk": 104}, {"fields": {"action_flag": 1, "action_time": "2016-10-13T11:48:25.475Z", "object_repr": "\u041e\u0431\u043e\u0440\u0443\u0434\u043e\u0432\u0430\u043d\u0438\u0435 > \u0421\u0443\u0431\u0441\u0442\u0440\u0430\u0442\u044b > \u0417\u0435\u043c\u043b\u044f", "object_id": "52", "change_message": "\u0414\u043e\u0431\u0430\u0432\u043b\u0435\u043d\u043e.", "user": 1, "content_type": 19}, "model": "admin.logentry", "pk": 105}, {"fields": {"action_flag": 1, "action_time": "2016-10-13T11:48:57.352Z", "object_repr": "\u041e\u0431\u043e\u0440\u0443\u0434\u043e\u0432\u0430\u043d\u0438\u0435 > \u0421\u0443\u0431\u0441\u0442\u0440\u0430\u0442\u044b > \u041a\u0435\u0440\u0430\u043c\u0437\u0438\u0442", "object_id": "53", "change_message": "\u0414\u043e\u0431\u0430\u0432\u043b\u0435\u043d\u043e.", "user": 1, "content_type": 19}, "model": "admin.logentry", "pk": 106}, {"fields": {"action_flag": 1, "action_time": "2016-10-13T12:04:33.581Z", "object_repr": "\u041e\u0431\u043e\u0440\u0443\u0434\u043e\u0432\u0430\u043d\u0438\u0435 > \u0421\u0443\u0431\u0441\u0442\u0440\u0430\u0442\u044b > \u041f\u043e\u0447\u0432\u043e\u0443\u043b\u0443\u0447\u0448\u0438\u0442\u0435\u043b\u0438", "object_id": "54", "change_message": "\u0414\u043e\u0431\u0430\u0432\u043b\u0435\u043d\u043e.", "user": 1, "content_type": 19}, "model": "admin.logentry", "pk": 107}, {"fields": {"action_flag": 1, "action_time": "2016-10-13T12:06:01.078Z", "object_repr": "\u041e\u0431\u043e\u0440\u0443\u0434\u043e\u0432\u0430\u043d\u0438\u0435 > \u0421\u0443\u0431\u0441\u0442\u0440\u0430\u0442\u044b > \u0423\u043a\u043e\u0440\u0435\u043d\u0435\u043d\u0438\u0435", "object_id": "55", "change_message": "\u0414\u043e\u0431\u0430\u0432\u043b\u0435\u043d\u043e.", "user": 1, "content_type": 19}, "model": "admin.logentry", "pk": 108}, {"fields": {"action_flag": 2, "action_time": "2016-10-13T12:07:43.494Z", "object_repr": "\u041e\u0431\u043e\u0440\u0443\u0434\u043e\u0432\u0430\u043d\u0438\u0435 > \u0418\u0437\u043c\u0435\u0440\u0438\u0442\u0435\u043b\u044c\u043d\u044b\u0435 \u043f\u0440\u0438\u0431\u043e\u0440\u044b", "object_id": "23", "change_message": "\u0418\u0437\u043c\u0435\u043d\u0435\u043d _ref_node_id.", "user": 1, "content_type": 19}, "model": "admin.logentry", "pk": 109}, {"fields": {"action_flag": 3, "action_time": "2016-10-13T12:08:12.801Z", "object_repr": "\u041e\u0431\u043e\u0440\u0443\u0434\u043e\u0432\u0430\u043d\u0438\u0435 > \u0418\u0437\u043c\u0435\u0440\u0438\u0442\u0435\u043b\u044c\u043d\u044b\u0435 \u043f\u0440\u0438\u0431\u043e\u0440\u044b", "object_id": "23", "change_message": "", "user": 1, "content_type": 19}, "model": "admin.logentry", "pk": 110}, {"fields": {"action_flag": 1, "action_time": "2016-10-13T12:49:47.104Z", "object_repr": "\u041e\u0431\u043e\u0440\u0443\u0434\u043e\u0432\u0430\u043d\u0438\u0435 > \u0413\u0440\u043e\u0443\u0431\u043e\u043a\u0441\u044b > \u0411\u0440\u0435\u043d\u0434\u044b", "object_id": "56", "change_message": "\u0414\u043e\u0431\u0430\u0432\u043b\u0435\u043d\u043e.", "user": 1, "content_type": 19}, "model": "admin.logentry", "pk": 111}, {"fields": {"action_flag": 1, "action_time": "2016-10-13T12:50:42.401Z", "object_repr": "\u041e\u0431\u043e\u0440\u0443\u0434\u043e\u0432\u0430\u043d\u0438\u0435 > \u0412\u0435\u043d\u0442\u0438\u043b\u044f\u0446\u0438\u044f > \u0411\u0440\u0435\u043d\u0434\u044b", "object_id": "57", "change_message": "\u0414\u043e\u0431\u0430\u0432\u043b\u0435\u043d\u043e.", "user": 1, "content_type": 19}, "model": "admin.logentry", "pk": 112}, {"fields": {"action_flag": 1, "action_time": "2016-10-13T12:51:28.652Z", "object_repr": "\u041e\u0431\u043e\u0440\u0443\u0434\u043e\u0432\u0430\u043d\u0438\u0435 > \u041e\u0441\u0432\u0435\u0449\u0435\u043d\u0438\u0435 > \u0411\u0440\u0435\u043d\u0434\u044b", "object_id": "58", "change_message": "\u0414\u043e\u0431\u0430\u0432\u043b\u0435\u043d\u043e.", "user": 1, "content_type": 19}, "model": "admin.logentry", "pk": 113}, {"fields": {"action_flag": 1, "action_time": "2016-10-13T12:52:06.364Z", "object_repr": "\u041e\u0431\u043e\u0440\u0443\u0434\u043e\u0432\u0430\u043d\u0438\u0435 > \u0413\u0438\u0434\u0440\u043e\u043f\u043e\u043d\u0438\u043a\u0430 > \u0411\u0440\u0435\u043d\u0434\u044b", "object_id": "59", "change_message": "\u0414\u043e\u0431\u0430\u0432\u043b\u0435\u043d\u043e.", "user": 1, "content_type": 19}, "model": "admin.logentry", "pk": 114}, {"fields": {"action_flag": 1, "action_time": "2016-10-13T12:54:05.184Z", "object_repr": "\u041e\u0431\u043e\u0440\u0443\u0434\u043e\u0432\u0430\u043d\u0438\u0435 > \u0418\u0437\u043c\u0435\u0440\u0438\u0442\u0435\u043b\u044c\u043d\u044b\u0435 \u043f\u0440\u0438\u0431\u043e\u0440\u044b > \u0411\u0440\u0435\u043d\u0434\u044b", "object_id": "60", "change_message": "\u0414\u043e\u0431\u0430\u0432\u043b\u0435\u043d\u043e.", "user": 1, "content_type": 19}, "model": "admin.logentry", "pk": 115}, {"fields": {"action_flag": 1, "action_time": "2016-10-13T12:55:00.161Z", "object_repr": "\u041e\u0431\u043e\u0440\u0443\u0434\u043e\u0432\u0430\u043d\u0438\u0435 > \u0421\u0443\u0431\u0441\u0442\u0440\u0430\u0442\u044b > \u0411\u0440\u0435\u043d\u0434\u044b", "object_id": "61", "change_message": "\u0414\u043e\u0431\u0430\u0432\u043b\u0435\u043d\u043e.", "user": 1, "content_type": 19}, "model": "admin.logentry", "pk": 116}, {"fields": {"action_flag": 1, "action_time": "2016-10-13T12:55:40.188Z", "object_repr": "\u041e\u0431\u043e\u0440\u0443\u0434\u043e\u0432\u0430\u043d\u0438\u0435 > \u0422\u0430\u0440\u0430 > \u0411\u0440\u0435\u043d\u0434\u044b", "object_id": "62", "change_message": "\u0414\u043e\u0431\u0430\u0432\u043b\u0435\u043d\u043e.", "user": 1, "content_type": 19}, "model": "admin.logentry", "pk": 117}, {"fields": {"action_flag": 1, "action_time": "2016-10-13T12:56:50.724Z", "object_repr": "\u041e\u0431\u043e\u0440\u0443\u0434\u043e\u0432\u0430\u043d\u0438\u0435 > \u041f\u043e\u043b\u0435\u0437\u043d\u044b\u0435 \u0442\u043e\u0432\u0430\u0440\u044b > \u0411\u0440\u0435\u043d\u0434\u044b", "object_id": "63", "change_message": "\u0414\u043e\u0431\u0430\u0432\u043b\u0435\u043d\u043e.", "user": 1, "content_type": 19}, "model": "admin.logentry", "pk": 118}, {"fields": {"action_flag": 1, "action_time": "2016-10-13T12:57:20.423Z", "object_repr": "\u041e\u0431\u043e\u0440\u0443\u0434\u043e\u0432\u0430\u043d\u0438\u0435 > \u0413\u043e\u0442\u043e\u0432\u044b\u0435 \u043d\u0430\u0431\u043e\u0440\u044b > \u0411\u0440\u0435\u043d\u0434\u044b", "object_id": "64", "change_message": "\u0414\u043e\u0431\u0430\u0432\u043b\u0435\u043d\u043e.", "user": 1, "content_type": 19}, "model": "admin.logentry", "pk": 119}, {"fields": {"action_flag": 1, "action_time": "2016-10-13T13:00:03.350Z", "object_repr": "Udobreniya > \u0417\u0430\u0449\u0438\u0442\u0430 \u0440\u0430\u0441\u0442\u0435\u043d\u0438\u0439", "object_id": "65", "change_message": "\u0414\u043e\u0431\u0430\u0432\u043b\u0435\u043d\u043e.", "user": 1, "content_type": 19}, "model": "admin.logentry", "pk": 120}, {"fields": {"action_flag": 1, "action_time": "2016-10-13T13:01:29.194Z", "object_repr": "Udobreniya > \u0414\u043b\u044f \u0440\u043e\u0441\u0442\u0430", "object_id": "66", "change_message": "\u0414\u043e\u0431\u0430\u0432\u043b\u0435\u043d\u043e.", "user": 1, "content_type": 19}, "model": "admin.logentry", "pk": 121}, {"fields": {"action_flag": 1, "action_time": "2016-10-13T13:02:31.857Z", "object_repr": "Udobreniya > \u0414\u043b\u044f \u0446\u0432\u0435\u0442\u0435\u043d\u0438\u044f", "object_id": "67", "change_message": "\u0414\u043e\u0431\u0430\u0432\u043b\u0435\u043d\u043e.", "user": 1, "content_type": 19}, "model": "admin.logentry", "pk": 122}, {"fields": {"action_flag": 1, "action_time": "2016-10-13T13:03:59.916Z", "object_repr": "Udobreniya > \u0414\u043b\u044f \u0443\u043a\u043e\u0440\u0435\u043d\u0435\u043d\u0438\u044f", "object_id": "68", "change_message": "\u0414\u043e\u0431\u0430\u0432\u043b\u0435\u043d\u043e.", "user": 1, "content_type": 19}, "model": "admin.logentry", "pk": 123}, {"fields": {"action_flag": 1, "action_time": "2016-10-13T13:10:49.919Z", "object_repr": "Udobreniya > \u041d\u0430\u0431\u043e\u0440\u044b \u0443\u0434\u043e\u0431\u0440\u0435\u043d\u0438\u0439", "object_id": "69", "change_message": "\u0414\u043e\u0431\u0430\u0432\u043b\u0435\u043d\u043e.", "user": 1, "content_type": 19}, "model": "admin.logentry", "pk": 124}, {"fields": {"action_flag": 3, "action_time": "2016-10-13T13:11:49.471Z", "object_repr": "\u041e\u0431\u043e\u0440\u0443\u0434\u043e\u0432\u0430\u043d\u0438\u0435 > \u0413\u0440\u043e\u0443\u0431\u043e\u043a\u0441\u044b > \u0411\u0440\u0435\u043d\u0434\u044b", "object_id": "56", "change_message": "", "user": 1, "content_type": 19}, "model": "admin.logentry", "pk": 125}, {"fields": {"action_flag": 3, "action_time": "2016-10-13T13:11:49.472Z", "object_repr": "\u041e\u0431\u043e\u0440\u0443\u0434\u043e\u0432\u0430\u043d\u0438\u0435 > \u041e\u0441\u0432\u0435\u0449\u0435\u043d\u0438\u0435 > \u0411\u0440\u0435\u043d\u0434\u044b", "object_id": "58", "change_message": "", "user": 1, "content_type": 19}, "model": "admin.logentry", "pk": 126}, {"fields": {"action_flag": 3, "action_time": "2016-10-13T13:11:49.473Z", "object_repr": "\u041e\u0431\u043e\u0440\u0443\u0434\u043e\u0432\u0430\u043d\u0438\u0435 > \u0412\u0435\u043d\u0442\u0438\u043b\u044f\u0446\u0438\u044f > \u0411\u0440\u0435\u043d\u0434\u044b", "object_id": "57", "change_message": "", "user": 1, "content_type": 19}, "model": "admin.logentry", "pk": 127}, {"fields": {"action_flag": 3, "action_time": "2016-10-13T13:11:49.474Z", "object_repr": "\u041e\u0431\u043e\u0440\u0443\u0434\u043e\u0432\u0430\u043d\u0438\u0435 > \u0413\u0438\u0434\u0440\u043e\u043f\u043e\u043d\u0438\u043a\u0430 > \u0411\u0440\u0435\u043d\u0434\u044b", "object_id": "59", "change_message": "", "user": 1, "content_type": 19}, "model": "admin.logentry", "pk": 128}, {"fields": {"action_flag": 3, "action_time": "2016-10-13T13:11:49.475Z", "object_repr": "\u041e\u0431\u043e\u0440\u0443\u0434\u043e\u0432\u0430\u043d\u0438\u0435 > \u0418\u0437\u043c\u0435\u0440\u0438\u0442\u0435\u043b\u044c\u043d\u044b\u0435 \u043f\u0440\u0438\u0431\u043e\u0440\u044b > \u0411\u0440\u0435\u043d\u0434\u044b", "object_id": "60", "change_message": "", "user": 1, "content_type": 19}, "model": "admin.logentry", "pk": 129}, {"fields": {"action_flag": 3, "action_time": "2016-10-13T13:11:49.476Z", "object_repr": "\u041e\u0431\u043e\u0440\u0443\u0434\u043e\u0432\u0430\u043d\u0438\u0435 > \u0421\u0443\u0431\u0441\u0442\u0440\u0430\u0442\u044b > \u0411\u0440\u0435\u043d\u0434\u044b", "object_id": "61", "change_message": "", "user": 1, "content_type": 19}, "model": "admin.logentry", "pk": 130}, {"fields": {"action_flag": 3, "action_time": "2016-10-13T13:11:49.478Z", "object_repr": "\u041e\u0431\u043e\u0440\u0443\u0434\u043e\u0432\u0430\u043d\u0438\u0435 > \u0422\u0430\u0440\u0430 > \u0411\u0440\u0435\u043d\u0434\u044b", "object_id": "62", "change_message": "", "user": 1, "content_type": 19}, "model": "admin.logentry", "pk": 131}, {"fields": {"action_flag": 3, "action_time": "2016-10-13T13:11:49.479Z", "object_repr": "\u041e\u0431\u043e\u0440\u0443\u0434\u043e\u0432\u0430\u043d\u0438\u0435 > \u041f\u043e\u043b\u0435\u0437\u043d\u044b\u0435 \u0442\u043e\u0432\u0430\u0440\u044b > \u0411\u0440\u0435\u043d\u0434\u044b", "object_id": "63", "change_message": "", "user": 1, "content_type": 19}, "model": "admin.logentry", "pk": 132}, {"fields": {"action_flag": 3, "action_time": "2016-10-13T13:11:49.480Z", "object_repr": "\u041e\u0431\u043e\u0440\u0443\u0434\u043e\u0432\u0430\u043d\u0438\u0435 > \u0413\u043e\u0442\u043e\u0432\u044b\u0435 \u043d\u0430\u0431\u043e\u0440\u044b > \u0411\u0440\u0435\u043d\u0434\u044b", "object_id": "64", "change_message": "", "user": 1, "content_type": 19}, "model": "admin.logentry", "pk": 133}, {"fields": {"action_flag": 1, "action_time": "2016-10-13T13:13:27.162Z", "object_repr": "\u041e\u0431\u043e\u0440\u0443\u0434\u043e\u0432\u0430\u043d\u0438\u0435 > \u041f\u0440\u043e\u0438\u0437\u0432\u043e\u0434\u0438\u0442\u0435\u043b\u0438", "object_id": "70", "change_message": "\u0414\u043e\u0431\u0430\u0432\u043b\u0435\u043d\u043e.", "user": 1, "content_type": 19}, "model": "admin.logentry", "pk": 134}, {"fields": {"action_flag": 2, "action_time": "2016-10-13T13:14:21.965Z", "object_repr": "\u041e\u0431\u043e\u0440\u0443\u0434\u043e\u0432\u0430\u043d\u0438\u0435 > \u041e\u0441\u0432\u0435\u0449\u0435\u043d\u0438\u0435 > \u0410\u043a\u0441\u0435\u0441\u0441\u0443\u0430\u0440\u044b > \u041f\u0440\u043e\u0438\u0437\u0432\u043e\u0434\u0438\u0442\u0435\u043b\u0438", "object_id": "70", "change_message": "\u0418\u0437\u043c\u0435\u043d\u0435\u043d _position \u0438 _ref_node_id.", "user": 1, "content_type": 19}, "model": "admin.logentry", "pk": 135}, {"fields": {"action_flag": 2, "action_time": "2016-10-13T13:14:38.846Z", "object_repr": "\u041e\u0431\u043e\u0440\u0443\u0434\u043e\u0432\u0430\u043d\u0438\u0435 > \u041e\u0441\u0432\u0435\u0449\u0435\u043d\u0438\u0435 > \u041f\u0440\u043e\u0438\u0437\u0432\u043e\u0434\u0438\u0442\u0435\u043b\u0438", "object_id": "70", "change_message": "\u0418\u0437\u043c\u0435\u043d\u0435\u043d _position.", "user": 1, "content_type": 19}, "model": "admin.logentry", "pk": 136}, {"fields": {"action_flag": 2, "action_time": "2016-10-13T13:16:17.062Z", "object_repr": "Udobreniya > \u0421\u0443\u0431\u0441\u0442\u0440\u0430\u0442\u044b", "object_id": "22", "change_message": "\u0418\u0437\u043c\u0435\u043d\u0435\u043d _ref_node_id.", "user": 1, "content_type": 19}, "model": "admin.logentry", "pk": 137}, {"fields": {"action_flag": 2, "action_time": "2016-10-13T14:13:00.789Z", "object_repr": "\u041e\u0431\u043e\u0440\u0443\u0434\u043e\u0432\u0430\u043d\u0438\u0435 > \u0415\u043c\u043a\u043e\u0441\u0442\u0438", "object_id": "47", "change_message": "\u0418\u0437\u043c\u0435\u043d\u0435\u043d name \u0438 slug.", "user": 1, "content_type": 19}, "model": "admin.logentry", "pk": 138}, {"fields": {"action_flag": 2, "action_time": "2016-10-13T14:14:49.126Z", "object_repr": "\u0423\u0434\u043e\u0431\u0440\u0435\u043d\u0438\u044f", "object_id": "4", "change_message": "\u0418\u0437\u043c\u0435\u043d\u0435\u043d name.", "user": 1, "content_type": 19}, "model": "admin.logentry", "pk": 139}, {"fields": {"action_flag": 1, "action_time": "2016-10-26T17:16:38.060Z", "object_repr": "\u0410\u0434\u043c\u0438\u043d\u0438\u0441\u0442\u0440\u0430\u0442\u043e\u0440", "object_id": "1", "change_message": "\u0414\u043e\u0431\u0430\u0432\u043b\u0435\u043d\u043e.", "user": 1, "content_type": 3}, "model": "admin.logentry", "pk": 140}, {"fields": {"action_flag": 2, "action_time": "2016-10-26T17:16:46.411Z", "object_repr": "\u0410\u0434\u043c\u0438\u043d\u0438\u0441\u0442\u0440\u0430\u0442\u043e\u0440", "object_id": "1", "change_message": "\u041d\u0438 \u043e\u0434\u043d\u043e \u043f\u043e\u043b\u0435 \u043d\u0435 \u0438\u0437\u043c\u0435\u043d\u0435\u043d\u043e.", "user": 1, "content_type": 3}, "model": "admin.logentry", "pk": 141}, {"fields": {"action_flag": 2, "action_time": "2017-02-05T09:59:14.064Z", "object_repr": "\u0421\u0435\u043c\u0435\u043d\u0430 \u043a\u043e\u043d\u043e\u043f\u043b\u0438", "object_id": "2", "change_message": "\u0418\u0437\u043c\u0435\u043d\u0435\u043d options. \u0418\u0437\u043c\u0435\u043d\u0435\u043d\u044b type \u0434\u043b\u044f \u0410\u0442\u0440\u0438\u0431\u0443\u0442 \u0442\u043e\u0432\u0430\u0440\u0430 \"\u0413\u0440\u043e\u0443\u0440\u0435\u043f\u043e\u0440\u0442\". \u0418\u0437\u043c\u0435\u043d\u0435\u043d\u044b type \u0434\u043b\u044f \u0410\u0442\u0440\u0438\u0431\u0443\u0442 \u0442\u043e\u0432\u0430\u0440\u0430 \"\u0422\u0438\u043f\". \u0418\u0437\u043c\u0435\u043d\u0435\u043d\u044b type \u0438 option_group \u0434\u043b\u044f \u0410\u0442\u0440\u0438\u0431\u0443\u0442 \u0442\u043e\u0432\u0430\u0440\u0430 \"\u0412\u0438\u0434\u0435\u043e \u043e\u0431\u0437\u043e\u0440\".", "user": 1, "content_type": 18}, "model": "admin.logentry", "pk": 142}, {"fields": {"action_flag": 1, "action_time": "2017-02-05T10:12:17.222Z", "object_repr": "/contacts/ -- \u041a\u043e\u043d\u0442\u0430\u043a\u0442\u044b", "object_id": "13", "change_message": "\u0414\u043e\u0431\u0430\u0432\u043b\u0435\u043d\u043e.", "user": 1, "content_type": 8}, "model": "admin.logentry", "pk": 143}, {"fields": {"action_flag": 2, "action_time": "2017-02-05T10:13:34.859Z", "object_repr": "/contacts/ -- \u041a\u043e\u043d\u0442\u0430\u043a\u0442\u044b", "object_id": "13", "change_message": "\u0418\u0437\u043c\u0435\u043d\u0435\u043d sites.", "user": 1, "content_type": 8}, "model": "admin.logentry", "pk": 144}, {"fields": {"action_flag": 2, "action_time": "2017-02-05T10:14:34.858Z", "object_repr": "/contacts/ -- \u041a\u043e\u043d\u0442\u0430\u043a\u0442\u044b", "object_id": "13", "change_message": "\u0418\u0437\u043c\u0435\u043d\u0435\u043d sites.", "user": 1, "content_type": 8}, "model": "admin.logentry", "pk": 145}, {"fields": {"action_flag": 2, "action_time": "2017-02-05T10:15:41.455Z", "object_repr": "/home/contacts/ -- \u041a\u043e\u043d\u0442\u0430\u043a\u0442\u044b", "object_id": "13", "change_message": "\u0418\u0437\u043c\u0435\u043d\u0435\u043d url.", "user": 1, "content_type": 8}, "model": "admin.logentry", "pk": 146}, {"fields": {"action_flag": 3, "action_time": "2017-02-05T10:26:19.296Z", "object_repr": "GrowBlog > Growreport", "object_id": "8", "change_message": "", "user": 1, "content_type": 19}, "model": "admin.logentry", "pk": 147}, {"fields": {"action_flag": 3, "action_time": "2017-02-05T10:26:19.298Z", "object_repr": "GrowBlog > GrowpediA", "object_id": "7", "change_message": "", "user": 1, "content_type": 19}, "model": "admin.logentry", "pk": 148}, {"fields": {"action_flag": 3, "action_time": "2017-02-05T10:26:19.299Z", "object_repr": "GrowBlog > BlowGrow-TV", "object_id": "9", "change_message": "", "user": 1, "content_type": 19}, "model": "admin.logentry", "pk": 149}, {"fields": {"action_flag": 3, "action_time": "2017-02-05T10:26:19.300Z", "object_repr": "help-pages", "object_id": "6", "change_message": "", "user": 1, "content_type": 19}, "model": "admin.logentry", "pk": 150}, {"fields": {"action_flag": 2, "action_time": "2017-02-19T08:41:15.719Z", "object_repr": "Ukraine", "object_id": "UA", "change_message": "\u0418\u0437\u043c\u0435\u043d\u0435\u043d name \u0438 display_order.", "user": 1, "content_type": 14}, "model": "admin.logentry", "pk": 151}, {"fields": {"action_flag": 2, "action_time": "2017-02-19T08:41:41.910Z", "object_repr": "Ukraine", "object_id": "UA", "change_message": "\u041d\u0438 \u043e\u0434\u043d\u043e \u043f\u043e\u043b\u0435 \u043d\u0435 \u0438\u0437\u043c\u0435\u043d\u0435\u043d\u043e.", "user": 1, "content_type": 14}, "model": "admin.logentry", "pk": 152}]