[{"model": "auth.group", "fields": {"name": "\u0410\u0434\u043c\u0438\u043d\u0438\u0441\u0442\u0440\u0430\u0442\u043e\u0440", "permissions": [40, 41, 42, 37, 38, 39, 1, 2, 3, 25, 26, 27, 31, 32, 33, 28, 29, 30, 34, 35, 36, 7, 8, 9, 4, 5, 6, 10, 11, 12, 104, 105, 106, 107, 108, 109, 110, 111, 112, 76, 77, 78, 73, 74, 75, 55, 56, 57, 79, 80, 81, 61, 62, 63, 67, 68, 69, 70, 71, 72, 58, 59, 60, 52, 53, 54, 82, 83, 84, 64, 65, 66, 13, 14, 15, 224, 225, 226, 221, 222, 223, 227, 228, 229, 230, 231, 232, 22, 23, 24, 155, 128, 158, 161, 152, 167, 164, 170, 173, 156, 129, 159, 162, 153, 168, 165, 171, 174, 157, 130, 160, 163, 154, 169, 166, 172, 175, 131, 143, 146, 149, 132, 144, 147, 150, 133, 145, 148, 151, 125, 126, 127, 134, 135, 136, 137, 138, 139, 140, 141, 142, 194, 195, 196, 188, 189, 190, 197, 198, 199, 203, 204, 205, 200, 201, 202, 182, 183, 184, 218, 219, 220, 185, 186, 187, 212, 213, 214, 176, 177, 178, 215, 216, 217, 191, 192, 193, 206, 207, 208, 179, 180, 181, 209, 210, 211, 91, 92, 94, 93, 95, 96, 97, 101, 102, 103, 98, 99, 100, 122, 123, 124, 116, 117, 118, 119, 120, 121, 113, 114, 115, 257, 258, 259, 251, 252, 253, 242, 243, 244, 236, 237, 238, 245, 246, 247, 254, 255, 256, 260, 261, 262, 233, 234, 235, 239, 240, 241, 248, 249, 250, 263, 264, 265, 85, 86, 87, 88, 89, 90, 16, 17, 18, 43, 44, 45, 49, 50, 51, 46, 47, 48, 19, 20, 21, 278, 279, 280, 266, 267, 268, 269, 270, 271, 275, 276, 277, 272, 273, 274]}}, {"model": "auth.user", "fields": {"password": "pbkdf2_sha256$30000$nokMZcpAVNV7$IVybLEuYJ9Ao8V+nCNUfSYLavxrKi/zpwAqmFG2J3/0=", "last_login": "2017-06-22T04:45:01.682Z", "is_superuser": true, "username": "admin", "first_name": "Site", "last_name": "Admin", "email": "bgrow.info@gmail.com", "is_staff": true, "is_active": true, "date_joined": "2016-09-28T13:24:27.116Z", "groups": [], "user_permissions": []}}, {"model": "auth.user", "fields": {"password": "pbkdf2_sha256$24000$jDS4ZEDCnann$cn1tN4p0t06TTq2j98JpudVR88jFDIZKkgJVex7AKI8=", "last_login": "2016-10-02T04:39:21.456Z", "is_superuser": false, "username": "AeET7SawqpV34hgkfF2aTxwOvn__Ll", "first_name": "", "last_name": "", "email": "kwcenter@gmail.com", "is_staff": false, "is_active": true, "date_joined": "2016-09-30T14:05:57.613Z", "groups": [], "user_permissions": []}}, {"model": "sessions.session", "pk": "0m21yqxts70toup6shlbg7bq15zyn5bx", "fields": {"session_data": "ZDBkM2EwMzNjZDhlODM3YmVjZDkwZDAwMWMwNDI1ZTdkZDBiNTI5Zjp7Il9sYW5ndWFnZSI6InJ1IiwiX2F1dGhfdXNlcl9oYXNoIjoiOWI1NWI4YThiOTMzMjE4M2UyMTUyZDRmODA3OTE1YjMxNjdhNTM0NiIsIl9hdXRoX3VzZXJfYmFja2VuZCI6ImRqYW5nby5jb250cmliLmF1dGguYmFja2VuZHMuTW9kZWxCYWNrZW5kIiwiX2F1dGhfdXNlcl9pZCI6IjEifQ==", "expire_date": "2016-12-29T10:21:33.950Z"}}, {"model": "sessions.session", "pk": "0zfm1dme8ba6scpdpl2tgdfypgu8i6y5", "fields": {"session_data": "OGE5ODJiYmZkNTQ1ZmYwYWE4ODBmMWNjNTBjNDk4MzI5YmZlNzJlODp7Il9hdXRoX3VzZXJfaGFzaCI6IjliNTViOGE4YjkzMzIxODNlMjE1MmQ0ZjgwNzkxNWIzMTY3YTUzNDYiLCJfYXV0aF91c2VyX2JhY2tlbmQiOiJvc2Nhci5hcHBzLmN1c3RvbWVyLmF1dGhfYmFja2VuZHMuRW1haWxCYWNrZW5kIiwiX2F1dGhfdXNlcl9pZCI6IjEifQ==", "expire_date": "2016-10-12T13:27:01.462Z"}}, {"model": "sessions.session", "pk": "3tw2i4ppoaq922f3nfebstsdfpkyxko9", "fields": {"session_data": "MGQ3ODY2NzkyNzcxZWY1ZjFkNDA1YTVhOTBjMDUxMWM0NGI4NjkwNjp7Il9hdXRoX3VzZXJfaGFzaCI6IjI3ZjVhYTZlY2Y3MDgzMjdlMjFhODU2OTJmMzY4ODI5MjMwZGQ1M2UiLCJfYXV0aF91c2VyX2JhY2tlbmQiOiJvc2Nhci5hcHBzLmN1c3RvbWVyLmF1dGhfYmFja2VuZHMuRW1haWxCYWNrZW5kIiwiX2F1dGhfdXNlcl9pZCI6IjEifQ==", "expire_date": "2017-04-02T15:44:47.363Z"}}, {"model": "sessions.session", "pk": "57bny9t89ztkrsup01euvtyscbizxfa4", "fields": {"session_data": "OGE5ODJiYmZkNTQ1ZmYwYWE4ODBmMWNjNTBjNDk4MzI5YmZlNzJlODp7Il9hdXRoX3VzZXJfaGFzaCI6IjliNTViOGE4YjkzMzIxODNlMjE1MmQ0ZjgwNzkxNWIzMTY3YTUzNDYiLCJfYXV0aF91c2VyX2JhY2tlbmQiOiJvc2Nhci5hcHBzLmN1c3RvbWVyLmF1dGhfYmFja2VuZHMuRW1haWxCYWNrZW5kIiwiX2F1dGhfdXNlcl9pZCI6IjEifQ==", "expire_date": "2017-03-16T04:57:03.506Z"}}, {"model": "sessions.session", "pk": "5gix6ruu26rsng47t2e3h6zsir3rl8zr", "fields": {"session_data": "OGE5ODJiYmZkNTQ1ZmYwYWE4ODBmMWNjNTBjNDk4MzI5YmZlNzJlODp7Il9hdXRoX3VzZXJfaGFzaCI6IjliNTViOGE4YjkzMzIxODNlMjE1MmQ0ZjgwNzkxNWIzMTY3YTUzNDYiLCJfYXV0aF91c2VyX2JhY2tlbmQiOiJvc2Nhci5hcHBzLmN1c3RvbWVyLmF1dGhfYmFja2VuZHMuRW1haWxCYWNrZW5kIiwiX2F1dGhfdXNlcl9pZCI6IjEifQ==", "expire_date": "2017-02-01T23:55:35.284Z"}}, {"model": "sessions.session", "pk": "5zmexkuweefrutg40wkjju6xr8iua8c2", "fields": {"session_data": "NmI4NDM5MjMxNmVmOGE5ZDUxMTdjNTI2YTJjZjNjZjFkOTNiNjEyNjp7Il9sYW5ndWFnZSI6InJ1IiwiX2F1dGhfdXNlcl9iYWNrZW5kIjoib3NjYXIuYXBwcy5jdXN0b21lci5hdXRoX2JhY2tlbmRzLkVtYWlsQmFja2VuZCIsIl9hdXRoX3VzZXJfaGFzaCI6IjI3ZjVhYTZlY2Y3MDgzMjdlMjFhODU2OTJmMzY4ODI5MjMwZGQ1M2UiLCJfYXV0aF91c2VyX2lkIjoiMSIsImNoZWNrb3V0X2RhdGEiOnt9fQ==", "expire_date": "2017-06-14T05:50:15.245Z"}}, {"model": "sessions.session", "pk": "6m7u2r6oigmp246l5d39fnaw6k8bojuz", "fields": {"session_data": "MGQ3ODY2NzkyNzcxZWY1ZjFkNDA1YTVhOTBjMDUxMWM0NGI4NjkwNjp7Il9hdXRoX3VzZXJfaGFzaCI6IjI3ZjVhYTZlY2Y3MDgzMjdlMjFhODU2OTJmMzY4ODI5MjMwZGQ1M2UiLCJfYXV0aF91c2VyX2JhY2tlbmQiOiJvc2Nhci5hcHBzLmN1c3RvbWVyLmF1dGhfYmFja2VuZHMuRW1haWxCYWNrZW5kIiwiX2F1dGhfdXNlcl9pZCI6IjEifQ==", "expire_date": "2017-05-01T07:35:48.458Z"}}, {"model": "sessions.session", "pk": "7wgbabjva4y8n4usci61jug2vzvkbtcy", "fields": {"session_data": "OGE5ODJiYmZkNTQ1ZmYwYWE4ODBmMWNjNTBjNDk4MzI5YmZlNzJlODp7Il9hdXRoX3VzZXJfaGFzaCI6IjliNTViOGE4YjkzMzIxODNlMjE1MmQ0ZjgwNzkxNWIzMTY3YTUzNDYiLCJfYXV0aF91c2VyX2JhY2tlbmQiOiJvc2Nhci5hcHBzLmN1c3RvbWVyLmF1dGhfYmFja2VuZHMuRW1haWxCYWNrZW5kIiwiX2F1dGhfdXNlcl9pZCI6IjEifQ==", "expire_date": "2016-10-28T21:22:44.117Z"}}, {"model": "sessions.session", "pk": "8aki6dobj7eu9xj326sevzz014l0s5hr", "fields": {"session_data": "YzAwYTc4NmNmMThjZTI0NzQ1NDk5NTI3ZmM0N2M2NmUzZTE5ZGE2Yjp7Il9hdXRoX3VzZXJfaGFzaCI6IjliNTViOGE4YjkzMzIxODNlMjE1MmQ0ZjgwNzkxNWIzMTY3YTUzNDYiLCJfYXV0aF91c2VyX2JhY2tlbmQiOiJkamFuZ28uY29udHJpYi5hdXRoLmJhY2tlbmRzLk1vZGVsQmFja2VuZCIsIl9hdXRoX3VzZXJfaWQiOiIxIn0=", "expire_date": "2017-02-19T22:49:52.814Z"}}, {"model": "sessions.session", "pk": "8y9m73gq49atqvj14pgd5czktrz84bfv", "fields": {"session_data": "MDkwMjZjYTBiODA0NGNkNDhjNTRkYjZiOTA2ZmUyNjJmZjhjNWEzYzp7Im9mZmVyX3dpemFyZCI6e30sIl9hdXRoX3VzZXJfaGFzaCI6IjliNTViOGE4YjkzMzIxODNlMjE1MmQ0ZjgwNzkxNWIzMTY3YTUzNDYiLCJfYXV0aF91c2VyX2lkIjoiMSIsIl9hdXRoX3VzZXJfYmFja2VuZCI6Im9zY2FyLmFwcHMuY3VzdG9tZXIuYXV0aF9iYWNrZW5kcy5FbWFpbEJhY2tlbmQifQ==", "expire_date": "2016-11-09T19:49:32.512Z"}}, {"model": "sessions.session", "pk": "9zvq9j2baqr5ruo29llqlrgpia41ywth", "fields": {"session_data": "MDVkMjQxMzdkZDIyMWExNzUyMzRlMjA2Y2RkZDI0YWNlZmQ3ODc1OTp7Il9sYW5ndWFnZSI6InJ1IiwiX2F1dGhfdXNlcl9oYXNoIjoiNDExMGQ4MWYyNGZiYmYwNzcyOTlhYzk1YTFiMDA5ZTQ5NzI0YmViOSIsIl9hdXRoX3VzZXJfaWQiOiIxIiwiX2F1dGhfdXNlcl9iYWNrZW5kIjoib3NjYXIuYXBwcy5jdXN0b21lci5hdXRoX2JhY2tlbmRzLkVtYWlsQmFja2VuZCJ9", "expire_date": "2017-03-24T18:16:46.534Z"}}, {"model": "sessions.session", "pk": "a7dzsiv2viixxm85j9ytjwfaopa1zy8l", "fields": {"session_data": "OGE5ODJiYmZkNTQ1ZmYwYWE4ODBmMWNjNTBjNDk4MzI5YmZlNzJlODp7Il9hdXRoX3VzZXJfaGFzaCI6IjliNTViOGE4YjkzMzIxODNlMjE1MmQ0ZjgwNzkxNWIzMTY3YTUzNDYiLCJfYXV0aF91c2VyX2JhY2tlbmQiOiJvc2Nhci5hcHBzLmN1c3RvbWVyLmF1dGhfYmFja2VuZHMuRW1haWxCYWNrZW5kIiwiX2F1dGhfdXNlcl9pZCI6IjEifQ==", "expire_date": "2017-02-19T09:34:59.476Z"}}, {"model": "sessions.session", "pk": "ag92vjfe8rc74gehk9zxt2mndzm50w57", "fields": {"session_data": "NDFkNzQ0M2ExNjRlZTc1NjNlNTQ1OGI2M2FiYzgyNjU1NzYwMDk4Yjp7Il9sYW5ndWFnZSI6InJ1IiwiX2F1dGhfdXNlcl9oYXNoIjoiMjdmNWFhNmVjZjcwODMyN2UyMWE4NTY5MmYzNjg4MjkyMzBkZDUzZSIsIl9hdXRoX3VzZXJfaWQiOiIxIiwiX2F1dGhfdXNlcl9iYWNrZW5kIjoib3NjYXIuYXBwcy5jdXN0b21lci5hdXRoX2JhY2tlbmRzLkVtYWlsQmFja2VuZCJ9", "expire_date": "2017-04-16T13:24:48.759Z"}}, {"model": "sessions.session", "pk": "ahsgkoadmn4kx1xb50ofgv2r77uic5jb", "fields": {"session_data": "OGE5ODJiYmZkNTQ1ZmYwYWE4ODBmMWNjNTBjNDk4MzI5YmZlNzJlODp7Il9hdXRoX3VzZXJfaGFzaCI6IjliNTViOGE4YjkzMzIxODNlMjE1MmQ0ZjgwNzkxNWIzMTY3YTUzNDYiLCJfYXV0aF91c2VyX2JhY2tlbmQiOiJvc2Nhci5hcHBzLmN1c3RvbWVyLmF1dGhfYmFja2VuZHMuRW1haWxCYWNrZW5kIiwiX2F1dGhfdXNlcl9pZCI6IjEifQ==", "expire_date": "2016-10-13T21:17:00.710Z"}}, {"model": "sessions.session", "pk": "bg07o71mreg5u7p95f8xpy9ukm8hjdyi", "fields": {"session_data": "MDQ0MjFkMzFhNmY0NWY2Y2M2N2NiYTlkMTczMDQzY2JlMDVlNDRkNjp7Il9sYW5ndWFnZSI6InJ1IiwiX2F1dGhfdXNlcl9iYWNrZW5kIjoib3NjYXIuYXBwcy5jdXN0b21lci5hdXRoX2JhY2tlbmRzLkVtYWlsQmFja2VuZCIsIl9hdXRoX3VzZXJfaGFzaCI6IjQxMTBkODFmMjRmYmJmMDc3Mjk5YWM5NWExYjAwOWU0OTcyNGJlYjkiLCJvc2Nhcl9vcGVuX2Jhc2tldCI6NSwiX2F1dGhfdXNlcl9pZCI6IjEifQ==", "expire_date": "2017-03-30T22:55:06.453Z"}}, {"model": "sessions.session", "pk": "chovapqx27upvmudkg39tdrjqx35vdfz", "fields": {"session_data": "MGQ3ODY2NzkyNzcxZWY1ZjFkNDA1YTVhOTBjMDUxMWM0NGI4NjkwNjp7Il9hdXRoX3VzZXJfaGFzaCI6IjI3ZjVhYTZlY2Y3MDgzMjdlMjFhODU2OTJmMzY4ODI5MjMwZGQ1M2UiLCJfYXV0aF91c2VyX2JhY2tlbmQiOiJvc2Nhci5hcHBzLmN1c3RvbWVyLmF1dGhfYmFja2VuZHMuRW1haWxCYWNrZW5kIiwiX2F1dGhfdXNlcl9pZCI6IjEifQ==", "expire_date": "2017-06-15T19:06:08.486Z"}}, {"model": "sessions.session", "pk": "dxvs4zkrelacfyp4d78nhk2imthfs38f", "fields": {"session_data": "NzYyMWU5MzMwMThhNzhjODMzZTA3Yzk2NmZhMjc1NjViODYxZWNmMzp7Il9sYW5ndWFnZSI6InJ1In0=", "expire_date": "2017-04-08T13:29:36.911Z"}}, {"model": "sessions.session", "pk": "ep6ng0rws7mvcgelrpzqnylyigts1jgu", "fields": {"session_data": "NDFkNzQ0M2ExNjRlZTc1NjNlNTQ1OGI2M2FiYzgyNjU1NzYwMDk4Yjp7Il9sYW5ndWFnZSI6InJ1IiwiX2F1dGhfdXNlcl9oYXNoIjoiMjdmNWFhNmVjZjcwODMyN2UyMWE4NTY5MmYzNjg4MjkyMzBkZDUzZSIsIl9hdXRoX3VzZXJfaWQiOiIxIiwiX2F1dGhfdXNlcl9iYWNrZW5kIjoib3NjYXIuYXBwcy5jdXN0b21lci5hdXRoX2JhY2tlbmRzLkVtYWlsQmFja2VuZCJ9", "expire_date": "2017-05-10T00:56:35.600Z"}}, {"model": "sessions.session", "pk": "fbuhaenchzrpxtj0sxbnij0yh2f3w26v", "fields": {"session_data": "MDUwY2U1N2UxZjFjZmUwMGMzNjIwOWEyN2YyYTA5MTkzYTkxNGE5ZDp7Il9sYW5ndWFnZSI6ImVuIn0=", "expire_date": "2017-03-28T18:17:15.729Z"}}, {"model": "sessions.session", "pk": "h1bzw2im7fizeps92yhyti9f2kn11n2z", "fields": {"session_data": "MGQ3ODY2NzkyNzcxZWY1ZjFkNDA1YTVhOTBjMDUxMWM0NGI4NjkwNjp7Il9hdXRoX3VzZXJfaGFzaCI6IjI3ZjVhYTZlY2Y3MDgzMjdlMjFhODU2OTJmMzY4ODI5MjMwZGQ1M2UiLCJfYXV0aF91c2VyX2JhY2tlbmQiOiJvc2Nhci5hcHBzLmN1c3RvbWVyLmF1dGhfYmFja2VuZHMuRW1haWxCYWNrZW5kIiwiX2F1dGhfdXNlcl9pZCI6IjEifQ==", "expire_date": "2017-04-12T00:38:45.288Z"}}, {"model": "sessions.session", "pk": "i7ej4cdbecw5alyes36ljmj12nn2zl90", "fields": {"session_data": "OGE5ODJiYmZkNTQ1ZmYwYWE4ODBmMWNjNTBjNDk4MzI5YmZlNzJlODp7Il9hdXRoX3VzZXJfaGFzaCI6IjliNTViOGE4YjkzMzIxODNlMjE1MmQ0ZjgwNzkxNWIzMTY3YTUzNDYiLCJfYXV0aF91c2VyX2JhY2tlbmQiOiJvc2Nhci5hcHBzLmN1c3RvbWVyLmF1dGhfYmFja2VuZHMuRW1haWxCYWNrZW5kIiwiX2F1dGhfdXNlcl9pZCI6IjEifQ==", "expire_date": "2016-12-10T15:46:36.776Z"}}, {"model": "sessions.session", "pk": "j46ivftpzt4qhdnk3ambzqv39v4thrcu", "fields": {"session_data": "ZGFlOWVhODE2MGU1NjI1NDRiYjM3MThlYmM3MmE0ZGFiZTEwYmYwODp7Il9hdXRoX3VzZXJfYmFja2VuZCI6Im9zY2FyLmFwcHMuY3VzdG9tZXIuYXV0aF9iYWNrZW5kcy5FbWFpbEJhY2tlbmQiLCJfYXV0aF91c2VyX2hhc2giOiIyN2Y1YWE2ZWNmNzA4MzI3ZTIxYTg1NjkyZjM2ODgyOTIzMGRkNTNlIiwib3NjYXJfb3Blbl9iYXNrZXQiOjYsIl9hdXRoX3VzZXJfaWQiOiIxIn0=", "expire_date": "2017-04-29T09:25:13.085Z"}}, {"model": "sessions.session", "pk": "jrxagqe2jqd1m8b7obtyj3yzu80mbsv5", "fields": {"session_data": "MTJkMWE1Y2U2MTU5MThlY2I0NWNmMWRmYjU2OGNlNWE2NGMyODVmMjp7Il9sYW5ndWFnZSI6InJ1IiwiX2F1dGhfdXNlcl9oYXNoIjoiMDA5NTRmMjA5MjhmOTYyNzRlZGE1MmRhMWI4MDI5ZGQ1ZWY0ODljMyIsIl9hdXRoX3VzZXJfaWQiOiIxIiwiX2F1dGhfdXNlcl9iYWNrZW5kIjoib3NjYXIuYXBwcy5jdXN0b21lci5hdXRoX2JhY2tlbmRzLkVtYWlsQmFja2VuZCIsIm9zY2FyX29wZW5fYmFza2V0IjoxfQ==", "expire_date": "2017-07-07T08:34:40.395Z"}}, {"model": "sessions.session", "pk": "kex4307nxjcr0mdh2fdwufyl7o4mevx7", "fields": {"session_data": "ZGQ2NjM3YmYwYmJmMGFmYmNmOWNiMzJiZTVmMmE0OGQwM2FmN2UwNzp7Il9sYW5ndWFnZSI6InJ1IiwiX2F1dGhfdXNlcl9oYXNoIjoiOWI1NWI4YThiOTMzMjE4M2UyMTUyZDRmODA3OTE1YjMxNjdhNTM0NiIsIl9hdXRoX3VzZXJfaWQiOiIxIiwiX2F1dGhfdXNlcl9iYWNrZW5kIjoib3NjYXIuYXBwcy5jdXN0b21lci5hdXRoX2JhY2tlbmRzLkVtYWlsQmFja2VuZCJ9", "expire_date": "2016-10-19T18:24:45.366Z"}}, {"model": "sessions.session", "pk": "lk233has0bd97u7zkkvoblzutjgrx02m", "fields": {"session_data": "M2FhZWE0NTA0MTAxM2U5N2Y2MWEyYzAyMTU2MTc2YTc2ZTFmNzFhZjp7Il9hdXRoX3VzZXJfaGFzaCI6IjM4MDllZDlmZjBkNGE2ZWI3Njk3NWEyZWYyMTJkYjFlMWNlOWQzYmQiLCJfYXV0aF91c2VyX2JhY2tlbmQiOiJvc2Nhci5hcHBzLmN1c3RvbWVyLmF1dGhfYmFja2VuZHMuRW1haWxCYWNrZW5kIiwiX2F1dGhfdXNlcl9pZCI6IjEifQ==", "expire_date": "2017-07-05T05:00:13.837Z"}}, {"model": "sessions.session", "pk": "nv76f03f2xwfdn16poeguscprsfztkom", "fields": {"session_data": "OGE5ODJiYmZkNTQ1ZmYwYWE4ODBmMWNjNTBjNDk4MzI5YmZlNzJlODp7Il9hdXRoX3VzZXJfaGFzaCI6IjliNTViOGE4YjkzMzIxODNlMjE1MmQ0ZjgwNzkxNWIzMTY3YTUzNDYiLCJfYXV0aF91c2VyX2JhY2tlbmQiOiJvc2Nhci5hcHBzLmN1c3RvbWVyLmF1dGhfYmFja2VuZHMuRW1haWxCYWNrZW5kIiwiX2F1dGhfdXNlcl9pZCI6IjEifQ==", "expire_date": "2017-03-05T18:31:20.394Z"}}, {"model": "sessions.session", "pk": "o6dki35k79ew18cgy7w2odhkh1w2aqnz", "fields": {"session_data": "Njk2MGU4NGY0MzNjNjA1ZWM1MTg2MjNjZDk2Y2IzYWQ1NGVjZmNkNjp7Il9sYW5ndWFnZSI6InJ1IiwiX2F1dGhfdXNlcl9oYXNoIjoiMDA5NTRmMjA5MjhmOTYyNzRlZGE1MmRhMWI4MDI5ZGQ1ZWY0ODljMyIsIl9hdXRoX3VzZXJfaWQiOiIxIiwiX2F1dGhfdXNlcl9iYWNrZW5kIjoib3NjYXIuYXBwcy5jdXN0b21lci5hdXRoX2JhY2tlbmRzLkVtYWlsQmFja2VuZCJ9", "expire_date": "2017-07-07T06:08:25.200Z"}}, {"model": "sessions.session", "pk": "pilowlohd7yccb3uty3ay7kt3vjqk6d0", "fields": {"session_data": "MmE3YmVjYjk1MmZlMmUwNmQ5NTU5ZTg3NzZjOWNlMGJkNTM5YmVmNDp7Il9sYW5ndWFnZSI6InJ1IiwiX2F1dGhfdXNlcl9oYXNoIjoiMjdmNWFhNmVjZjcwODMyN2UyMWE4NTY5MmYzNjg4MjkyMzBkZDUzZSIsIl9hdXRoX3VzZXJfYmFja2VuZCI6Im9zY2FyLmFwcHMuY3VzdG9tZXIuYXV0aF9iYWNrZW5kcy5FbWFpbEJhY2tlbmQiLCJfYXV0aF91c2VyX2lkIjoiMSJ9", "expire_date": "2017-06-14T09:34:54.511Z"}}, {"model": "sessions.session", "pk": "rqzsske2vwzffe85f69sgb4tqs48gf4g", "fields": {"session_data": "ZGM0MDljYTkwZDk2M2RiM2Q1ODBlZTc1ODMyZTM4YTUxMjI3NTAyZTp7Il9sYW5ndWFnZSI6InJ1IiwiX2F1dGhfdXNlcl9oYXNoIjoiNjhkYWVhM2Y0NjY2ZGRkNTA0NGNlOGYyOGE3OTEwMTFiNzIyYmNlNyIsIl9hdXRoX3VzZXJfYmFja2VuZCI6Im9zY2FyLmFwcHMuY3VzdG9tZXIuYXV0aF9iYWNrZW5kcy5FbWFpbEJhY2tlbmQiLCJfYXV0aF91c2VyX2lkIjoiMiJ9", "expire_date": "2016-10-16T04:39:21.467Z"}}, {"model": "sessions.session", "pk": "t389d9e1gl4joow5ur3brp1j2hzm370g", "fields": {"session_data": "OWNkNTE5NDQ5ZGRlZGJhOTQ2ZWFjZTM2YTM4ODg4NmZkMzAzNTkyZjp7Im9zY2FyX29wZW5fYmFza2V0IjozfQ==", "expire_date": "2017-03-24T02:06:47.208Z"}}, {"model": "sessions.session", "pk": "tqb4nocll7vgeb9uvl1p15zjcbax4jxn", "fields": {"session_data": "MzBmM2Y1MjZlZGJkZjliYTY1MjJkMDZkMzVjOTcyZmM3ZWNjN2Q1ZTp7Il9sYW5ndWFnZSI6InJ1IiwiX2F1dGhfdXNlcl9oYXNoIjoiOWI1NWI4YThiOTMzMjE4M2UyMTUyZDRmODA3OTE1YjMxNjdhNTM0NiIsIl9hdXRoX3VzZXJfYmFja2VuZCI6Im9zY2FyLmFwcHMuY3VzdG9tZXIuYXV0aF9iYWNrZW5kcy5FbWFpbEJhY2tlbmQiLCJfYXV0aF91c2VyX2lkIjoiMSJ9", "expire_date": "2016-10-20T20:05:38.650Z"}}, {"model": "sessions.session", "pk": "vw5pvtwyuvz2g39er5kublw0sqh7i8vs", "fields": {"session_data": "OGE5ODJiYmZkNTQ1ZmYwYWE4ODBmMWNjNTBjNDk4MzI5YmZlNzJlODp7Il9hdXRoX3VzZXJfaGFzaCI6IjliNTViOGE4YjkzMzIxODNlMjE1MmQ0ZjgwNzkxNWIzMTY3YTUzNDYiLCJfYXV0aF91c2VyX2JhY2tlbmQiOiJvc2Nhci5hcHBzLmN1c3RvbWVyLmF1dGhfYmFja2VuZHMuRW1haWxCYWNrZW5kIiwiX2F1dGhfdXNlcl9pZCI6IjEifQ==", "expire_date": "2017-02-21T13:38:54.368Z"}}, {"model": "sessions.session", "pk": "yjl8fjx7nfxfvwt5uu02ljvcoxn6usex", "fields": {"session_data": "OGE5ODJiYmZkNTQ1ZmYwYWE4ODBmMWNjNTBjNDk4MzI5YmZlNzJlODp7Il9hdXRoX3VzZXJfaGFzaCI6IjliNTViOGE4YjkzMzIxODNlMjE1MmQ0ZjgwNzkxNWIzMTY3YTUzNDYiLCJfYXV0aF91c2VyX2JhY2tlbmQiOiJvc2Nhci5hcHBzLmN1c3RvbWVyLmF1dGhfYmFja2VuZHMuRW1haWxCYWNrZW5kIiwiX2F1dGhfdXNlcl9pZCI6IjEifQ==", "expire_date": "2016-10-17T10:29:02.527Z"}}, {"model": "sessions.session", "pk": "zi161b4ah8u533enrmiyvl2ffz3y5fat", "fields": {"session_data": "MGQ3ODY2NzkyNzcxZWY1ZjFkNDA1YTVhOTBjMDUxMWM0NGI4NjkwNjp7Il9hdXRoX3VzZXJfaGFzaCI6IjI3ZjVhYTZlY2Y3MDgzMjdlMjFhODU2OTJmMzY4ODI5MjMwZGQ1M2UiLCJfYXV0aF91c2VyX2JhY2tlbmQiOiJvc2Nhci5hcHBzLmN1c3RvbWVyLmF1dGhfYmFja2VuZHMuRW1haWxCYWNrZW5kIiwiX2F1dGhfdXNlcl9pZCI6IjEifQ==", "expire_date": "2017-04-16T07:51:59.083Z"}}, {"model": "sites.site", "fields": {"domain": "http://31.131.24.128:8000/", "name": "\u0440\u0430\u0441\u0442\u0430\u0431\u043e\u043d\u0433"}}, {"model": "sites.site", "fields": {"domain": "31.131.24.128:8000", "name": "BlowGrow"}}, {"model": "sites.site", "fields": {"domain": "31.131.16.2:8000", "name": "blowgrow.com.ua"}}, {"model": "sites.site", "fields": {"domain": "31.131.16.2:8000/growblog/", "name": "Growblog"}}, {"model": "django_comments.comment", "pk": 1, "fields": {"content_type": 19, "object_pk": "semena-konoply", "site": 3, "user": null, "user_name": "ttr", "user_email": "", "user_url": "", "comment": "cvcb", "submit_date": "2017-03-17T22:23:36Z", "ip_address": null, "is_public": true, "is_removed": false}}, {"model": "django_comments.comment", "pk": 2, "fields": {"content_type": 29, "object_pk": "1", "site": 6, "user": 1, "user_name": "admin", "user_email": "info@blowgrow.com.ua", "user_url": "", "comment": "Lets began!", "submit_date": "2017-04-02T13:30:16Z", "ip_address": null, "is_public": true, "is_removed": false}}, {"model": "tagging.tag", "pk": 1, "fields": {"name": "title"}}, {"model": "zinnia.category", "pk": 4, "fields": {"title": "growblog", "slug": "growblog", "description": "", "parent": null, "lft": 1, "rght": 2, "tree_id": 1, "level": 0}}, {"model": "flatpages.flatpage", "pk": 13, "fields": {"url": "/home/contacts/", "title": "\u041a\u043e\u043d\u0442\u0430\u043a\u0442\u044b", "content": "\u041c\u044b \u043d\u0430\u0445\u043e\u0434\u0438\u043c\u0441\u044f \u0432 \u0435\u0431\u0435\u043d\u044f\u0445", "enable_comments": false, "template_name": "flatpages/contacts_page.html", "registration_required": false, "sites": [3]}}, {"model": "flatpages.flatpage", "pk": 14, "fields": {"url": "/help/otsledit-posylku/", "title": "\u041e\u0442\u0441\u043b\u0435\u0434\u0438\u0442\u044c \u043f\u043e\u0441\u044b\u043b\u043a\u0443", "content": "<div id=\"np-tracking\" class=\"np-widget-hz np-w-br-0\" style=\"width: 534px; min-height: 76px;\"> <div id=\"np-first-state\"> <div id=\"np-tracking-logo\"></div> <div id=\"np-title\"> <div class=\"np-h1\">\u0412\u0406\u0414\u0421\u0422\u0415\u0416\u0415\u041d\u041d\u042f<br>\u041f\u041e\u0421\u0418\u041b\u041e\u041a</div> </div> <div id=\"np-input-container\"> <div id=\"np-clear-input\"></div> <input id=\"np-user-input\" name=\"number\" placeholder=\"\u041d\u043e\u043c\u0435\u0440 \u043f\u043e\u0441\u0438\u043b\u043a\u0438\" type=\"text\"> </div> <div id=\"np-warning-message\"></div> <button id=\"np-submit-tracking\" type=\"button\"> <span id=\"np-text-button-tracking\">\u0412\u0406\u0414\u0421\u0422\u0415\u0416\u0418\u0422\u0418</span> <div id=\"np-load-image-tracking\"></div> </button> <div id=\"np-error-status\"></div> </div> <div id=\"np-second-state\"> <div id=\"np-status-icon\"></div> <div id=\"np-status-message\"></div> <div class=\"np-track-mini-logo\"> <div class=\"np-line-right\"></div> <div class=\"np-line-left\"></div> </div> <a href=\"#\" id=\"np-more\">\u0414\u0435\u0442\u0430\u043b\u044c\u043d\u0456\u0448\u0435 \u043d\u0430 \u0441\u0430\u0439\u0442\u0456</a> <div id=\"np-return-button\"> <span>\u0406\u043d\u0448\u0430 \u043f\u043e\u0441\u0438\u043b\u043a\u0430</span> </div> </div> </div>", "enable_comments": false, "template_name": "", "registration_required": false, "sites": []}}, {"model": "oscarapi.apikey", "pk": 1, "fields": {"key": "growblog"}}, {"model": "oscarapi.apikey", "pk": 2, "fields": {"key": "/growblog/add/"}}, {"model": "oscarapi.apikey", "pk": 3, "fields": {"key": "3aa14d370999e1eb1b93a2055ab04fda"}}, {"model": "analytics.productrecord", "pk": 2, "fields": {"product": 3, "num_views": 19, "num_basket_additions": 2, "num_purchases": 0, "score": 0.0}}, {"model": "analytics.productrecord", "pk": 3, "fields": {"product": 4, "num_views": 5, "num_basket_additions": 0, "num_purchases": 0, "score": 0.0}}, {"model": "analytics.productrecord", "pk": 4, "fields": {"product": 5, "num_views": 12, "num_basket_additions": 4, "num_purchases": 0, "score": 0.0}}, {"model": "analytics.userrecord", "pk": 1, "fields": {"user": 1, "num_product_views": 30, "num_basket_additions": 2, "num_orders": 0, "num_order_lines": 0, "num_order_items": 0, "total_spent": "0.00", "date_last_order": null}}, {"model": "analytics.userproductview", "pk": 2, "fields": {"user": 1, "product": 3, "date_created": "2016-10-05T18:34:51.086Z"}}, {"model": "analytics.userproductview", "pk": 3, "fields": {"user": 1, "product": 3, "date_created": "2016-10-05T18:35:08.244Z"}}, {"model": "analytics.userproductview", "pk": 4, "fields": {"user": 1, "product": 3, "date_created": "2016-10-06T18:52:22.013Z"}}, {"model": "analytics.userproductview", "pk": 5, "fields": {"user": 1, "product": 3, "date_created": "2016-10-06T20:58:09.807Z"}}, {"model": "analytics.userproductview", "pk": 6, "fields": {"user": 1, "product": 3, "date_created": "2016-10-06T20:58:23.595Z"}}, {"model": "analytics.userproductview", "pk": 7, "fields": {"user": 1, "product": 3, "date_created": "2016-10-07T14:12:16.409Z"}}, {"model": "analytics.userproductview", "pk": 8, "fields": {"user": 1, "product": 3, "date_created": "2016-10-07T14:12:43.099Z"}}, {"model": "analytics.userproductview", "pk": 9, "fields": {"user": 1, "product": 3, "date_created": "2016-10-07T15:43:15.819Z"}}, {"model": "analytics.userproductview", "pk": 10, "fields": {"user": 1, "product": 3, "date_created": "2016-10-07T15:43:22.707Z"}}, {"model": "analytics.userproductview", "pk": 11, "fields": {"user": 1, "product": 3, "date_created": "2016-10-07T19:11:58.896Z"}}, {"model": "analytics.userproductview", "pk": 12, "fields": {"user": 1, "product": 3, "date_created": "2016-10-07T19:12:11.390Z"}}, {"model": "analytics.userproductview", "pk": 13, "fields": {"user": 1, "product": 3, "date_created": "2016-10-08T16:21:19.890Z"}}, {"model": "analytics.userproductview", "pk": 14, "fields": {"user": 1, "product": 3, "date_created": "2016-10-08T16:21:29.616Z"}}, {"model": "analytics.userproductview", "pk": 15, "fields": {"user": 1, "product": 3, "date_created": "2016-10-08T16:22:03.149Z"}}, {"model": "analytics.userproductview", "pk": 16, "fields": {"user": 1, "product": 4, "date_created": "2016-10-11T15:30:07.855Z"}}, {"model": "analytics.userproductview", "pk": 17, "fields": {"user": 1, "product": 4, "date_created": "2016-10-11T17:19:53.056Z"}}, {"model": "analytics.userproductview", "pk": 18, "fields": {"user": 1, "product": 4, "date_created": "2016-10-26T19:41:31.015Z"}}, {"model": "analytics.userproductview", "pk": 19, "fields": {"user": 1, "product": 4, "date_created": "2016-12-15T10:34:21.021Z"}}, {"model": "analytics.userproductview", "pk": 20, "fields": {"user": 1, "product": 5, "date_created": "2017-03-16T17:08:32.271Z"}}, {"model": "analytics.userproductview", "pk": 21, "fields": {"user": 1, "product": 5, "date_created": "2017-03-16T17:12:04.670Z"}}, {"model": "analytics.userproductview", "pk": 22, "fields": {"user": 1, "product": 5, "date_created": "2017-03-16T17:13:08.345Z"}}, {"model": "analytics.userproductview", "pk": 23, "fields": {"user": 1, "product": 5, "date_created": "2017-03-17T23:18:58.741Z"}}, {"model": "analytics.userproductview", "pk": 24, "fields": {"user": 1, "product": 5, "date_created": "2017-05-30T23:09:29.713Z"}}, {"model": "analytics.userproductview", "pk": 25, "fields": {"user": 1, "product": 5, "date_created": "2017-05-30T23:09:43.486Z"}}, {"model": "analytics.userproductview", "pk": 26, "fields": {"user": 1, "product": 5, "date_created": "2017-05-31T09:40:32.254Z"}}, {"model": "analytics.userproductview", "pk": 27, "fields": {"user": 1, "product": 5, "date_created": "2017-06-01T19:23:04.858Z"}}, {"model": "analytics.userproductview", "pk": 28, "fields": {"user": 1, "product": 5, "date_created": "2017-06-21T05:12:20.579Z"}}, {"model": "analytics.userproductview", "pk": 29, "fields": {"user": 1, "product": 5, "date_created": "2017-06-21T05:13:45.430Z"}}, {"model": "analytics.userproductview", "pk": 30, "fields": {"user": 1, "product": 5, "date_created": "2017-06-21T05:43:44.413Z"}}, {"model": "analytics.usersearch", "pk": 1, "fields": {"user": 1, "query": "", "date_created": "2016-09-28T17:13:16.583Z"}}, {"model": "address.useraddress", "pk": 1, "fields": {"title": "Mr", "first_name": "\u0418\u0433\u043e\u0440\u044c", "last_name": "\u041b\u043e\u043c\u0430\u043a\u0438\u043d", "line1": "\u041f\u043e\u0434\u0432\u044b\u0441\u043e\u0446\u043a\u043e\u0433\u043e 10", "line2": "", "line3": "", "line4": "\u041a\u0438\u0435\u0432", "state": "", "postcode": "01103", "country": "UA", "search_text": "\u0418\u0433\u043e\u0440\u044c \u041b\u043e\u043c\u0430\u043a\u0438\u043d \u041f\u043e\u0434\u0432\u044b\u0441\u043e\u0446\u043a\u043e\u0433\u043e 10 \u041a\u0438\u0435\u0432 01103 \u0423\u043a\u0440\u0430\u0438\u043d\u0430", "phone_number": "+380675026504", "notes": "", "user": 1, "is_default_for_shipping": false, "is_default_for_billing": false, "num_orders": 0, "hash": "-727036512", "date_created": "2017-05-31T09:28:44.280Z"}}, {"model": "address.country", "pk": "AD", "fields": {"iso_3166_1_a3": "AND", "iso_3166_1_numeric": "020", "printable_name": "Andorra", "name": "Principality of Andorra", "display_order": 0, "is_shipping_country": true}}, {"model": "address.country", "pk": "AE", "fields": {"iso_3166_1_a3": "ARE", "iso_3166_1_numeric": "784", "printable_name": "United Arab Emirates", "name": "", "display_order": 0, "is_shipping_country": true}}, {"model": "address.country", "pk": "AF", "fields": {"iso_3166_1_a3": "AFG", "iso_3166_1_numeric": "004", "printable_name": "Afghanistan", "name": "Islamic Republic of Afghanistan", "display_order": 0, "is_shipping_country": true}}, {"model": "address.country", "pk": "AG", "fields": {"iso_3166_1_a3": "ATG", "iso_3166_1_numeric": "028", "printable_name": "Antigua and Barbuda", "name": "", "display_order": 0, "is_shipping_country": true}}, {"model": "address.country", "pk": "AI", "fields": {"iso_3166_1_a3": "AIA", "iso_3166_1_numeric": "660", "printable_name": "Anguilla", "name": "", "display_order": 0, "is_shipping_country": true}}, {"model": "address.country", "pk": "AL", "fields": {"iso_3166_1_a3": "ALB", "iso_3166_1_numeric": "008", "printable_name": "Albania", "name": "Republic of Albania", "display_order": 0, "is_shipping_country": true}}, {"model": "address.country", "pk": "AM", "fields": {"iso_3166_1_a3": "ARM", "iso_3166_1_numeric": "051", "printable_name": "Armenia", "name": "Republic of Armenia", "display_order": 0, "is_shipping_country": true}}, {"model": "address.country", "pk": "AO", "fields": {"iso_3166_1_a3": "AGO", "iso_3166_1_numeric": "024", "printable_name": "Angola", "name": "Republic of Angola", "display_order": 0, "is_shipping_country": true}}, {"model": "address.country", "pk": "AQ", "fields": {"iso_3166_1_a3": "ATA", "iso_3166_1_numeric": "010", "printable_name": "Antarctica", "name": "", "display_order": 0, "is_shipping_country": true}}, {"model": "address.country", "pk": "AR", "fields": {"iso_3166_1_a3": "ARG", "iso_3166_1_numeric": "032", "printable_name": "Argentina", "name": "Argentine Republic", "display_order": 0, "is_shipping_country": true}}, {"model": "address.country", "pk": "AS", "fields": {"iso_3166_1_a3": "ASM", "iso_3166_1_numeric": "016", "printable_name": "American Samoa", "name": "", "display_order": 0, "is_shipping_country": true}}, {"model": "address.country", "pk": "AT", "fields": {"iso_3166_1_a3": "AUT", "iso_3166_1_numeric": "040", "printable_name": "Austria", "name": "Republic of Austria", "display_order": 0, "is_shipping_country": true}}, {"model": "address.country", "pk": "AU", "fields": {"iso_3166_1_a3": "AUS", "iso_3166_1_numeric": "036", "printable_name": "Australia", "name": "", "display_order": 0, "is_shipping_country": true}}, {"model": "address.country", "pk": "AW", "fields": {"iso_3166_1_a3": "ABW", "iso_3166_1_numeric": "533", "printable_name": "Aruba", "name": "", "display_order": 0, "is_shipping_country": true}}, {"model": "address.country", "pk": "AX", "fields": {"iso_3166_1_a3": "ALA", "iso_3166_1_numeric": "248", "printable_name": "\u00c5land Islands", "name": "", "display_order": 0, "is_shipping_country": true}}, {"model": "address.country", "pk": "AZ", "fields": {"iso_3166_1_a3": "AZE", "iso_3166_1_numeric": "031", "printable_name": "Azerbaijan", "name": "Republic of Azerbaijan", "display_order": 0, "is_shipping_country": true}}, {"model": "address.country", "pk": "BA", "fields": {"iso_3166_1_a3": "BIH", "iso_3166_1_numeric": "070", "printable_name": "Bosnia and Herzegovina", "name": "Republic of Bosnia and Herzegovina", "display_order": 0, "is_shipping_country": true}}, {"model": "address.country", "pk": "BB", "fields": {"iso_3166_1_a3": "BRB", "iso_3166_1_numeric": "052", "printable_name": "Barbados", "name": "", "display_order": 0, "is_shipping_country": true}}, {"model": "address.country", "pk": "BD", "fields": {"iso_3166_1_a3": "BGD", "iso_3166_1_numeric": "050", "printable_name": "Bangladesh", "name": "People's Republic of Bangladesh", "display_order": 0, "is_shipping_country": true}}, {"model": "address.country", "pk": "BE", "fields": {"iso_3166_1_a3": "BEL", "iso_3166_1_numeric": "056", "printable_name": "Belgium", "name": "Kingdom of Belgium", "display_order": 0, "is_shipping_country": true}}, {"model": "address.country", "pk": "BF", "fields": {"iso_3166_1_a3": "BFA", "iso_3166_1_numeric": "854", "printable_name": "Burkina Faso", "name": "", "display_order": 0, "is_shipping_country": true}}, {"model": "address.country", "pk": "BG", "fields": {"iso_3166_1_a3": "BGR", "iso_3166_1_numeric": "100", "printable_name": "Bulgaria", "name": "Republic of Bulgaria", "display_order": 0, "is_shipping_country": true}}, {"model": "address.country", "pk": "BH", "fields": {"iso_3166_1_a3": "BHR", "iso_3166_1_numeric": "048", "printable_name": "Bahrain", "name": "Kingdom of Bahrain", "display_order": 0, "is_shipping_country": true}}, {"model": "address.country", "pk": "BI", "fields": {"iso_3166_1_a3": "BDI", "iso_3166_1_numeric": "108", "printable_name": "Burundi", "name": "Republic of Burundi", "display_order": 0, "is_shipping_country": true}}, {"model": "address.country", "pk": "BJ", "fields": {"iso_3166_1_a3": "BEN", "iso_3166_1_numeric": "204", "printable_name": "Benin", "name": "Republic of Benin", "display_order": 0, "is_shipping_country": true}}, {"model": "address.country", "pk": "BL", "fields": {"iso_3166_1_a3": "BLM", "iso_3166_1_numeric": "652", "printable_name": "Saint Barth\u00e9lemy", "name": "", "display_order": 0, "is_shipping_country": true}}, {"model": "address.country", "pk": "BM", "fields": {"iso_3166_1_a3": "BMU", "iso_3166_1_numeric": "060", "printable_name": "Bermuda", "name": "", "display_order": 0, "is_shipping_country": true}}, {"model": "address.country", "pk": "BN", "fields": {"iso_3166_1_a3": "BRN", "iso_3166_1_numeric": "096", "printable_name": "Brunei Darussalam", "name": "", "display_order": 0, "is_shipping_country": true}}, {"model": "address.country", "pk": "BO", "fields": {"iso_3166_1_a3": "BOL", "iso_3166_1_numeric": "068", "printable_name": "Bolivia, Plurinational State of", "name": "Plurinational State of Bolivia", "display_order": 0, "is_shipping_country": true}}, {"model": "address.country", "pk": "BQ", "fields": {"iso_3166_1_a3": "BES", "iso_3166_1_numeric": "535", "printable_name": "Bonaire, Sint Eustatius and Saba", "name": "Bonaire, Sint Eustatius and Saba", "display_order": 0, "is_shipping_country": true}}, {"model": "address.country", "pk": "BR", "fields": {"iso_3166_1_a3": "BRA", "iso_3166_1_numeric": "076", "printable_name": "Brazil", "name": "Federative Republic of Brazil", "display_order": 0, "is_shipping_country": true}}, {"model": "address.country", "pk": "BS", "fields": {"iso_3166_1_a3": "BHS", "iso_3166_1_numeric": "044", "printable_name": "Bahamas", "name": "Commonwealth of the Bahamas", "display_order": 0, "is_shipping_country": true}}, {"model": "address.country", "pk": "BT", "fields": {"iso_3166_1_a3": "BTN", "iso_3166_1_numeric": "064", "printable_name": "Bhutan", "name": "Kingdom of Bhutan", "display_order": 0, "is_shipping_country": true}}, {"model": "address.country", "pk": "BV", "fields": {"iso_3166_1_a3": "BVT", "iso_3166_1_numeric": "074", "printable_name": "Bouvet Island", "name": "", "display_order": 0, "is_shipping_country": true}}, {"model": "address.country", "pk": "BW", "fields": {"iso_3166_1_a3": "BWA", "iso_3166_1_numeric": "072", "printable_name": "Botswana", "name": "Republic of Botswana", "display_order": 0, "is_shipping_country": true}}, {"model": "address.country", "pk": "BY", "fields": {"iso_3166_1_a3": "BLR", "iso_3166_1_numeric": "112", "printable_name": "Belarus", "name": "Republic of Belarus", "display_order": 0, "is_shipping_country": true}}, {"model": "address.country", "pk": "BZ", "fields": {"iso_3166_1_a3": "BLZ", "iso_3166_1_numeric": "084", "printable_name": "Belize", "name": "", "display_order": 0, "is_shipping_country": true}}, {"model": "address.country", "pk": "CA", "fields": {"iso_3166_1_a3": "CAN", "iso_3166_1_numeric": "124", "printable_name": "Canada", "name": "", "display_order": 0, "is_shipping_country": true}}, {"model": "address.country", "pk": "CC", "fields": {"iso_3166_1_a3": "CCK", "iso_3166_1_numeric": "166", "printable_name": "Cocos (Keeling) Islands", "name": "", "display_order": 0, "is_shipping_country": true}}, {"model": "address.country", "pk": "CD", "fields": {"iso_3166_1_a3": "COD", "iso_3166_1_numeric": "180", "printable_name": "Congo, The Democratic Republic of the", "name": "", "display_order": 0, "is_shipping_country": true}}, {"model": "address.country", "pk": "CF", "fields": {"iso_3166_1_a3": "CAF", "iso_3166_1_numeric": "140", "printable_name": "Central African Republic", "name": "", "display_order": 0, "is_shipping_country": true}}, {"model": "address.country", "pk": "CG", "fields": {"iso_3166_1_a3": "COG", "iso_3166_1_numeric": "178", "printable_name": "Congo", "name": "Republic of the Congo", "display_order": 0, "is_shipping_country": true}}, {"model": "address.country", "pk": "CH", "fields": {"iso_3166_1_a3": "CHE", "iso_3166_1_numeric": "756", "printable_name": "Switzerland", "name": "Swiss Confederation", "display_order": 0, "is_shipping_country": true}}, {"model": "address.country", "pk": "CI", "fields": {"iso_3166_1_a3": "CIV", "iso_3166_1_numeric": "384", "printable_name": "C\u00f4te d'Ivoire", "name": "Republic of C\u00f4te d'Ivoire", "display_order": 0, "is_shipping_country": true}}, {"model": "address.country", "pk": "CK", "fields": {"iso_3166_1_a3": "COK", "iso_3166_1_numeric": "184", "printable_name": "Cook Islands", "name": "", "display_order": 0, "is_shipping_country": true}}, {"model": "address.country", "pk": "CL", "fields": {"iso_3166_1_a3": "CHL", "iso_3166_1_numeric": "152", "printable_name": "Chile", "name": "Republic of Chile", "display_order": 0, "is_shipping_country": true}}, {"model": "address.country", "pk": "CM", "fields": {"iso_3166_1_a3": "CMR", "iso_3166_1_numeric": "120", "printable_name": "Cameroon", "name": "Republic of Cameroon", "display_order": 0, "is_shipping_country": true}}, {"model": "address.country", "pk": "CN", "fields": {"iso_3166_1_a3": "CHN", "iso_3166_1_numeric": "156", "printable_name": "China", "name": "People's Republic of China", "display_order": 0, "is_shipping_country": true}}, {"model": "address.country", "pk": "CO", "fields": {"iso_3166_1_a3": "COL", "iso_3166_1_numeric": "170", "printable_name": "Colombia", "name": "Republic of Colombia", "display_order": 0, "is_shipping_country": true}}, {"model": "address.country", "pk": "CR", "fields": {"iso_3166_1_a3": "CRI", "iso_3166_1_numeric": "188", "printable_name": "Costa Rica", "name": "Republic of Costa Rica", "display_order": 0, "is_shipping_country": true}}, {"model": "address.country", "pk": "CU", "fields": {"iso_3166_1_a3": "CUB", "iso_3166_1_numeric": "192", "printable_name": "Cuba", "name": "Republic of Cuba", "display_order": 0, "is_shipping_country": true}}, {"model": "address.country", "pk": "CV", "fields": {"iso_3166_1_a3": "CPV", "iso_3166_1_numeric": "132", "printable_name": "Cape Verde", "name": "Republic of Cape Verde", "display_order": 0, "is_shipping_country": true}}, {"model": "address.country", "pk": "CW", "fields": {"iso_3166_1_a3": "CUW", "iso_3166_1_numeric": "531", "printable_name": "Cura\u00e7ao", "name": "Cura\u00e7ao", "display_order": 0, "is_shipping_country": true}}, {"model": "address.country", "pk": "CX", "fields": {"iso_3166_1_a3": "CXR", "iso_3166_1_numeric": "162", "printable_name": "Christmas Island", "name": "", "display_order": 0, "is_shipping_country": true}}, {"model": "address.country", "pk": "CY", "fields": {"iso_3166_1_a3": "CYP", "iso_3166_1_numeric": "196", "printable_name": "Cyprus", "name": "Republic of Cyprus", "display_order": 0, "is_shipping_country": true}}, {"model": "address.country", "pk": "CZ", "fields": {"iso_3166_1_a3": "CZE", "iso_3166_1_numeric": "203", "printable_name": "Czech Republic", "name": "", "display_order": 0, "is_shipping_country": true}}, {"model": "address.country", "pk": "DE", "fields": {"iso_3166_1_a3": "DEU", "iso_3166_1_numeric": "276", "printable_name": "Germany", "name": "Federal Republic of Germany", "display_order": 0, "is_shipping_country": true}}, {"model": "address.country", "pk": "DJ", "fields": {"iso_3166_1_a3": "DJI", "iso_3166_1_numeric": "262", "printable_name": "Djibouti", "name": "Republic of Djibouti", "display_order": 0, "is_shipping_country": true}}, {"model": "address.country", "pk": "DK", "fields": {"iso_3166_1_a3": "DNK", "iso_3166_1_numeric": "208", "printable_name": "Denmark", "name": "Kingdom of Denmark", "display_order": 0, "is_shipping_country": true}}, {"model": "address.country", "pk": "DM", "fields": {"iso_3166_1_a3": "DMA", "iso_3166_1_numeric": "212", "printable_name": "Dominica", "name": "Commonwealth of Dominica", "display_order": 0, "is_shipping_country": true}}, {"model": "address.country", "pk": "DO", "fields": {"iso_3166_1_a3": "DOM", "iso_3166_1_numeric": "214", "printable_name": "Dominican Republic", "name": "", "display_order": 0, "is_shipping_country": true}}, {"model": "address.country", "pk": "DZ", "fields": {"iso_3166_1_a3": "DZA", "iso_3166_1_numeric": "012", "printable_name": "Algeria", "name": "People's Democratic Republic of Algeria", "display_order": 0, "is_shipping_country": true}}, {"model": "address.country", "pk": "EC", "fields": {"iso_3166_1_a3": "ECU", "iso_3166_1_numeric": "218", "printable_name": "Ecuador", "name": "Republic of Ecuador", "display_order": 0, "is_shipping_country": true}}, {"model": "address.country", "pk": "EE", "fields": {"iso_3166_1_a3": "EST", "iso_3166_1_numeric": "233", "printable_name": "Estonia", "name": "Republic of Estonia", "display_order": 0, "is_shipping_country": true}}, {"model": "address.country", "pk": "EG", "fields": {"iso_3166_1_a3": "EGY", "iso_3166_1_numeric": "818", "printable_name": "Egypt", "name": "Arab Republic of Egypt", "display_order": 0, "is_shipping_country": true}}, {"model": "address.country", "pk": "EH", "fields": {"iso_3166_1_a3": "ESH", "iso_3166_1_numeric": "732", "printable_name": "Western Sahara", "name": "", "display_order": 0, "is_shipping_country": true}}, {"model": "address.country", "pk": "ER", "fields": {"iso_3166_1_a3": "ERI", "iso_3166_1_numeric": "232", "printable_name": "Eritrea", "name": "the State of Eritrea", "display_order": 0, "is_shipping_country": true}}, {"model": "address.country", "pk": "ES", "fields": {"iso_3166_1_a3": "ESP", "iso_3166_1_numeric": "724", "printable_name": "Spain", "name": "Kingdom of Spain", "display_order": 0, "is_shipping_country": true}}, {"model": "address.country", "pk": "ET", "fields": {"iso_3166_1_a3": "ETH", "iso_3166_1_numeric": "231", "printable_name": "Ethiopia", "name": "Federal Democratic Republic of Ethiopia", "display_order": 0, "is_shipping_country": true}}, {"model": "address.country", "pk": "FI", "fields": {"iso_3166_1_a3": "FIN", "iso_3166_1_numeric": "246", "printable_name": "Finland", "name": "Republic of Finland", "display_order": 0, "is_shipping_country": true}}, {"model": "address.country", "pk": "FJ", "fields": {"iso_3166_1_a3": "FJI", "iso_3166_1_numeric": "242", "printable_name": "Fiji", "name": "Republic of Fiji", "display_order": 0, "is_shipping_country": true}}, {"model": "address.country", "pk": "FK", "fields": {"iso_3166_1_a3": "FLK", "iso_3166_1_numeric": "238", "printable_name": "Falkland Islands (Malvinas)", "name": "", "display_order": 0, "is_shipping_country": true}}, {"model": "address.country", "pk": "FM", "fields": {"iso_3166_1_a3": "FSM", "iso_3166_1_numeric": "583", "printable_name": "Micronesia, Federated States of", "name": "Federated States of Micronesia", "display_order": 0, "is_shipping_country": true}}, {"model": "address.country", "pk": "FO", "fields": {"iso_3166_1_a3": "FRO", "iso_3166_1_numeric": "234", "printable_name": "Faroe Islands", "name": "", "display_order": 0, "is_shipping_country": true}}, {"model": "address.country", "pk": "FR", "fields": {"iso_3166_1_a3": "FRA", "iso_3166_1_numeric": "250", "printable_name": "France", "name": "French Republic", "display_order": 0, "is_shipping_country": true}}, {"model": "address.country", "pk": "GA", "fields": {"iso_3166_1_a3": "GAB", "iso_3166_1_numeric": "266", "printable_name": "Gabon", "name": "Gabonese Republic", "display_order": 0, "is_shipping_country": true}}, {"model": "address.country", "pk": "GB", "fields": {"iso_3166_1_a3": "GBR", "iso_3166_1_numeric": "826", "printable_name": "United Kingdom", "name": "United Kingdom of Great Britain and Northern Ireland", "display_order": 0, "is_shipping_country": true}}, {"model": "address.country", "pk": "GD", "fields": {"iso_3166_1_a3": "GRD", "iso_3166_1_numeric": "308", "printable_name": "Grenada", "name": "", "display_order": 0, "is_shipping_country": true}}, {"model": "address.country", "pk": "GE", "fields": {"iso_3166_1_a3": "GEO", "iso_3166_1_numeric": "268", "printable_name": "Georgia", "name": "", "display_order": 0, "is_shipping_country": true}}, {"model": "address.country", "pk": "GF", "fields": {"iso_3166_1_a3": "GUF", "iso_3166_1_numeric": "254", "printable_name": "French Guiana", "name": "", "display_order": 0, "is_shipping_country": true}}, {"model": "address.country", "pk": "GG", "fields": {"iso_3166_1_a3": "GGY", "iso_3166_1_numeric": "831", "printable_name": "Guernsey", "name": "", "display_order": 0, "is_shipping_country": true}}, {"model": "address.country", "pk": "GH", "fields": {"iso_3166_1_a3": "GHA", "iso_3166_1_numeric": "288", "printable_name": "Ghana", "name": "Republic of Ghana", "display_order": 0, "is_shipping_country": true}}, {"model": "address.country", "pk": "GI", "fields": {"iso_3166_1_a3": "GIB", "iso_3166_1_numeric": "292", "printable_name": "Gibraltar", "name": "", "display_order": 0, "is_shipping_country": true}}, {"model": "address.country", "pk": "GL", "fields": {"iso_3166_1_a3": "GRL", "iso_3166_1_numeric": "304", "printable_name": "Greenland", "name": "", "display_order": 0, "is_shipping_country": true}}, {"model": "address.country", "pk": "GM", "fields": {"iso_3166_1_a3": "GMB", "iso_3166_1_numeric": "270", "printable_name": "Gambia", "name": "Republic of the Gambia", "display_order": 0, "is_shipping_country": true}}, {"model": "address.country", "pk": "GN", "fields": {"iso_3166_1_a3": "GIN", "iso_3166_1_numeric": "324", "printable_name": "Guinea", "name": "Republic of Guinea", "display_order": 0, "is_shipping_country": true}}, {"model": "address.country", "pk": "GP", "fields": {"iso_3166_1_a3": "GLP", "iso_3166_1_numeric": "312", "printable_name": "Guadeloupe", "name": "", "display_order": 0, "is_shipping_country": true}}, {"model": "address.country", "pk": "GQ", "fields": {"iso_3166_1_a3": "GNQ", "iso_3166_1_numeric": "226", "printable_name": "Equatorial Guinea", "name": "Republic of Equatorial Guinea", "display_order": 0, "is_shipping_country": true}}, {"model": "address.country", "pk": "GR", "fields": {"iso_3166_1_a3": "GRC", "iso_3166_1_numeric": "300", "printable_name": "Greece", "name": "Hellenic Republic", "display_order": 0, "is_shipping_country": true}}, {"model": "address.country", "pk": "GS", "fields": {"iso_3166_1_a3": "SGS", "iso_3166_1_numeric": "239", "printable_name": "South Georgia and the South Sandwich Islands", "name": "", "display_order": 0, "is_shipping_country": true}}, {"model": "address.country", "pk": "GT", "fields": {"iso_3166_1_a3": "GTM", "iso_3166_1_numeric": "320", "printable_name": "Guatemala", "name": "Republic of Guatemala", "display_order": 0, "is_shipping_country": true}}, {"model": "address.country", "pk": "GU", "fields": {"iso_3166_1_a3": "GUM", "iso_3166_1_numeric": "316", "printable_name": "Guam", "name": "", "display_order": 0, "is_shipping_country": true}}, {"model": "address.country", "pk": "GW", "fields": {"iso_3166_1_a3": "GNB", "iso_3166_1_numeric": "624", "printable_name": "Guinea-Bissau", "name": "Republic of Guinea-Bissau", "display_order": 0, "is_shipping_country": true}}, {"model": "address.country", "pk": "GY", "fields": {"iso_3166_1_a3": "GUY", "iso_3166_1_numeric": "328", "printable_name": "Guyana", "name": "Republic of Guyana", "display_order": 0, "is_shipping_country": true}}, {"model": "address.country", "pk": "HK", "fields": {"iso_3166_1_a3": "HKG", "iso_3166_1_numeric": "344", "printable_name": "Hong Kong", "name": "Hong Kong Special Administrative Region of China", "display_order": 0, "is_shipping_country": true}}, {"model": "address.country", "pk": "HM", "fields": {"iso_3166_1_a3": "HMD", "iso_3166_1_numeric": "334", "printable_name": "Heard Island and McDonald Islands", "name": "", "display_order": 0, "is_shipping_country": true}}, {"model": "address.country", "pk": "HN", "fields": {"iso_3166_1_a3": "HND", "iso_3166_1_numeric": "340", "printable_name": "Honduras", "name": "Republic of Honduras", "display_order": 0, "is_shipping_country": true}}, {"model": "address.country", "pk": "HR", "fields": {"iso_3166_1_a3": "HRV", "iso_3166_1_numeric": "191", "printable_name": "Croatia", "name": "Republic of Croatia", "display_order": 0, "is_shipping_country": true}}, {"model": "address.country", "pk": "HT", "fields": {"iso_3166_1_a3": "HTI", "iso_3166_1_numeric": "332", "printable_name": "Haiti", "name": "Republic of Haiti", "display_order": 0, "is_shipping_country": true}}, {"model": "address.country", "pk": "HU", "fields": {"iso_3166_1_a3": "HUN", "iso_3166_1_numeric": "348", "printable_name": "Hungary", "name": "Hungary", "display_order": 0, "is_shipping_country": true}}, {"model": "address.country", "pk": "ID", "fields": {"iso_3166_1_a3": "IDN", "iso_3166_1_numeric": "360", "printable_name": "Indonesia", "name": "Republic of Indonesia", "display_order": 0, "is_shipping_country": true}}, {"model": "address.country", "pk": "IE", "fields": {"iso_3166_1_a3": "IRL", "iso_3166_1_numeric": "372", "printable_name": "Ireland", "name": "", "display_order": 0, "is_shipping_country": true}}, {"model": "address.country", "pk": "IL", "fields": {"iso_3166_1_a3": "ISR", "iso_3166_1_numeric": "376", "printable_name": "Israel", "name": "State of Israel", "display_order": 0, "is_shipping_country": true}}, {"model": "address.country", "pk": "IM", "fields": {"iso_3166_1_a3": "IMN", "iso_3166_1_numeric": "833", "printable_name": "Isle of Man", "name": "", "display_order": 0, "is_shipping_country": true}}, {"model": "address.country", "pk": "IN", "fields": {"iso_3166_1_a3": "IND", "iso_3166_1_numeric": "356", "printable_name": "India", "name": "Republic of India", "display_order": 0, "is_shipping_country": true}}, {"model": "address.country", "pk": "IO", "fields": {"iso_3166_1_a3": "IOT", "iso_3166_1_numeric": "086", "printable_name": "British Indian Ocean Territory", "name": "", "display_order": 0, "is_shipping_country": true}}, {"model": "address.country", "pk": "IQ", "fields": {"iso_3166_1_a3": "IRQ", "iso_3166_1_numeric": "368", "printable_name": "Iraq", "name": "Republic of Iraq", "display_order": 0, "is_shipping_country": true}}, {"model": "address.country", "pk": "IR", "fields": {"iso_3166_1_a3": "IRN", "iso_3166_1_numeric": "364", "printable_name": "Iran, Islamic Republic of", "name": "Islamic Republic of Iran", "display_order": 0, "is_shipping_country": true}}, {"model": "address.country", "pk": "IS", "fields": {"iso_3166_1_a3": "ISL", "iso_3166_1_numeric": "352", "printable_name": "Iceland", "name": "Republic of Iceland", "display_order": 0, "is_shipping_country": true}}, {"model": "address.country", "pk": "IT", "fields": {"iso_3166_1_a3": "ITA", "iso_3166_1_numeric": "380", "printable_name": "Italy", "name": "Italian Republic", "display_order": 0, "is_shipping_country": true}}, {"model": "address.country", "pk": "JE", "fields": {"iso_3166_1_a3": "JEY", "iso_3166_1_numeric": "832", "printable_name": "Jersey", "name": "", "display_order": 0, "is_shipping_country": true}}, {"model": "address.country", "pk": "JM", "fields": {"iso_3166_1_a3": "JAM", "iso_3166_1_numeric": "388", "printable_name": "Jamaica", "name": "", "display_order": 0, "is_shipping_country": true}}, {"model": "address.country", "pk": "JO", "fields": {"iso_3166_1_a3": "JOR", "iso_3166_1_numeric": "400", "printable_name": "Jordan", "name": "Hashemite Kingdom of Jordan", "display_order": 0, "is_shipping_country": true}}, {"model": "address.country", "pk": "JP", "fields": {"iso_3166_1_a3": "JPN", "iso_3166_1_numeric": "392", "printable_name": "Japan", "name": "", "display_order": 0, "is_shipping_country": true}}, {"model": "address.country", "pk": "KE", "fields": {"iso_3166_1_a3": "KEN", "iso_3166_1_numeric": "404", "printable_name": "Kenya", "name": "Republic of Kenya", "display_order": 0, "is_shipping_country": true}}, {"model": "address.country", "pk": "KG", "fields": {"iso_3166_1_a3": "KGZ", "iso_3166_1_numeric": "417", "printable_name": "Kyrgyzstan", "name": "Kyrgyz Republic", "display_order": 0, "is_shipping_country": true}}, {"model": "address.country", "pk": "KH", "fields": {"iso_3166_1_a3": "KHM", "iso_3166_1_numeric": "116", "printable_name": "Cambodia", "name": "Kingdom of Cambodia", "display_order": 0, "is_shipping_country": true}}, {"model": "address.country", "pk": "KI", "fields": {"iso_3166_1_a3": "KIR", "iso_3166_1_numeric": "296", "printable_name": "Kiribati", "name": "Republic of Kiribati", "display_order": 0, "is_shipping_country": true}}, {"model": "address.country", "pk": "KM", "fields": {"iso_3166_1_a3": "COM", "iso_3166_1_numeric": "174", "printable_name": "Comoros", "name": "Union of the Comoros", "display_order": 0, "is_shipping_country": true}}, {"model": "address.country", "pk": "KN", "fields": {"iso_3166_1_a3": "KNA", "iso_3166_1_numeric": "659", "printable_name": "Saint Kitts and Nevis", "name": "", "display_order": 0, "is_shipping_country": true}}, {"model": "address.country", "pk": "KP", "fields": {"iso_3166_1_a3": "PRK", "iso_3166_1_numeric": "408", "printable_name": "Korea, Democratic People's Republic of", "name": "Democratic People's Republic of Korea", "display_order": 0, "is_shipping_country": true}}, {"model": "address.country", "pk": "KR", "fields": {"iso_3166_1_a3": "KOR", "iso_3166_1_numeric": "410", "printable_name": "Korea, Republic of", "name": "", "display_order": 0, "is_shipping_country": true}}, {"model": "address.country", "pk": "KW", "fields": {"iso_3166_1_a3": "KWT", "iso_3166_1_numeric": "414", "printable_name": "Kuwait", "name": "State of Kuwait", "display_order": 0, "is_shipping_country": true}}, {"model": "address.country", "pk": "KY", "fields": {"iso_3166_1_a3": "CYM", "iso_3166_1_numeric": "136", "printable_name": "Cayman Islands", "name": "", "display_order": 0, "is_shipping_country": true}}, {"model": "address.country", "pk": "KZ", "fields": {"iso_3166_1_a3": "KAZ", "iso_3166_1_numeric": "398", "printable_name": "Kazakhstan", "name": "Republic of Kazakhstan", "display_order": 0, "is_shipping_country": true}}, {"model": "address.country", "pk": "LA", "fields": {"iso_3166_1_a3": "LAO", "iso_3166_1_numeric": "418", "printable_name": "Lao People's Democratic Republic", "name": "", "display_order": 0, "is_shipping_country": true}}, {"model": "address.country", "pk": "LB", "fields": {"iso_3166_1_a3": "LBN", "iso_3166_1_numeric": "422", "printable_name": "Lebanon", "name": "Lebanese Republic", "display_order": 0, "is_shipping_country": true}}, {"model": "address.country", "pk": "LC", "fields": {"iso_3166_1_a3": "LCA", "iso_3166_1_numeric": "662", "printable_name": "Saint Lucia", "name": "", "display_order": 0, "is_shipping_country": true}}, {"model": "address.country", "pk": "LI", "fields": {"iso_3166_1_a3": "LIE", "iso_3166_1_numeric": "438", "printable_name": "Liechtenstein", "name": "Principality of Liechtenstein", "display_order": 0, "is_shipping_country": true}}, {"model": "address.country", "pk": "LK", "fields": {"iso_3166_1_a3": "LKA", "iso_3166_1_numeric": "144", "printable_name": "Sri Lanka", "name": "Democratic Socialist Republic of Sri Lanka", "display_order": 0, "is_shipping_country": true}}, {"model": "address.country", "pk": "LR", "fields": {"iso_3166_1_a3": "LBR", "iso_3166_1_numeric": "430", "printable_name": "Liberia", "name": "Republic of Liberia", "display_order": 0, "is_shipping_country": true}}, {"model": "address.country", "pk": "LS", "fields": {"iso_3166_1_a3": "LSO", "iso_3166_1_numeric": "426", "printable_name": "Lesotho", "name": "Kingdom of Lesotho", "display_order": 0, "is_shipping_country": true}}, {"model": "address.country", "pk": "LT", "fields": {"iso_3166_1_a3": "LTU", "iso_3166_1_numeric": "440", "printable_name": "Lithuania", "name": "Republic of Lithuania", "display_order": 0, "is_shipping_country": true}}, {"model": "address.country", "pk": "LU", "fields": {"iso_3166_1_a3": "LUX", "iso_3166_1_numeric": "442", "printable_name": "Luxembourg", "name": "Grand Duchy of Luxembourg", "display_order": 0, "is_shipping_country": true}}, {"model": "address.country", "pk": "LV", "fields": {"iso_3166_1_a3": "LVA", "iso_3166_1_numeric": "428", "printable_name": "Latvia", "name": "Republic of Latvia", "display_order": 0, "is_shipping_country": true}}, {"model": "address.country", "pk": "LY", "fields": {"iso_3166_1_a3": "LBY", "iso_3166_1_numeric": "434", "printable_name": "Libya", "name": "Libya", "display_order": 0, "is_shipping_country": true}}, {"model": "address.country", "pk": "MA", "fields": {"iso_3166_1_a3": "MAR", "iso_3166_1_numeric": "504", "printable_name": "Morocco", "name": "Kingdom of Morocco", "display_order": 0, "is_shipping_country": true}}, {"model": "address.country", "pk": "MC", "fields": {"iso_3166_1_a3": "MCO", "iso_3166_1_numeric": "492", "printable_name": "Monaco", "name": "Principality of Monaco", "display_order": 0, "is_shipping_country": true}}, {"model": "address.country", "pk": "MD", "fields": {"iso_3166_1_a3": "MDA", "iso_3166_1_numeric": "498", "printable_name": "Moldova, Republic of", "name": "Republic of Moldova", "display_order": 0, "is_shipping_country": true}}, {"model": "address.country", "pk": "ME", "fields": {"iso_3166_1_a3": "MNE", "iso_3166_1_numeric": "499", "printable_name": "Montenegro", "name": "Montenegro", "display_order": 0, "is_shipping_country": true}}, {"model": "address.country", "pk": "MF", "fields": {"iso_3166_1_a3": "MAF", "iso_3166_1_numeric": "663", "printable_name": "Saint Martin (French part)", "name": "", "display_order": 0, "is_shipping_country": true}}, {"model": "address.country", "pk": "MG", "fields": {"iso_3166_1_a3": "MDG", "iso_3166_1_numeric": "450", "printable_name": "Madagascar", "name": "Republic of Madagascar", "display_order": 0, "is_shipping_country": true}}, {"model": "address.country", "pk": "MH", "fields": {"iso_3166_1_a3": "MHL", "iso_3166_1_numeric": "584", "printable_name": "Marshall Islands", "name": "Republic of the Marshall Islands", "display_order": 0, "is_shipping_country": true}}, {"model": "address.country", "pk": "MK", "fields": {"iso_3166_1_a3": "MKD", "iso_3166_1_numeric": "807", "printable_name": "Macedonia, Republic of", "name": "The Former Yugoslav Republic of Macedonia", "display_order": 0, "is_shipping_country": true}}, {"model": "address.country", "pk": "ML", "fields": {"iso_3166_1_a3": "MLI", "iso_3166_1_numeric": "466", "printable_name": "Mali", "name": "Republic of Mali", "display_order": 0, "is_shipping_country": true}}, {"model": "address.country", "pk": "MM", "fields": {"iso_3166_1_a3": "MMR", "iso_3166_1_numeric": "104", "printable_name": "Myanmar", "name": "Republic of Myanmar", "display_order": 0, "is_shipping_country": true}}, {"model": "address.country", "pk": "MN", "fields": {"iso_3166_1_a3": "MNG", "iso_3166_1_numeric": "496", "printable_name": "Mongolia", "name": "", "display_order": 0, "is_shipping_country": true}}, {"model": "address.country", "pk": "MO", "fields": {"iso_3166_1_a3": "MAC", "iso_3166_1_numeric": "446", "printable_name": "Macao", "name": "Macao Special Administrative Region of China", "display_order": 0, "is_shipping_country": true}}, {"model": "address.country", "pk": "MP", "fields": {"iso_3166_1_a3": "MNP", "iso_3166_1_numeric": "580", "printable_name": "Northern Mariana Islands", "name": "Commonwealth of the Northern Mariana Islands", "display_order": 0, "is_shipping_country": true}}, {"model": "address.country", "pk": "MQ", "fields": {"iso_3166_1_a3": "MTQ", "iso_3166_1_numeric": "474", "printable_name": "Martinique", "name": "", "display_order": 0, "is_shipping_country": true}}, {"model": "address.country", "pk": "MR", "fields": {"iso_3166_1_a3": "MRT", "iso_3166_1_numeric": "478", "printable_name": "Mauritania", "name": "Islamic Republic of Mauritania", "display_order": 0, "is_shipping_country": true}}, {"model": "address.country", "pk": "MS", "fields": {"iso_3166_1_a3": "MSR", "iso_3166_1_numeric": "500", "printable_name": "Montserrat", "name": "", "display_order": 0, "is_shipping_country": true}}, {"model": "address.country", "pk": "MT", "fields": {"iso_3166_1_a3": "MLT", "iso_3166_1_numeric": "470", "printable_name": "Malta", "name": "Republic of Malta", "display_order": 0, "is_shipping_country": true}}, {"model": "address.country", "pk": "MU", "fields": {"iso_3166_1_a3": "MUS", "iso_3166_1_numeric": "480", "printable_name": "Mauritius", "name": "Republic of Mauritius", "display_order": 0, "is_shipping_country": true}}, {"model": "address.country", "pk": "MV", "fields": {"iso_3166_1_a3": "MDV", "iso_3166_1_numeric": "462", "printable_name": "Maldives", "name": "Republic of Maldives", "display_order": 0, "is_shipping_country": true}}, {"model": "address.country", "pk": "MW", "fields": {"iso_3166_1_a3": "MWI", "iso_3166_1_numeric": "454", "printable_name": "Malawi", "name": "Republic of Malawi", "display_order": 0, "is_shipping_country": true}}, {"model": "address.country", "pk": "MX", "fields": {"iso_3166_1_a3": "MEX", "iso_3166_1_numeric": "484", "printable_name": "Mexico", "name": "United Mexican States", "display_order": 0, "is_shipping_country": true}}, {"model": "address.country", "pk": "MY", "fields": {"iso_3166_1_a3": "MYS", "iso_3166_1_numeric": "458", "printable_name": "Malaysia", "name": "", "display_order": 0, "is_shipping_country": true}}, {"model": "address.country", "pk": "MZ", "fields": {"iso_3166_1_a3": "MOZ", "iso_3166_1_numeric": "508", "printable_name": "Mozambique", "name": "Republic of Mozambique", "display_order": 0, "is_shipping_country": true}}, {"model": "address.country", "pk": "NA", "fields": {"iso_3166_1_a3": "NAM", "iso_3166_1_numeric": "516", "printable_name": "Namibia", "name": "Republic of Namibia", "display_order": 0, "is_shipping_country": true}}, {"model": "address.country", "pk": "NC", "fields": {"iso_3166_1_a3": "NCL", "iso_3166_1_numeric": "540", "printable_name": "New Caledonia", "name": "", "display_order": 0, "is_shipping_country": true}}, {"model": "address.country", "pk": "NE", "fields": {"iso_3166_1_a3": "NER", "iso_3166_1_numeric": "562", "printable_name": "Niger", "name": "Republic of the Niger", "display_order": 0, "is_shipping_country": true}}, {"model": "address.country", "pk": "NF", "fields": {"iso_3166_1_a3": "NFK", "iso_3166_1_numeric": "574", "printable_name": "Norfolk Island", "name": "", "display_order": 0, "is_shipping_country": true}}, {"model": "address.country", "pk": "NG", "fields": {"iso_3166_1_a3": "NGA", "iso_3166_1_numeric": "566", "printable_name": "Nigeria", "name": "Federal Republic of Nigeria", "display_order": 0, "is_shipping_country": true}}, {"model": "address.country", "pk": "NI", "fields": {"iso_3166_1_a3": "NIC", "iso_3166_1_numeric": "558", "printable_name": "Nicaragua", "name": "Republic of Nicaragua", "display_order": 0, "is_shipping_country": true}}, {"model": "address.country", "pk": "NL", "fields": {"iso_3166_1_a3": "NLD", "iso_3166_1_numeric": "528", "printable_name": "Netherlands", "name": "Kingdom of the Netherlands", "display_order": 0, "is_shipping_country": true}}, {"model": "address.country", "pk": "NO", "fields": {"iso_3166_1_a3": "NOR", "iso_3166_1_numeric": "578", "printable_name": "Norway", "name": "Kingdom of Norway", "display_order": 0, "is_shipping_country": true}}, {"model": "address.country", "pk": "NP", "fields": {"iso_3166_1_a3": "NPL", "iso_3166_1_numeric": "524", "printable_name": "Nepal", "name": "Federal Democratic Republic of Nepal", "display_order": 0, "is_shipping_country": true}}, {"model": "address.country", "pk": "NR", "fields": {"iso_3166_1_a3": "NRU", "iso_3166_1_numeric": "520", "printable_name": "Nauru", "name": "Republic of Nauru", "display_order": 0, "is_shipping_country": true}}, {"model": "address.country", "pk": "NU", "fields": {"iso_3166_1_a3": "NIU", "iso_3166_1_numeric": "570", "printable_name": "Niue", "name": "Niue", "display_order": 0, "is_shipping_country": true}}, {"model": "address.country", "pk": "NZ", "fields": {"iso_3166_1_a3": "NZL", "iso_3166_1_numeric": "554", "printable_name": "New Zealand", "name": "", "display_order": 0, "is_shipping_country": true}}, {"model": "address.country", "pk": "OM", "fields": {"iso_3166_1_a3": "OMN", "iso_3166_1_numeric": "512", "printable_name": "Oman", "name": "Sultanate of Oman", "display_order": 0, "is_shipping_country": true}}, {"model": "address.country", "pk": "PA", "fields": {"iso_3166_1_a3": "PAN", "iso_3166_1_numeric": "591", "printable_name": "Panama", "name": "Republic of Panama", "display_order": 0, "is_shipping_country": true}}, {"model": "address.country", "pk": "PE", "fields": {"iso_3166_1_a3": "PER", "iso_3166_1_numeric": "604", "printable_name": "Peru", "name": "Republic of Peru", "display_order": 0, "is_shipping_country": true}}, {"model": "address.country", "pk": "PF", "fields": {"iso_3166_1_a3": "PYF", "iso_3166_1_numeric": "258", "printable_name": "French Polynesia", "name": "", "display_order": 0, "is_shipping_country": true}}, {"model": "address.country", "pk": "PG", "fields": {"iso_3166_1_a3": "PNG", "iso_3166_1_numeric": "598", "printable_name": "Papua New Guinea", "name": "Independent State of Papua New Guinea", "display_order": 0, "is_shipping_country": true}}, {"model": "address.country", "pk": "PH", "fields": {"iso_3166_1_a3": "PHL", "iso_3166_1_numeric": "608", "printable_name": "Philippines", "name": "Republic of the Philippines", "display_order": 0, "is_shipping_country": true}}, {"model": "address.country", "pk": "PK", "fields": {"iso_3166_1_a3": "PAK", "iso_3166_1_numeric": "586", "printable_name": "Pakistan", "name": "Islamic Republic of Pakistan", "display_order": 0, "is_shipping_country": true}}, {"model": "address.country", "pk": "PL", "fields": {"iso_3166_1_a3": "POL", "iso_3166_1_numeric": "616", "printable_name": "Poland", "name": "Republic of Poland", "display_order": 0, "is_shipping_country": true}}, {"model": "address.country", "pk": "PM", "fields": {"iso_3166_1_a3": "SPM", "iso_3166_1_numeric": "666", "printable_name": "Saint Pierre and Miquelon", "name": "", "display_order": 0, "is_shipping_country": true}}, {"model": "address.country", "pk": "PN", "fields": {"iso_3166_1_a3": "PCN", "iso_3166_1_numeric": "612", "printable_name": "Pitcairn", "name": "", "display_order": 0, "is_shipping_country": true}}, {"model": "address.country", "pk": "PR", "fields": {"iso_3166_1_a3": "PRI", "iso_3166_1_numeric": "630", "printable_name": "Puerto Rico", "name": "", "display_order": 0, "is_shipping_country": true}}, {"model": "address.country", "pk": "PS", "fields": {"iso_3166_1_a3": "PSE", "iso_3166_1_numeric": "275", "printable_name": "Palestine, State of", "name": "the State of Palestine", "display_order": 0, "is_shipping_country": true}}, {"model": "address.country", "pk": "PT", "fields": {"iso_3166_1_a3": "PRT", "iso_3166_1_numeric": "620", "printable_name": "Portugal", "name": "Portuguese Republic", "display_order": 0, "is_shipping_country": true}}, {"model": "address.country", "pk": "PW", "fields": {"iso_3166_1_a3": "PLW", "iso_3166_1_numeric": "585", "printable_name": "Palau", "name": "Republic of Palau", "display_order": 0, "is_shipping_country": true}}, {"model": "address.country", "pk": "PY", "fields": {"iso_3166_1_a3": "PRY", "iso_3166_1_numeric": "600", "printable_name": "Paraguay", "name": "Republic of Paraguay", "display_order": 0, "is_shipping_country": true}}, {"model": "address.country", "pk": "QA", "fields": {"iso_3166_1_a3": "QAT", "iso_3166_1_numeric": "634", "printable_name": "Qatar", "name": "State of Qatar", "display_order": 0, "is_shipping_country": true}}, {"model": "address.country", "pk": "RE", "fields": {"iso_3166_1_a3": "REU", "iso_3166_1_numeric": "638", "printable_name": "R\u00e9union", "name": "", "display_order": 0, "is_shipping_country": true}}, {"model": "address.country", "pk": "RO", "fields": {"iso_3166_1_a3": "ROU", "iso_3166_1_numeric": "642", "printable_name": "Romania", "name": "", "display_order": 0, "is_shipping_country": true}}, {"model": "address.country", "pk": "RS", "fields": {"iso_3166_1_a3": "SRB", "iso_3166_1_numeric": "688", "printable_name": "Serbia", "name": "Republic of Serbia", "display_order": 0, "is_shipping_country": true}}, {"model": "address.country", "pk": "RU", "fields": {"iso_3166_1_a3": "RUS", "iso_3166_1_numeric": "643", "printable_name": "Russian Federation", "name": "", "display_order": 0, "is_shipping_country": true}}, {"model": "address.country", "pk": "RW", "fields": {"iso_3166_1_a3": "RWA", "iso_3166_1_numeric": "646", "printable_name": "Rwanda", "name": "Rwandese Republic", "display_order": 0, "is_shipping_country": true}}, {"model": "address.country", "pk": "SA", "fields": {"iso_3166_1_a3": "SAU", "iso_3166_1_numeric": "682", "printable_name": "Saudi Arabia", "name": "Kingdom of Saudi Arabia", "display_order": 0, "is_shipping_country": true}}, {"model": "address.country", "pk": "SB", "fields": {"iso_3166_1_a3": "SLB", "iso_3166_1_numeric": "090", "printable_name": "Solomon Islands", "name": "", "display_order": 0, "is_shipping_country": true}}, {"model": "address.country", "pk": "SC", "fields": {"iso_3166_1_a3": "SYC", "iso_3166_1_numeric": "690", "printable_name": "Seychelles", "name": "Republic of Seychelles", "display_order": 0, "is_shipping_country": true}}, {"model": "address.country", "pk": "SD", "fields": {"iso_3166_1_a3": "SDN", "iso_3166_1_numeric": "729", "printable_name": "Sudan", "name": "Republic of the Sudan", "display_order": 0, "is_shipping_country": true}}, {"model": "address.country", "pk": "SE", "fields": {"iso_3166_1_a3": "SWE", "iso_3166_1_numeric": "752", "printable_name": "Sweden", "name": "Kingdom of Sweden", "display_order": 0, "is_shipping_country": true}}, {"model": "address.country", "pk": "SG", "fields": {"iso_3166_1_a3": "SGP", "iso_3166_1_numeric": "702", "printable_name": "Singapore", "name": "Republic of Singapore", "display_order": 0, "is_shipping_country": true}}, {"model": "address.country", "pk": "SH", "fields": {"iso_3166_1_a3": "SHN", "iso_3166_1_numeric": "654", "printable_name": "Saint Helena, Ascension and Tristan da Cunha", "name": "", "display_order": 0, "is_shipping_country": true}}, {"model": "address.country", "pk": "SI", "fields": {"iso_3166_1_a3": "SVN", "iso_3166_1_numeric": "705", "printable_name": "Slovenia", "name": "Republic of Slovenia", "display_order": 0, "is_shipping_country": true}}, {"model": "address.country", "pk": "SJ", "fields": {"iso_3166_1_a3": "SJM", "iso_3166_1_numeric": "744", "printable_name": "Svalbard and Jan Mayen", "name": "", "display_order": 0, "is_shipping_country": true}}, {"model": "address.country", "pk": "SK", "fields": {"iso_3166_1_a3": "SVK", "iso_3166_1_numeric": "703", "printable_name": "Slovakia", "name": "Slovak Republic", "display_order": 0, "is_shipping_country": true}}, {"model": "address.country", "pk": "SL", "fields": {"iso_3166_1_a3": "SLE", "iso_3166_1_numeric": "694", "printable_name": "Sierra Leone", "name": "Republic of Sierra Leone", "display_order": 0, "is_shipping_country": true}}, {"model": "address.country", "pk": "SM", "fields": {"iso_3166_1_a3": "SMR", "iso_3166_1_numeric": "674", "printable_name": "San Marino", "name": "Republic of San Marino", "display_order": 0, "is_shipping_country": true}}, {"model": "address.country", "pk": "SN", "fields": {"iso_3166_1_a3": "SEN", "iso_3166_1_numeric": "686", "printable_name": "Senegal", "name": "Republic of Senegal", "display_order": 0, "is_shipping_country": true}}, {"model": "address.country", "pk": "SO", "fields": {"iso_3166_1_a3": "SOM", "iso_3166_1_numeric": "706", "printable_name": "Somalia", "name": "Federal Republic of Somalia", "display_order": 0, "is_shipping_country": true}}, {"model": "address.country", "pk": "SR", "fields": {"iso_3166_1_a3": "SUR", "iso_3166_1_numeric": "740", "printable_name": "Suriname", "name": "Republic of Suriname", "display_order": 0, "is_shipping_country": true}}, {"model": "address.country", "pk": "SS", "fields": {"iso_3166_1_a3": "SSD", "iso_3166_1_numeric": "728", "printable_name": "South Sudan", "name": "Republic of South Sudan", "display_order": 0, "is_shipping_country": true}}, {"model": "address.country", "pk": "ST", "fields": {"iso_3166_1_a3": "STP", "iso_3166_1_numeric": "678", "printable_name": "Sao Tome and Principe", "name": "Democratic Republic of Sao Tome and Principe", "display_order": 0, "is_shipping_country": true}}, {"model": "address.country", "pk": "SV", "fields": {"iso_3166_1_a3": "SLV", "iso_3166_1_numeric": "222", "printable_name": "El Salvador", "name": "Republic of El Salvador", "display_order": 0, "is_shipping_country": true}}, {"model": "address.country", "pk": "SX", "fields": {"iso_3166_1_a3": "SXM", "iso_3166_1_numeric": "534", "printable_name": "Sint Maarten (Dutch part)", "name": "Sint Maarten (Dutch part)", "display_order": 0, "is_shipping_country": true}}, {"model": "address.country", "pk": "SY", "fields": {"iso_3166_1_a3": "SYR", "iso_3166_1_numeric": "760", "printable_name": "Syrian Arab Republic", "name": "", "display_order": 0, "is_shipping_country": true}}, {"model": "address.country", "pk": "SZ", "fields": {"iso_3166_1_a3": "SWZ", "iso_3166_1_numeric": "748", "printable_name": "Swaziland", "name": "Kingdom of Swaziland", "display_order": 0, "is_shipping_country": true}}, {"model": "address.country", "pk": "TC", "fields": {"iso_3166_1_a3": "TCA", "iso_3166_1_numeric": "796", "printable_name": "Turks and Caicos Islands", "name": "", "display_order": 0, "is_shipping_country": true}}, {"model": "address.country", "pk": "TD", "fields": {"iso_3166_1_a3": "TCD", "iso_3166_1_numeric": "148", "printable_name": "Chad", "name": "Republic of Chad", "display_order": 0, "is_shipping_country": true}}, {"model": "address.country", "pk": "TF", "fields": {"iso_3166_1_a3": "ATF", "iso_3166_1_numeric": "260", "printable_name": "French Southern Territories", "name": "", "display_order": 0, "is_shipping_country": true}}, {"model": "address.country", "pk": "TG", "fields": {"iso_3166_1_a3": "TGO", "iso_3166_1_numeric": "768", "printable_name": "Togo", "name": "Togolese Republic", "display_order": 0, "is_shipping_country": true}}, {"model": "address.country", "pk": "TH", "fields": {"iso_3166_1_a3": "THA", "iso_3166_1_numeric": "764", "printable_name": "Thailand", "name": "Kingdom of Thailand", "display_order": 0, "is_shipping_country": true}}, {"model": "address.country", "pk": "TJ", "fields": {"iso_3166_1_a3": "TJK", "iso_3166_1_numeric": "762", "printable_name": "Tajikistan", "name": "Republic of Tajikistan", "display_order": 0, "is_shipping_country": true}}, {"model": "address.country", "pk": "TK", "fields": {"iso_3166_1_a3": "TKL", "iso_3166_1_numeric": "772", "printable_name": "Tokelau", "name": "", "display_order": 0, "is_shipping_country": true}}, {"model": "address.country", "pk": "TL", "fields": {"iso_3166_1_a3": "TLS", "iso_3166_1_numeric": "626", "printable_name": "Timor-Leste", "name": "Democratic Republic of Timor-Leste", "display_order": 0, "is_shipping_country": true}}, {"model": "address.country", "pk": "TM", "fields": {"iso_3166_1_a3": "TKM", "iso_3166_1_numeric": "795", "printable_name": "Turkmenistan", "name": "", "display_order": 0, "is_shipping_country": true}}, {"model": "address.country", "pk": "TN", "fields": {"iso_3166_1_a3": "TUN", "iso_3166_1_numeric": "788", "printable_name": "Tunisia", "name": "Republic of Tunisia", "display_order": 0, "is_shipping_country": true}}, {"model": "address.country", "pk": "TO", "fields": {"iso_3166_1_a3": "TON", "iso_3166_1_numeric": "776", "printable_name": "Tonga", "name": "Kingdom of Tonga", "display_order": 0, "is_shipping_country": true}}, {"model": "address.country", "pk": "TR", "fields": {"iso_3166_1_a3": "TUR", "iso_3166_1_numeric": "792", "printable_name": "Turkey", "name": "Republic of Turkey", "display_order": 0, "is_shipping_country": true}}, {"model": "address.country", "pk": "TT", "fields": {"iso_3166_1_a3": "TTO", "iso_3166_1_numeric": "780", "printable_name": "Trinidad and Tobago", "name": "Republic of Trinidad and Tobago", "display_order": 0, "is_shipping_country": true}}, {"model": "address.country", "pk": "TV", "fields": {"iso_3166_1_a3": "TUV", "iso_3166_1_numeric": "798", "printable_name": "Tuvalu", "name": "", "display_order": 0, "is_shipping_country": true}}, {"model": "address.country", "pk": "TW", "fields": {"iso_3166_1_a3": "TWN", "iso_3166_1_numeric": "158", "printable_name": "Taiwan, Province of China", "name": "Taiwan, Province of China", "display_order": 0, "is_shipping_country": true}}, {"model": "address.country", "pk": "TZ", "fields": {"iso_3166_1_a3": "TZA", "iso_3166_1_numeric": "834", "printable_name": "Tanzania, United Republic of", "name": "United Republic of Tanzania", "display_order": 0, "is_shipping_country": true}}, {"model": "address.country", "pk": "UA", "fields": {"iso_3166_1_a3": "UKR", "iso_3166_1_numeric": "804", "printable_name": "Ukraine", "name": "\u0423\u043a\u0440\u0430\u0438\u043d\u0430", "display_order": 1000, "is_shipping_country": true}}, {"model": "address.country", "pk": "UG", "fields": {"iso_3166_1_a3": "UGA", "iso_3166_1_numeric": "800", "printable_name": "Uganda", "name": "Republic of Uganda", "display_order": 0, "is_shipping_country": true}}, {"model": "address.country", "pk": "UM", "fields": {"iso_3166_1_a3": "UMI", "iso_3166_1_numeric": "581", "printable_name": "United States Minor Outlying Islands", "name": "", "display_order": 0, "is_shipping_country": true}}, {"model": "address.country", "pk": "US", "fields": {"iso_3166_1_a3": "USA", "iso_3166_1_numeric": "840", "printable_name": "United States", "name": "United States of America", "display_order": 0, "is_shipping_country": true}}, {"model": "address.country", "pk": "UY", "fields": {"iso_3166_1_a3": "URY", "iso_3166_1_numeric": "858", "printable_name": "Uruguay", "name": "Eastern Republic of Uruguay", "display_order": 0, "is_shipping_country": true}}, {"model": "address.country", "pk": "UZ", "fields": {"iso_3166_1_a3": "UZB", "iso_3166_1_numeric": "860", "printable_name": "Uzbekistan", "name": "Republic of Uzbekistan", "display_order": 0, "is_shipping_country": true}}, {"model": "address.country", "pk": "VA", "fields": {"iso_3166_1_a3": "VAT", "iso_3166_1_numeric": "336", "printable_name": "Holy See (Vatican City State)", "name": "", "display_order": 0, "is_shipping_country": true}}, {"model": "address.country", "pk": "VC", "fields": {"iso_3166_1_a3": "VCT", "iso_3166_1_numeric": "670", "printable_name": "Saint Vincent and the Grenadines", "name": "", "display_order": 0, "is_shipping_country": true}}, {"model": "address.country", "pk": "VE", "fields": {"iso_3166_1_a3": "VEN", "iso_3166_1_numeric": "862", "printable_name": "Venezuela, Bolivarian Republic of", "name": "Bolivarian Republic of Venezuela", "display_order": 0, "is_shipping_country": true}}, {"model": "address.country", "pk": "VG", "fields": {"iso_3166_1_a3": "VGB", "iso_3166_1_numeric": "092", "printable_name": "Virgin Islands, British", "name": "British Virgin Islands", "display_order": 0, "is_shipping_country": true}}, {"model": "address.country", "pk": "VI", "fields": {"iso_3166_1_a3": "VIR", "iso_3166_1_numeric": "850", "printable_name": "Virgin Islands, U.S.", "name": "Virgin Islands of the United States", "display_order": 0, "is_shipping_country": true}}, {"model": "address.country", "pk": "VN", "fields": {"iso_3166_1_a3": "VNM", "iso_3166_1_numeric": "704", "printable_name": "Viet Nam", "name": "Socialist Republic of Viet Nam", "display_order": 0, "is_shipping_country": true}}, {"model": "address.country", "pk": "VU", "fields": {"iso_3166_1_a3": "VUT", "iso_3166_1_numeric": "548", "printable_name": "Vanuatu", "name": "Republic of Vanuatu", "display_order": 0, "is_shipping_country": true}}, {"model": "address.country", "pk": "WF", "fields": {"iso_3166_1_a3": "WLF", "iso_3166_1_numeric": "876", "printable_name": "Wallis and Futuna", "name": "", "display_order": 0, "is_shipping_country": true}}, {"model": "address.country", "pk": "WS", "fields": {"iso_3166_1_a3": "WSM", "iso_3166_1_numeric": "882", "printable_name": "Samoa", "name": "Independent State of Samoa", "display_order": 0, "is_shipping_country": true}}, {"model": "address.country", "pk": "YE", "fields": {"iso_3166_1_a3": "YEM", "iso_3166_1_numeric": "887", "printable_name": "Yemen", "name": "Republic of Yemen", "display_order": 0, "is_shipping_country": true}}, {"model": "address.country", "pk": "YT", "fields": {"iso_3166_1_a3": "MYT", "iso_3166_1_numeric": "175", "printable_name": "Mayotte", "name": "", "display_order": 0, "is_shipping_country": true}}, {"model": "address.country", "pk": "ZA", "fields": {"iso_3166_1_a3": "ZAF", "iso_3166_1_numeric": "710", "printable_name": "South Africa", "name": "Republic of South Africa", "display_order": 0, "is_shipping_country": true}}, {"model": "address.country", "pk": "ZM", "fields": {"iso_3166_1_a3": "ZMB", "iso_3166_1_numeric": "894", "printable_name": "Zambia", "name": "Republic of Zambia", "display_order": 0, "is_shipping_country": true}}, {"model": "address.country", "pk": "ZW", "fields": {"iso_3166_1_a3": "ZWE", "iso_3166_1_numeric": "716", "printable_name": "Zimbabwe", "name": "Republic of Zimbabwe", "display_order": 0, "is_shipping_country": true}}, {"model": "catalogue.productclass", "pk": 2, "fields": {"name": "\u0421\u0435\u043c\u0435\u043d\u0430 \u043a\u043e\u043d\u043e\u043f\u043b\u0438", "slug": "semena-konopli", "requires_shipping": true, "track_stock": true, "options": []}}, {"model": "catalogue.productclass", "pk": 3, "fields": {"name": "\u0411\u043e\u043d\u0433\u0438", "slug": "bongi", "requires_shipping": true, "track_stock": true, "options": []}}, {"model": "catalogue.productclass", "pk": 4, "fields": {"name": "\u0423\u0434\u043e\u0431\u0440\u0435\u043d\u0438\u044f", "slug": "udobreniia", "requires_shipping": true, "track_stock": true, "options": []}}, {"model": "catalogue.productclass", "pk": 6, "fields": {"name": "\u041e\u0431\u043e\u0440\u0443\u0434\u043e\u0432\u0430\u043d\u0438\u0435", "slug": "oborudovanie", "requires_shipping": true, "track_stock": true, "options": []}}, {"model": "catalogue.category", "pk": 1, "fields": {"path": "0001", "depth": 1, "numchild": 4, "name": "\u0421\u0435\u043c\u0435\u043d\u0430 \u043a\u043e\u043d\u043e\u043f\u043b\u0438", "description": "", "image": "", "slug": "semena-konopli"}}, {"model": "catalogue.category", "pk": 3, "fields": {"path": "0002", "depth": 1, "numchild": 8, "name": "\u041e\u0431\u043e\u0440\u0443\u0434\u043e\u0432\u0430\u043d\u0438\u0435", "description": "", "image": "", "slug": "oborudovanie"}}, {"model": "catalogue.category", "pk": 4, "fields": {"path": "0003", "depth": 1, "numchild": 11, "name": "\u0423\u0434\u043e\u0431\u0440\u0435\u043d\u0438\u044f", "description": "", "image": "", "slug": "udobreniya"}}, {"model": "catalogue.category", "pk": 5, "fields": {"path": "0007", "depth": 1, "numchild": 0, "name": "Bongi", "description": "", "image": "", "slug": "bongi"}}, {"model": "catalogue.category", "pk": 11, "fields": {"path": "0002000600050001", "depth": 4, "numchild": 0, "name": "articles", "description": "", "image": "categories/issledovaniya-cannabidiola-trevoga.jpg", "slug": "articles"}}, {"model": "catalogue.category", "pk": 12, "fields": {"path": "00010003", "depth": 2, "numchild": 0, "name": "\u0410\u0432\u0442\u043e\u0446\u0432\u0435\u0442\u0443\u0449\u0438\u0435", "description": "<p>\u0410\u0432\u0442\u043e\u0446\u0432\u0435\u0442\u0443\u0449\u0438\u0435 \u0441\u0435\u043c\u0435\u043d\u0430 \u044d\u0442\u043e \u0442\u0435 \u043a\u043e\u0442\u043e\u0440\u044b\u0435 \u0430\u0432\u0442\u043e \u0446\u0432\u0435\u0442\u0443\u0442</p>", "image": "categories/\u0418\u0432\u0430\u043d\u043e-\u0424\u0440\u0430\u043d\u043a\u043e\u0432\u0441\u043a_\u043d\u0430_\u0441\u0432\u044f\u0437\u0438.jpg", "slug": "avtotsvetushchie"}}, {"model": "catalogue.category", "pk": 13, "fields": {"path": "00010004", "depth": 2, "numchild": 0, "name": "\u0424\u0435\u043c\u0438\u043d\u0438\u0437\u0438\u0440\u043e\u0432\u0430\u043d\u043d\u044b\u0435", "description": "<div class=\"item\" style=\"margin: 0px; padding: 0px; font-family: 'Times New Roman'; font-size: medium;\"><br />\r\n<p style=\"margin: 0px 0px 3px; padding: 0px; font-stretch: normal; font-size: 13px; line-height: 18px; font-family: Arial, sans-serif; color: #353535;\">\u041a\u043e\u043d\u043e\u043f\u043b\u044f \u2013 \u043e\u0434\u043d\u043e\u043b\u0435\u0442\u043d\u0435\u0435, \u0432\u0435\u0440\u0442\u0438\u043a\u0430\u043b\u044c\u043d\u043e\u0435 \u0438 \u0432\u044b\u0441\u043e\u043a\u043e\u0435 \u0440\u0430\u0441\u0442\u0435\u043d\u0438\u0435. \u041f\u0440\u0438 \u0432\u044b\u0440\u0430\u0449\u0438\u0432\u0430\u043d\u0438\u0438 \u043a\u043e\u043d\u043e\u043f\u043b\u0438 \u0430\u0443\u0442\u0434\u043e\u0440\u043d\u044b\u043c \u043c\u0435\u0442\u043e\u0434\u043e\u043c (\u043f\u043e\u0434 \u043e\u0442\u043a\u0440\u044b\u0442\u044b\u043c \u043d\u0435\u0431\u043e\u043c), \u0440\u0430\u0441\u0442\u0435\u043d\u0438\u0435 \u043c\u043e\u0436\u0435\u0442 \u0434\u043e\u0441\u0442\u0438\u0433\u0430\u0442\u044c \u0434\u043e 6-\u0442\u0438 \u043c\u0435\u0442\u0440\u043e\u0432 \u0432 \u0432\u044b\u0441\u043e\u0442\u0443. \u041a\u0430\u043a \u043f\u0440\u0430\u0432\u0438\u043b\u043e, \u0441\u0435\u043c\u0435\u043d\u0430 \u043a\u043e\u043d\u043e\u043f\u043b\u0438 ...</p>\r\n</div>\r\n<div class=\"item\" style=\"margin: 0px; padding: 0px; font-family: 'Times New Roman'; font-size: medium;\"><em style=\"margin: 0px; padding: 0px; display: block; font-stretch: normal; font-size: 12px; line-height: normal; font-family: Arial, sans-serif; color: #898989;\">03.10.2016</em>\r\n<p style=\"margin: 0px 0px 3px; padding: 0px; font-stretch: normal; font-size: 13px; line-height: 18px; font-family: Arial, sans-serif; color: #353535;\">\u041a\u043e\u043d\u043e\u043f\u043b\u044f, \u043f\u043e\u0436\u0430\u043b\u0443\u0439, \u0441\u0442\u0430\u043d\u043e\u0432\u0438\u0442\u0441\u044f \u0441\u0430\u043c\u044b\u043c \u043f\u043e\u043f\u0443\u043b\u044f\u0440\u043d\u044b\u043c \u0440\u0430\u0441\u0442\u0435\u043d\u0438\u0435\u043c, \u043a\u043e\u0442\u043e\u0440\u043e\u0435 \u043f\u0440\u0438\u0432\u043b\u0435\u043a\u0430\u0435\u0442 \u043d\u0435 \u0442\u043e\u043b\u044c\u043a\u043e \u043b\u044e\u0431\u0438\u0442\u0435\u043b\u0435\u0439 \u043f\u043e\u043a\u0443\u0440\u0438\u0442\u044c, \u043d\u043e \u0438 \u043c\u0435\u0434\u0438\u0446\u0438\u043d\u0441\u043a\u0443\u044e \u0441\u0444\u0435\u0440\u0443. \u042d\u0442\u043e \u0434\u0440\u0435\u0432\u043d\u0435\u0435 \u043b\u0435\u043a\u0430\u0440\u0441\u0442\u0432\u0435\u043d\u043d\u043e\u0435 \u0440\u0430\u0441\u0442\u0435\u043d\u0438\u0435, \u043a\u043e\u0442\u043e\u0440\u043e\u0435 \u0438\u0441\u043f\u043e\u043b\u044c\u0437\u043e\u0432\u0430\u043b\u043e\u0441\u044c \u043d\u0430 \u043f\u0440\u043e\u0442\u044f.<br /><br />.</p>\r\n</div>", "image": "categories/klichko_82549582_orig_.jpg", "slug": "feminizirovannye"}}, {"model": "catalogue.category", "pk": 15, "fields": {"path": "00010005", "depth": 2, "numchild": 0, "name": "\u0420\u0435\u0433\u0443\u043b\u044f\u0440\u043d\u044b\u0435", "description": "<p>\u0422\u0430\u043a\u043e\u0439 \u0445\u0443\u0439\u043d\u0438 \u043d\u0435 \u0434\u0435\u0440\u0436\u0438\u043c</p>", "image": "categories/logoBG_hemp_leaf_5lXEVSV.jpg", "slug": "reguliarnye"}}, {"model": "catalogue.category", "pk": 16, "fields": {"path": "00010001", "depth": 2, "numchild": 0, "name": "\u041f\u0440\u043e\u0438\u0437\u0432\u043e\u0434\u0438\u0442\u0435\u043b\u044c", "description": "", "image": "", "slug": "seed-banks"}}, {"model": "catalogue.category", "pk": 17, "fields": {"path": "00030002", "depth": 2, "numchild": 0, "name": "\u041c\u0438\u043d\u0435\u0440\u0430\u043b\u044c\u043d\u044b\u0435", "description": "", "image": "", "slug": "mineralnye"}}, {"model": "catalogue.category", "pk": 18, "fields": {"path": "00030003", "depth": 2, "numchild": 0, "name": "\u041c\u0438\u043d\u0435\u0440\u0430\u043b\u044c\u043d\u043e-\u043e\u0440\u0433\u0430\u043d\u0438\u0447\u0435\u0441\u043a\u0438\u0435", "description": "", "image": "", "slug": "mineralnye"}}, {"model": "catalogue.category", "pk": 19, "fields": {"path": "00030001", "depth": 2, "numchild": 0, "name": "\u041e\u0440\u0433\u0430\u043d\u0438\u0447\u0435\u0441\u043a\u0438\u0435", "description": "", "image": "", "slug": "organicheskie"}}, {"model": "catalogue.category", "pk": 20, "fields": {"path": "00030005", "depth": 2, "numchild": 0, "name": "\u0411\u0438\u043e\u0441\u0442\u0438\u043c\u0443\u043b\u044f\u0442\u043e\u0440\u044b", "description": "", "image": "", "slug": "biostimuliatory"}}, {"model": "catalogue.category", "pk": 21, "fields": {"path": "00020005", "depth": 2, "numchild": 0, "name": "\u0413\u0438\u0434\u0440\u043e\u043f\u043e\u043d\u0438\u043a\u0430", "description": "", "image": "", "slug": "gidroponika"}}, {"model": "catalogue.category", "pk": 22, "fields": {"path": "00030004", "depth": 2, "numchild": 6, "name": "\u0421\u0443\u0431\u0441\u0442\u0440\u0430\u0442\u044b", "description": "", "image": "", "slug": "substraty"}}, {"model": "catalogue.category", "pk": 24, "fields": {"path": "0002000A", "depth": 2, "numchild": 0, "name": "\u0413\u043e\u0442\u043e\u0432\u044b\u0435 \u043d\u0430\u0431\u043e\u0440\u044b", "description": "", "image": "", "slug": "gotovye-nabory"}}, {"model": "catalogue.category", "pk": 25, "fields": {"path": "00020009", "depth": 2, "numchild": 0, "name": "\u041f\u043e\u043b\u0435\u0437\u043d\u044b\u0435 \u0442\u043e\u0432\u0430\u0440\u044b", "description": "", "image": "", "slug": "poleznye-tovary"}}, {"model": "catalogue.category", "pk": 26, "fields": {"path": "000200030001", "depth": 3, "numchild": 0, "name": "\u041b\u0430\u043c\u043f\u044b", "description": "", "image": "", "slug": "lampy"}}, {"model": "catalogue.category", "pk": 27, "fields": {"path": "00020003", "depth": 2, "numchild": 9, "name": "\u041e\u0441\u0432\u0435\u0449\u0435\u043d\u0438\u0435", "description": "", "image": "", "slug": "osveshenie"}}, {"model": "catalogue.category", "pk": 28, "fields": {"path": "000200030002", "depth": 3, "numchild": 0, "name": "\u041f\u0420\u0410/\u042d\u041f\u0420\u0410", "description": "", "image": "", "slug": "pra"}}, {"model": "catalogue.category", "pk": 29, "fields": {"path": "000200030003", "depth": 3, "numchild": 0, "name": "LED", "description": "", "image": "", "slug": "led"}}, {"model": "catalogue.category", "pk": 30, "fields": {"path": "000200030004", "depth": 3, "numchild": 0, "name": "\u041e\u0442\u0440\u0430\u0436\u0430\u0442\u0435\u043b\u0438", "description": "", "image": "", "slug": "otrajateli"}}, {"model": "catalogue.category", "pk": 31, "fields": {"path": "000200030005", "depth": 3, "numchild": 0, "name": "Cooltube", "description": "", "image": "", "slug": "cooltube"}}, {"model": "catalogue.category", "pk": 32, "fields": {"path": "00020004", "depth": 2, "numchild": 6, "name": "\u0412\u0435\u043d\u0442\u0438\u043b\u044f\u0446\u0438\u044f", "description": "", "image": "", "slug": "ventilation"}}, {"model": "catalogue.category", "pk": 33, "fields": {"path": "000200030007", "depth": 3, "numchild": 0, "name": "\u0410\u0432\u0442\u043e\u043c\u0430\u0442\u0438\u043a\u0430", "description": "", "image": "", "slug": "automatica"}}, {"model": "catalogue.category", "pk": 34, "fields": {"path": "000200030006", "depth": 3, "numchild": 0, "name": "\u041f\u043b\u0435\u043d\u043a\u0430", "description": "", "image": "", "slug": "plenka"}}, {"model": "catalogue.category", "pk": 35, "fields": {"path": "000200040002", "depth": 3, "numchild": 0, "name": "\u0412\u0435\u043d\u0442\u0438\u043b\u044f\u0442\u043e\u0440\u044b", "description": "", "image": "", "slug": "ventilyatori"}}, {"model": "catalogue.category", "pk": 36, "fields": {"path": "000200040004", "depth": 3, "numchild": 0, "name": "\u0410\u0432\u0442\u043e\u043c\u0430\u0442\u0438\u043a\u0430", "description": "", "image": "", "slug": "auto-vent"}}, {"model": "catalogue.category", "pk": 37, "fields": {"path": "000200040001", "depth": 3, "numchild": 0, "name": "\u0424\u0438\u043b\u044c\u0442\u0440\u0430\u0446\u0438\u044f", "description": "", "image": "", "slug": "filtratisya"}}, {"model": "catalogue.category", "pk": 38, "fields": {"path": "000200040005", "depth": 3, "numchild": 0, "name": "\u041d\u0435\u0439\u0442\u0440\u0430\u043b\u0438\u0437\u0430\u0446\u0438\u044f \u0437\u0430\u043f\u0430\u0445\u0430", "description": "", "image": "", "slug": "neytralizatsiya-zapaha"}}, {"model": "catalogue.category", "pk": 39, "fields": {"path": "000200040006", "depth": 3, "numchild": 0, "name": "\u0428\u0443\u043c\u043e\u0438\u0437\u043e\u043b\u044f\u0446\u0438\u044f", "description": "", "image": "", "slug": "shumoizolyatsiya"}}, {"model": "catalogue.category", "pk": 40, "fields": {"path": "000200040007", "depth": 3, "numchild": 0, "name": "\u0410\u043a\u0441\u0435\u0441\u0441\u0443\u0430\u0440\u044b \u0432\u0435\u043d\u0442\u0438\u043b\u044f\u0446\u0438\u0438", "description": "", "image": "", "slug": "aksessuary-ventilyatsiya"}}, {"model": "catalogue.category", "pk": 41, "fields": {"path": "000200060001", "depth": 3, "numchild": 0, "name": "PH-\u043c\u0435\u0442\u0440\u044b", "description": "", "image": "", "slug": "ph-metr"}}, {"model": "catalogue.category", "pk": 42, "fields": {"path": "00020006", "depth": 2, "numchild": 4, "name": "\u0418\u0437\u043c\u0435\u0440\u0438\u0442\u0435\u043b\u044c\u043d\u044b\u0435 \u043f\u0440\u0438\u0431\u043e\u0440\u044b", "description": "", "image": "", "slug": "izmeritelnie-pribory"}}, {"model": "catalogue.category", "pk": 43, "fields": {"path": "000200060003", "depth": 3, "numchild": 0, "name": "ES/TDS \u043c\u0435\u0442\u0440\u044b", "description": "", "image": "", "slug": "es-tds"}}, {"model": "catalogue.category", "pk": 44, "fields": {"path": "0003000B", "depth": 2, "numchild": 0, "name": "\u0411\u0440\u0435\u043d\u0434\u044b", "description": "", "image": "", "slug": "brandy-udobreniya"}}, {"model": "catalogue.category", "pk": 45, "fields": {"path": "00020002", "depth": 2, "numchild": 0, "name": "\u0413\u0440\u043e\u0443\u0431\u043e\u043a\u0441\u044b", "description": "", "image": "", "slug": "grouboksy"}}, {"model": "catalogue.category", "pk": 46, "fields": {"path": "000200030008", "depth": 3, "numchild": 0, "name": "\u0410\u043a\u0441\u0435\u0441\u0441\u0443\u0430\u0440\u044b", "description": "", "image": "", "slug": "aksessuary"}}, {"model": "catalogue.category", "pk": 47, "fields": {"path": "00020007", "depth": 2, "numchild": 0, "name": "\u0415\u043c\u043a\u043e\u0441\u0442\u0438", "description": "", "image": "", "slug": "emkosti"}}, {"model": "catalogue.category", "pk": 48, "fields": {"path": "000200060004", "depth": 3, "numchild": 0, "name": "\u041a\u0430\u043b\u0438\u0431\u0440\u043e\u0432\u043a\u0430", "description": "", "image": "", "slug": "kalibrovka"}}, {"model": "catalogue.category", "pk": 49, "fields": {"path": "000200060005", "depth": 3, "numchild": 1, "name": "\u0420\u0430\u0437\u043d\u043e\u0435", "description": "", "image": "", "slug": "raznoye"}}, {"model": "catalogue.category", "pk": 50, "fields": {"path": "000300040002", "depth": 3, "numchild": 0, "name": "\u041a\u043e\u043a\u043e\u0441\u043e\u0432\u044b\u0439 \u0441\u0443\u0431\u0441\u0442\u0440\u0430\u0442", "description": "", "image": "", "slug": "kokosovyi-substrat"}}, {"model": "catalogue.category", "pk": 51, "fields": {"path": "000300040003", "depth": 3, "numchild": 0, "name": "\u041c\u0438\u043d\u0432\u0430\u0442\u0430", "description": "", "image": "", "slug": "minvata"}}, {"model": "catalogue.category", "pk": 52, "fields": {"path": "000300040004", "depth": 3, "numchild": 0, "name": "\u0417\u0435\u043c\u043b\u044f", "description": "", "image": "", "slug": "zemlya"}}, {"model": "catalogue.category", "pk": 53, "fields": {"path": "000300040005", "depth": 3, "numchild": 0, "name": "\u041a\u0435\u0440\u0430\u043c\u0437\u0438\u0442", "description": "", "image": "", "slug": "keramzit"}}, {"model": "catalogue.category", "pk": 54, "fields": {"path": "000300040006", "depth": 3, "numchild": 0, "name": "\u041f\u043e\u0447\u0432\u043e\u0443\u043b\u0443\u0447\u0448\u0438\u0442\u0435\u043b\u0438", "description": "", "image": "", "slug": "pochvoulutshiteli"}}, {"model": "catalogue.category", "pk": 55, "fields": {"path": "000300040007", "depth": 3, "numchild": 0, "name": "\u0423\u043a\u043e\u0440\u0435\u043d\u0435\u043d\u0438\u0435", "description": "", "image": "", "slug": "ukorenenie"}}, {"model": "catalogue.category", "pk": 65, "fields": {"path": "00030006", "depth": 2, "numchild": 0, "name": "\u0417\u0430\u0449\u0438\u0442\u0430 \u0440\u0430\u0441\u0442\u0435\u043d\u0438\u0439", "description": "", "image": "", "slug": "zaschita-rasteniy"}}, {"model": "catalogue.category", "pk": 66, "fields": {"path": "00030008", "depth": 2, "numchild": 0, "name": "\u0414\u043b\u044f \u0440\u043e\u0441\u0442\u0430", "description": "", "image": "", "slug": "dlya-rosta"}}, {"model": "catalogue.category", "pk": 67, "fields": {"path": "00030009", "depth": 2, "numchild": 0, "name": "\u0414\u043b\u044f \u0446\u0432\u0435\u0442\u0435\u043d\u0438\u044f", "description": "", "image": "", "slug": "dlya-cveteniya"}}, {"model": "catalogue.category", "pk": 68, "fields": {"path": "00030007", "depth": 2, "numchild": 0, "name": "\u0414\u043b\u044f \u0443\u043a\u043e\u0440\u0435\u043d\u0435\u043d\u0438\u044f", "description": "", "image": "", "slug": "dlya-ukoreneniya"}}, {"model": "catalogue.category", "pk": 69, "fields": {"path": "0003000A", "depth": 2, "numchild": 0, "name": "\u041d\u0430\u0431\u043e\u0440\u044b \u0443\u0434\u043e\u0431\u0440\u0435\u043d\u0438\u0439", "description": "", "image": "", "slug": "nabory-udobreniy"}}, {"model": "catalogue.category", "pk": 70, "fields": {"path": "000200030009", "depth": 3, "numchild": 0, "name": "\u041f\u0440\u043e\u0438\u0437\u0432\u043e\u0434\u0438\u0442\u0435\u043b\u0438", "description": "", "image": "", "slug": "brendy-oborudovanie"}}, {"model": "catalogue.productcategory", "pk": 2, "fields": {"product": 3, "category": 1}}, {"model": "catalogue.productcategory", "pk": 3, "fields": {"product": 4, "category": 5}}, {"model": "catalogue.productcategory", "pk": 4, "fields": {"product": 5, "category": 13}}, {"model": "catalogue.product", "pk": 3, "fields": {"structure": "standalone", "upc": "", "parent": null, "title": "Hawain Snow", "slug": "hawain-snow", "description": "", "product_class": 2, "rating": 5.0, "date_created": "2016-10-05T18:30:11.729Z", "date_updated": "2016-10-05T18:35:08.173Z", "is_discountable": true, "product_options": []}}, {"model": "catalogue.product", "pk": 4, "fields": {"structure": "standalone", "upc": "1234", "parent": null, "title": "\u0418\u043c\u043f\u0435\u0440\u0430\u0442\u043e\u0440", "slug": "imperator", "description": "<p><span style=\"color: #686968; font-family: Arial; font-size: 14px;\">\u0421\u0442\u0435\u043a\u043b\u044f\u043d\u043d\u044b\u0439 \u0431\u043e\u043d\u0433 \u0418\u043c\u043f\u0435\u0440\u0430\u0442\u043e\u0440 \u0432\u044b\u043f\u0443\u0441\u043a\u0430\u0435\u0442\u0441\u044f \u044d\u043b\u0438\u0442\u043d\u043e\u0439 \u0444\u0438\u0440\u043c\u043e\u0439 BLAZE.\u00a0</span><a style=\"margin: 0px; padding: 0px; font-stretch: normal; font-size: 14px; line-height: 18px; font-family: Arial; color: #686968; font-style: italic;\" href=\"http://blowgrow.com.ua/section/4_aksessuary/\">\u041a\u0443\u043f\u0438\u0442\u044c \u0431\u043e\u043d\u0433 \u0432 \u0423\u043a\u0440\u0430\u0438\u043d\u0435</a><span style=\"color: #686968; font-family: Arial; font-size: 14px;\">\u00a0\u043c\u043e\u0434\u0435\u043b\u0438 \u0418\u043c\u043f\u0435\u0440\u0430\u0442\u043e\u0440 - \u044d\u0442\u043e \u0441\u0442\u0430\u0442\u044c \u0432\u043b\u0430\u0434\u0435\u043b\u044c\u0446\u0435\u043c \u043e\u0434\u043d\u043e\u0439 \u0438\u0437 \u0436\u0435\u043c\u0447\u0443\u0436\u0438\u043d \u043d\u0430\u0448\u0435\u0439 \u043a\u043e\u043b\u043b\u0435\u043a\u0446\u0438\u0438.</span><br style=\"margin: 0px; padding: 0px; color: #686968; font-family: Arial; font-size: 14px;\" /><span style=\"color: #686968; font-family: Arial; font-size: 14px;\">\u0412 \u0434\u0438\u0437\u0430\u0439\u043d\u0435 \u044d\u0442\u043e\u0433\u043e \u0441\u0442\u0435\u043a\u043b\u044f\u043d\u043d\u043e\u0433\u043e \u0431\u043e\u043d\u0433\u0430 \u0447\u0443\u0432\u0441\u0442\u0432\u0443\u0435\u0442\u0441\u044f \u0432\u044b\u0441\u043e\u043a\u0438\u0439 \u043a\u043b\u0430\u0441\u0441 \u0438 \u043e\u0442\u043b\u0438\u0447\u043d\u043e\u0435 \u043a\u0430\u0447\u0435\u0441\u0442\u0432\u043e. \u0412\u044b\u0441\u043e\u0442\u0430 \u0432 \u043f\u043e\u043b\u043c\u0435\u0442\u0440\u0430 \u0443\u0434\u043e\u0432\u043b\u0435\u0442\u0432\u043e\u0440\u0438\u0442 \u0441\u0430\u043c\u044b\u0439 \u0442\u0440\u0435\u0431\u043e\u0432\u0430\u0442\u0435\u043b\u044c\u043d\u044b\u0439 \u0432\u043a\u0443\u0441.</span><br style=\"margin: 0px; padding: 0px; color: #686968; font-family: Arial; font-size: 14px;\" /><span style=\"color: #686968; font-family: Arial; font-size: 14px;\">\u0420\u0430\u0437\u0443\u043c\u0435\u0435\u0442\u0441\u044f \u0432 \u0431\u043e\u043d\u0433\u0435 \u0442\u0430\u043a\u043e\u0433\u043e \u043a\u043b\u0430\u0441\u0441\u0430 \u0435\u0441\u0442\u044c \u0442\u0435\u0445\u043d\u043e\u043b\u043e\u0433\u0438\u044f ICE-\u0431\u043e\u043d\u0433, \u043f\u0435\u0440\u043a\u043e\u043b\u044f\u0442\u043e\u0440 \u043d\u0430 \u0447\u0435\u0442\u044b\u0440\u0435 \u0440\u0443\u043a\u0430\u0432\u0430 \u0438 \u043f\u0435\u0440\u043a\u043e\u043b\u044f\u0442\u043e\u0440-\u043a\u043e\u043b\u043f\u0430\u043a, \u0437\u0430\u0449\u0435\u043b\u043a\u0430 \u0434\u043b\u044f \u043d\u0430\u043f\u0435\u0440\u0441\u0442\u043a\u0430, \u0434\u043b\u044f \u0443\u0434\u043e\u0431\u043d\u043e\u0433\u043e \u0441\u043d\u044f\u0442\u0438\u044f.</span><br style=\"margin: 0px; padding: 0px; color: #686968; font-family: Arial; font-size: 14px;\" /><span style=\"color: #686968; font-family: Arial; font-size: 14px;\">\u0415\u0441\u043b\u0438 \u0432\u044b \u0445\u043e\u0442\u0438\u0442\u0435 \u043a\u0430\u0447\u0435\u0441\u0442\u0432\u043e, \u0441\u0442\u0438\u043b\u044c \u0438 \u0432\u044b\u0441\u043e\u043a\u0443\u044e \u0441\u0442\u0435\u043f\u0435\u043d\u044c \u043e\u0447\u0438\u0441\u0442\u043a\u0438 \u0434\u044b\u043c\u0430 - \u0441\u0442\u0435\u043a\u043b\u044f\u043d\u043d\u044b\u0439 \u0431\u043e\u043d\u0433 \u0418\u043c\u043f\u0435\u0440\u0430\u0442\u043e\u0440 - \u0432\u0430\u0448 \u0432\u044b\u0431\u043e\u0440!</span></p>", "product_class": 3, "rating": null, "date_created": "2016-10-11T15:29:53.609Z", "date_updated": "2016-10-11T17:18:52.659Z", "is_discountable": true, "product_options": []}}, {"model": "catalogue.product", "pk": 5, "fields": {"structure": "standalone", "upc": "", "parent": null, "title": "AMNESIA LEMON", "slug": "amnesia-lemon", "description": "<p>\u041f\u0440\u0435\u0434\u0441\u0442\u0430\u0432\u043b\u044f\u0435\u043c \u0412\u0430\u0448\u0435\u043c\u0443 \u0432\u043d\u0438\u043c\u0430\u043d\u0438\u044e \u043f\u0440\u0438\u0437\u0435\u0440\u0430 Cannabis Sativa Cup 2007 \u0433\u043e\u0434\u0430, \u0441\u043e\u0431\u0440\u0430\u0432\u0448\u0438\u0439 \u0432\u0441\u0435 \u043f\u0440\u0438\u0437\u043e\u0432\u044b\u0435 \u043c\u0435\u0441\u0442\u0430. \u0421\u043e\u0440\u0442 Amnesia Lemon \u0431\u044b\u043b \u0441\u043e\u0437\u0434\u0430\u043d \u0441 \u0446\u0435\u043b\u044c\u044e \u043f\u043e\u043b\u0443\u0447\u0438\u0442\u044c \u0433\u0438\u0431\u0440\u0438\u0434, \u0434\u0430\u044e\u0449\u0438\u0439 \u043f\u0440\u0435\u0432\u043e\u0441\u0445\u043e\u0434\u043d\u044b\u0435 \u0443\u0440\u043e\u0436\u0430\u0438, \u0433\u0434\u0435 \u0431\u044b \u0433\u0440\u043e\u0432\u0435\u0440\u044b \u0427\u0435\u0445\u0438\u0438 \u0435\u0433\u043e \u043d\u0435 \u0432\u044b\u0441\u0430\u0436\u0438\u0432\u0430\u043b\u0438. Barneys Farm, \u043a\u0430\u043a \u043c\u0438\u0440\u043e\u0432\u043e\u0439 \u043b\u0438\u0434\u0435\u0440, \u0438\u043c\u0435\u044e\u0449\u0438\u0439 \u043d\u0435\u043f\u0440\u0435\u0432\u0437\u043e\u0439\u0434\u0435\u043d\u043d\u0443\u044e \u0440\u0435\u043f\u0443\u0442\u0430\u0446\u0438\u044e, \u0434\u0430\u0435\u0442 \u0433\u0440\u043e\u0432\u0435\u0440\u0430\u043c \u0413\u043e\u043b\u043b\u0430\u043d\u0434\u0438\u0438 \u0432\u043e\u0437\u043c\u043e\u0436\u043d\u043e\u0441\u0442\u044c \u043f\u043e\u043b\u0443\u0447\u0438\u0442\u044c \u043f\u0440\u043e\u0434\u0443\u043a\u0442 \u0432\u044b\u0441\u043e\u043a\u043e\u0433\u043e \u043a\u0430\u0447\u0435\u0441\u0442\u0432\u0430, \u0432 \u043a\u043e\u0442\u043e\u0440\u043e\u043c \u0441\u043e\u0435\u0434\u0438\u043d\u0435\u043d\u044b \u0432\u043e\u0435\u0434\u0438\u043d\u043e \u0442\u0430\u043a\u0438\u0435 \u0448\u0442\u0430\u043c\u043c\u044b \u043a\u0430\u043a Skunk # 1 \u0438 Amnesia Haze. <br /><br />\u0425\u0430\u0440\u0430\u043a\u0442\u0435\u0440\u043d\u044b\u0435 \u0447\u0435\u0440\u0442\u044b \u044d\u0442\u0438\u0445 \u0433\u0435\u043d\u0435\u0442\u0438\u043a \u043e\u0441\u0442\u0430\u0432\u0438\u043b\u0438 \u0434\u0430\u043b\u0435\u043a\u043e \u043f\u043e\u0437\u0430\u0434\u0438 \u0441\u0432\u043e\u0438\u0445 \u043a\u043e\u043d\u043a\u0443\u0440\u0435\u043d\u0442\u043e\u0432, \u0447\u0442\u043e \u043d\u0435\u043e\u0434\u043d\u043e\u043a\u0440\u0430\u0442\u043d\u043e \u043f\u043e\u0434\u0442\u0432\u0435\u0440\u0436\u0434\u0430\u043b\u043e\u0441\u044c \u0445\u0432\u0430\u043b\u0435\u0431\u043d\u044b\u043c\u0438 \u043e\u0442\u0437\u044b\u0432\u0430\u043c\u0438 \u0433\u0440\u043e\u0432\u0435\u0440\u043e\u0432 \u0438\u0437 \u0418\u0441\u043f\u0430\u043d\u0438\u0438 \u0438 \u0427\u0435\u0445\u0438\u0438. \u0421\u0435\u043c\u0435\u043d\u0430 \u043a\u043e\u043d\u043e\u043f\u043b\u0438 Amnesia Lemon \u0432 \u043e\u0440\u0438\u0433\u0438\u043d\u0430\u043b\u044c\u043d\u043e\u0439 \u0443\u043f\u0430\u043a\u043e\u0432\u043a\u0435 \u0434\u0430\u044e\u0442 \u0433\u0430\u0440\u0430\u043d\u0442\u0438\u044e \u043f\u0440\u043e\u0438\u0437\u0432\u043e\u0434\u0438\u0442\u0435\u043b\u044f, \u0447\u0442\u043e \u043f\u043e\u0437\u0432\u043e\u043b\u044f\u0435\u0442 \u0433\u043e\u043b\u043b\u0430\u043d\u0434\u0446\u0430\u043c \u0431\u044b\u0442\u044c \u0443\u0432\u0435\u0440\u0435\u043d\u043d\u044b\u043c \u0432 \u043f\u043e\u043b\u0443\u0447\u0435\u043d\u043d\u043e\u043c, \u043b\u0435\u0433\u0430\u043b\u044c\u043d\u043e\u043c \u0432 \u0413\u043e\u043b\u043b\u0430\u043d\u0434\u0438\u0438, \u0443\u0440\u043e\u0436\u0430\u0435, \u0430 \u0438\u043c\u0435\u043d\u043d\u043e \u0432 \u0432\u044b\u0441\u043e\u043a\u043e\u043c \u0443\u0440\u043e\u0432\u043d\u0435 \u0422\u0413\u041a \u0438 \u041a\u0411\u0414. \u0428\u0442\u0430\u043c\u043c \u043a\u0430\u043d\u043d\u0430\u0431\u0438\u0441\u0430 Amnesia Lemon \u0441\u043e\u0432\u0435\u0440\u0448\u0435\u043d\u043d\u043e \u043d\u0435 \u0442\u0440\u0435\u0431\u043e\u0432\u0430\u0442\u0435\u043b\u0435\u043d \u043a \u0443\u0445\u043e\u0434\u0443, \u043e \u0447\u0435\u043c \u0443\u0442\u0432\u0435\u0440\u0436\u0434\u0430\u044e\u0442 \u0447\u0435\u0448\u0441\u043a\u0438\u0435 \u043a\u043e\u043d\u043e\u043f\u043b\u0435\u0440\u043e\u0441\u044b \u0441 \u043d\u0435\u0431\u043e\u043b\u044c\u0448\u0438\u043c \u043e\u043f\u044b\u0442\u043e\u043c, \u0438 \u0437\u0430 \u0441\u0447\u0435\u0442 \u044d\u0442\u043e\u0433\u043e \u0435\u0441\u0442\u044c \u0432\u043e\u0437\u043c\u043e\u0436\u043d\u043e\u0441\u0442\u044c \u0432\u044b\u0440\u0430\u0449\u0438\u0432\u0430\u0442\u044c \u0441\u043e\u0440\u0442 Amnesia Lemon, \u043d\u0435 \u043d\u0430\u0440\u0443\u0448\u0430\u044f \u0433\u043e\u043b\u043b\u0430\u043d\u0434\u0441\u043a\u043e\u0433\u043e \u0437\u0430\u043a\u043e\u043d\u043e\u0434\u0430\u0442\u0435\u043b\u044c\u0441\u0442\u0432\u0430, \u0431\u0435\u0437 \u043e\u0441\u043e\u0431\u044b\u0445 \u0443\u0441\u0438\u043b\u0438\u0439.<br /><br /></p>\r\n<h2 style=\"margin-top: 2px; margin-bottom: 2px;\">\u0412\u044b\u0440\u0430\u0449\u0438\u0432\u0430\u043d\u0438\u0435 \u0432 \u0433\u0440\u043e\u0443\u0431\u043e\u043a\u0441\u0435</h2>\r\n<p><br /><br />\u0412 \u043f\u0435\u0440\u0432\u0443\u044e \u043e\u0447\u0435\u0440\u0435\u0434\u044c, \u0435\u0441\u043b\u0438 \u043a\u0443\u043f\u0438\u0442\u044c \u0441\u0435\u043c\u0435\u043d\u0430 \u043c\u0430\u0440\u0438\u0445\u0443\u0430\u043d\u044b Amnesia Lemon \u0434\u043b\u044f \u043b\u0435\u0433\u0430\u043b\u044c\u043d\u043e\u0433\u043e \u0432\u044b\u0440\u0430\u0449\u0438\u0432\u0430\u043d\u0438\u044f \u0432 \u0427\u0435\u0448\u0441\u043a\u043e\u0439 \u0420\u0435\u0441\u043f\u0443\u0431\u043b\u0438\u043a\u0435 \u0438\u043b\u0438 \u0418\u0441\u043f\u0430\u043d\u0438\u0438, \u0438\u0445 \u043d\u0443\u0436\u043d\u043e \u043f\u0440\u043e\u0440\u0430\u0441\u0442\u0438\u0442\u044c. \u0411\u043b\u0430\u0433\u043e\u0434\u0430\u0440\u044f \u044d\u0442\u043e\u043c\u0443, \u0433\u0440\u043e\u0432\u0435\u0440\u044b \u0427\u0435\u0445\u0438\u0438 \u043f\u043e\u043c\u043e\u0433\u0430\u044e\u0442 \u0440\u0430\u0441\u0442\u0435\u043d\u0438\u044e \u0443\u0436\u0435 \u043d\u0430 \u043d\u0430\u0447\u0430\u043b\u044c\u043d\u044b\u0445 \u0441\u0442\u0430\u0434\u0438\u044f\u0445 \u043e\u0442\u043a\u0440\u044b\u0442\u044c\u0441\u044f \u0445\u0430\u0440\u0430\u043a\u0442\u0435\u0440\u043d\u044b\u043c \u043e\u0441\u043e\u0431\u0435\u043d\u043d\u043e\u0441\u0442\u044f\u043c \u0444\u0435\u043d\u043e\u0442\u0438\u043f\u0430. \u041e\u043f\u044b\u0442\u043d\u044b\u0435 \u0433\u043e\u043b\u043b\u0430\u043d\u0434\u0446\u044b-\u043c\u0430\u0440\u0438\u0445\u0443\u0430\u043d\u043e\u0440\u043e\u0441\u044b \u043f\u0440\u043e\u0440\u0430\u0449\u0438\u0432\u0430\u044e\u0442 \u0441\u0435\u043c\u0435\u043d\u0430 \u043c\u0430\u0440\u0438\u0445\u0443\u0430\u043d\u044b Amnesia Lemon \u0432 \u0442\u043e\u0440\u0444\u044f\u043d\u044b\u0445 \u0442\u0430\u0431\u043b\u0435\u0442\u043a\u0430\u0445 \u0438\u043b\u0438 \u043a\u0443\u0431\u0430\u0445. \u0412\u0440\u0435\u043c\u044f \u043d\u0430 \u043f\u0440\u043e\u0440\u0430\u0441\u0442\u0430\u043d\u0438\u0435 \u043e\u0442\u0432\u043e\u0434\u0438\u0442\u044c\u0441\u044f \u043f\u0440\u0438\u043c\u0435\u0440\u043d\u043e \u0441\u0443\u0442\u043a\u0438, \u043f\u0440\u0438 \u0443\u0441\u043b\u043e\u0432\u0438\u0438 \u0441\u043e\u0434\u0435\u0440\u0436\u0430\u043d\u0438\u044f \u0432\u044b\u0441\u0430\u0436\u0435\u043d\u043d\u044b\u0445 \u0441\u0435\u043c\u044f\u043d \u043f\u0440\u0438 \u043a\u043e\u043c\u043d\u0430\u0442\u043d\u043e\u0439 \u0442\u0435\u043c\u043f\u0435\u0440\u0430\u0442\u0443\u0440\u0435. <br /><br />\u0421 \u043c\u043e\u043c\u0435\u043d\u0442\u0430, \u043a\u0430\u043a \u043f\u043e\u043a\u0430\u0437\u0430\u043b\u0441\u044f \u0440\u043e\u0441\u0442\u043e\u043a Amnesia Lemon, \u0434\u043b\u044f \u0443\u043a\u0440\u0435\u043f\u043b\u0435\u043d\u0438\u044f \u043d\u0435 \u0437\u0430\u043f\u0440\u0435\u0449\u0435\u043d\u043d\u043e\u0433\u043e \u0432 \u0427\u0435\u0445\u0438\u0438 \u043a\u0443\u0441\u0442\u0430 \u0438 \u043a\u043e\u0440\u043d\u044f, \u043a\u043e\u043d\u043e\u043f\u043b\u0435\u0432\u043e\u0434\u044b \u0413\u043e\u043b\u043b\u0430\u043d\u0434\u0438\u0438 \u0440\u0435\u043a\u043e\u043c\u0435\u043d\u0434\u0443\u044e\u0442 \u0443\u0441\u0442\u0430\u043d\u043e\u0432\u0438\u0442\u044c \u043f\u043e\u0434\u0441\u0432\u0435\u0442\u043a\u0443 \u0432 \u043a\u0440\u0443\u0433\u043b\u043e\u0441\u0443\u0442\u043e\u0447\u043d\u043e\u043c \u0440\u0435\u0436\u0438\u043c\u0435 \u0438 \u0441\u043f\u0435\u043a\u0442\u0440\u043e\u043c, \u043f\u0440\u0438\u0431\u043b\u0438\u0436\u0435\u043d\u043d\u044b\u043c \u043a \u0435\u0441\u0442\u0435\u0441\u0442\u0432\u0435\u043d\u043d\u043e\u043c\u0443. \u041e\u0447\u0435\u043d\u044c \u0447\u0430\u0441\u0442\u043e \u043e\u043f\u044b\u0442\u043d\u044b\u0435 \u0433\u0440\u043e\u0432\u0435\u0440\u044b \u0438\u0437 \u0418\u0441\u043f\u0430\u043d\u0438\u0438 \u0438\u0441\u043f\u043e\u043b\u044c\u0437\u0443\u044e\u0442 \u043c\u0438\u043d\u0438 \u0442\u0435\u043f\u043b\u0438\u0446\u044b \u0441 \u043f\u043e\u0434\u043e\u0433\u0440\u0435\u0432\u0430\u0435\u043c\u044b\u043c \u0434\u043d\u043e\u043c. \u042d\u0442\u043e \u043f\u043e\u0437\u0432\u043e\u043b\u044f\u0435\u0442 \u0441\u043e\u0437\u0434\u0430\u0442\u044c \u043d\u0435\u043e\u0431\u0445\u043e\u0434\u0438\u043c\u044b\u0439 \u043c\u0438\u043a\u0440\u043e\u043a\u043b\u0438\u043c\u0430\u0442 \u0434\u043b\u044f \u043c\u043e\u043b\u043e\u0434\u044b\u0445 \u0440\u043e\u0441\u0442\u043a\u043e\u0432 Amnesia Lemon, \u0440\u0430\u0437\u0440\u0435\u0448\u0435\u043d\u043d\u044b\u0435 \u043a \u0432\u044b\u0440\u0430\u0449\u0438\u0432\u0430\u043d\u0438\u044e \u0432 \u0418\u0441\u043f\u0430\u043d\u0438\u0438, \u0438 \u0434\u0430\u0435\u0442 \u0432\u043e\u0437\u043c\u043e\u0436\u043d\u043e\u0441\u0442\u044c \u0440\u0430\u0437\u0432\u0438\u0432\u0430\u0442\u044c\u0441\u044f \u043a\u043e\u0440\u043d\u0435\u0432\u043e\u0439 \u0441\u0438\u0441\u0442\u0435\u043c\u0435 \u0431\u044b\u0441\u0442\u0440\u0435\u0435. <br /><br />\u041f\u0440\u0438\u043c\u0435\u0440\u043d\u043e \u0434\u043d\u0435\u0439 \u0447\u0435\u0440\u0435\u0437 \u043f\u044f\u0442\u044c \u043e\u043a\u0440\u0435\u043f\u0448\u0438\u0435 \u043a\u0443\u0441\u0442\u044b \u0441\u043e\u0440\u0442\u0430 Amnesia Lemon \u0447\u0435\u0445\u0430\u043c \u043c\u043e\u0436\u043d\u043e \u043f\u0435\u0440\u0435\u0441\u0435\u043b\u044f\u0442\u044c \u0432 \u0431\u043e\u043b\u044c\u0448\u0438\u0435 \u0433\u043e\u0440\u0448\u043a\u0438. \u041a\u043e\u043d\u043e\u043f\u043b\u0435\u0440\u043e\u0441\u044b \u0427\u0435\u0445\u0438\u0438 \u0438\u0441\u043f\u043e\u043b\u044c\u0437\u043e\u0432\u0430\u043b\u0438 12 \u043b\u0438\u0442\u0440\u043e\u0432\u044b\u0435 \u0441 \u0443\u043d\u0438\u0432\u0435\u0440\u0441\u0430\u043b\u044c\u043d\u044b\u043c \u0433\u0440\u0443\u043d\u0442\u043e\u043c \u0438 \u0432\u044b\u0441\u0442\u0430\u0432\u0438\u043b\u0438 \u0438\u0445 \u0432 \u0433\u0440\u043e\u0443\u0431\u043e\u043a\u0441. \u0412\u043d\u0443\u0442\u0440\u0438 \u0438\u0445 \u0431\u043e\u043a\u0441 \u0431\u044b\u043b \u043f\u043e\u043a\u0440\u044b\u0442 \u0441\u0432\u0435\u0442\u043e\u043e\u0442\u0440\u0430\u0436\u0430\u044e\u0449\u0435\u0439 \u043f\u043b\u0435\u043d\u043a\u043e\u0439, \u0443\u0441\u0442\u0430\u043d\u043e\u0432\u043b\u0435\u043d\u0430 \u043b\u0430\u043c\u043f\u0430 \u0434\u043b\u044f \u0440\u0430\u0441\u0442\u0435\u043d\u0438\u0439 \u0414\u041d\u0430\u0422 400 \u0412\u0442 \u0438 \u0432\u044b\u0442\u044f\u0436\u043d\u043e\u0439 \u0432\u0435\u043d\u0442\u0438\u043b\u044f\u0442\u043e\u0440. <br /><br />\u041f\u0435\u0440\u0432\u043e\u043d\u0430\u0447\u0430\u043b\u044c\u043d\u043e \u0433\u043e\u043b\u043b\u0430\u043d\u0434\u0446\u044b \u0441\u043e\u0432\u0435\u0442\u0443\u044e\u0442 \u0443\u0441\u0442\u0430\u043d\u043e\u0432\u0438\u0442\u044c \u0441\u0432\u0435\u0442\u043e\u0432\u043e\u0439 \u0434\u0435\u043d\u044c \u043d\u0430 \u0443\u0440\u043e\u0432\u043d\u0435 18 \u0447\u0430\u0441\u043e\u0432 \u0434\u0435\u043d\u044c \u0438 6 - \u043d\u043e\u0447\u044c. \u0421 \u044d\u0442\u043e\u0439 \u0437\u0430\u0434\u0430\u0447\u0435\u0439 \u043e\u0442\u043b\u0438\u0447\u043d\u043e \u0441\u043f\u0440\u0430\u0432\u043b\u044f\u0435\u0442\u0441\u044f \u0440\u0435\u043b\u0435 \u0432\u0440\u0435\u043c\u0435\u043d\u0438, \u0432 \u0441\u043b\u0443\u0447\u0430\u0435 \u0435\u0441\u043b\u0438 \u0443 \u0447\u0435\u0445\u043e\u0432 \u043d\u0435\u0442 \u0432\u043e\u0437\u043c\u043e\u0436\u043d\u043e\u0441\u0442\u0438 \u0441\u0430\u043c\u043e\u0441\u0442\u043e\u044f\u0442\u0435\u043b\u044c\u043d\u043e \u0441\u043b\u0435\u0434\u0438\u0442\u044c \u0437\u0430 \u044d\u0442\u0438\u043c. \u0422\u0435\u043c\u043f\u0435\u0440\u0430\u0442\u0443\u0440\u0430 \u0432\u043d\u0443\u0442\u0440\u0438 \u0431\u043e\u043a\u0441\u0430 \u0431\u044b\u043b\u0430 \u043f\u043e\u0440\u044f\u0434\u043a\u0430 36 \u0433\u0440\u0430\u0434\u0443\u0441\u043e\u0432, \u0438\u0437-\u0437\u0430 \u0447\u0435\u0433\u043e \u0447\u0435\u0448\u0441\u043a\u0438\u043c \u0433\u0440\u043e\u0432\u0435\u0440\u0430\u043c \u043f\u0440\u0438\u0445\u043e\u0434\u0438\u043b\u043e\u0441\u044c \u043f\u0440\u0438\u043e\u0442\u043a\u0440\u044b\u0432\u0430\u0442\u044c \u043e\u0434\u043d\u0443 \u0438\u0437 \u0448\u0442\u043e\u0440\u043e\u043a, \u0447\u0442\u043e\u0431\u044b \u043f\u043e\u043d\u0438\u0437\u0438\u0442\u044c \u0433\u0440\u0430\u0434\u0443\u0441. <br />\u041f\u0440\u0438 \u044d\u0442\u043e\u043c \u043e\u043d\u0438 \u0436\u0435\u0440\u0442\u0432\u043e\u0432\u0430\u043b\u0438 \u0432\u043b\u0430\u0436\u043d\u043e\u0441\u0442\u044c\u044e, \u043a\u043e\u0442\u043e\u0440\u0443\u044e \u0432 \u0434\u0430\u043b\u044c\u043d\u0435\u0439\u0448\u0435\u043c \u043f\u043e\u0434\u0434\u0435\u0440\u0436\u0438\u0432\u0430\u043b\u0438 \u0441 \u043f\u043e\u043c\u043e\u0449\u044c\u044e \u0443\u0432\u043b\u0430\u0436\u043d\u0438\u0442\u0435\u043b\u044f. <br /><br />\u0421 \u043d\u0430\u0431\u043b\u044e\u0434\u0435\u043d\u0438\u0439 \u0447\u0435\u0445\u0430-\u043a\u043e\u043d\u043e\u043f\u043b\u0435\u0432\u043e\u0434\u0430 - \u043f\u043e\u043b\u0438\u0432 \u0448\u0442\u0430\u043c\u043c\u0443 Amnesia Lemon \u0431\u044b\u043b \u043d\u0443\u0436\u0435\u043d \u0447\u0435\u0440\u0435\u0437 \u043a\u0430\u0436\u0434\u044b\u0435 \u0448\u0435\u0441\u0442\u044c \u0434\u043d\u0435\u0439, \u043f\u0440\u0438\u0447\u0435\u043c \u0440\u0430\u0437 \u0432 \u043d\u0435\u0434\u0435\u043b\u044e \u043e\u043d \u0434\u043e\u0431\u0430\u0432\u043b\u044f\u043b \u0443\u0434\u043e\u0431\u0440\u0435\u043d\u0438\u044f \u0434\u043b\u044f \u043a\u0430\u0436\u0434\u043e\u0439 \u0438\u0437 \u0444\u0430\u0437, \u0441\u0442\u0440\u043e\u0433\u043e \u043f\u043e \u0434\u043e\u0437\u0438\u0440\u043e\u0432\u043a\u0435 \u043f\u0440\u043e\u0438\u0437\u0432\u043e\u0434\u0438\u0442\u0435\u043b\u044f. \u0412\u043e \u0432\u0440\u0435\u043c\u044f \u0444\u0430\u0437\u044b \u0432\u0435\u0433\u0435\u0442\u0430\u0442\u0438\u0432\u043d\u043e\u0433\u043e, \u043b\u0435\u0433\u0430\u043b\u044c\u043d\u043e\u0433\u043e \u0432 \u0427\u0435\u0445\u0438\u0438, \u0440\u043e\u0441\u0442\u0430 \u0440\u0430\u0441\u0442\u0435\u043d\u0438\u0435 Amnesia Lemon \u043f\u0440\u043e\u044f\u0432\u043b\u044f\u0435\u0442 \u0438\u0441\u043a\u043b\u044e\u0447\u0438\u0442\u0435\u043b\u044c\u043d\u043e \u0441\u0430\u0442\u0438\u0432\u043d\u044b\u0435 \u043a\u0430\u0447\u0435\u0441\u0442\u0432\u0430. <br /><br />\u041a \u043d\u0430\u0447\u0430\u043b\u0443 \u0446\u0432\u0435\u0442\u0435\u043d\u0438\u044f \u0440\u043e\u0441\u0442 \u043a\u0443\u0441\u0442\u0430 Amnesia Lemon \u0432 \u0427\u0435\u0448\u0441\u043a\u043e\u0439 \u0420\u0435\u0441\u043f\u0443\u0431\u043b\u0438\u043a\u0435 \u0434\u043e\u0441\u0442\u0438\u0433\u0430\u043b \u043f\u0440\u0438\u043c\u0435\u0440\u043d\u043e 70 \u0441\u043c \u0438 \u0443\u0436\u0435 \u043f\u0440\u043e\u044f\u0432\u043b\u044f\u043b \u0437\u043d\u0430\u0447\u0438\u0442\u0435\u043b\u044c\u043d\u0443\u044e \u0432\u043e\u043d\u044e\u0447\u0435\u0441\u0442\u044c. \u041f\u043e\u0447\u043a\u0438 \u0444\u043e\u0440\u043c\u0438\u0440\u043e\u0432\u0430\u043b\u0438\u0441\u044c \u043f\u043b\u043e\u0442\u043d\u044b\u0435, \u0446\u0435\u043d\u0442\u0440\u0430\u043b\u044c\u043d\u0430\u044f \u043a\u043e\u043b\u0430 \u0434\u043e\u0441\u0442\u0430\u0442\u043e\u0447\u043d\u043e \u0434\u043b\u0438\u043d\u043d\u0430\u044f. \u0421\u043e \u0441\u043b\u043e\u0432 \u0447\u0435\u0445\u0430-\u0437\u0430\u0432\u043e\u0434\u0447\u0438\u043a\u0430, \u0432\u0435\u0441\u044c \u043f\u0435\u0440\u0438\u043e\u0434 \u0446\u0432\u0435\u0442\u0430 \u0434\u043b\u0438\u043b\u0441\u044f \u043f\u043e\u0440\u044f\u0434\u043a\u0430 10 \u043d\u0435\u0434\u0435\u043b\u044c, \u0430 \u0441\u0432\u0435\u0442\u043e\u0432\u043e\u0439 \u0440\u0435\u0436\u0438\u043c \u043e\u043d \u0441\u043d\u0438\u0437\u0438\u043b \u0434\u043e 12/12. \u0417\u0430 \u044d\u0442\u043e \u0432\u0440\u0435\u043c\u044f \u043a\u0443\u0441\u0442 \u043b\u0435\u0433\u0430\u043b\u044c\u043d\u043e\u0439 \u0432 \u0418\u0441\u043f\u0430\u043d\u0438\u0438 \u0438 \u0413\u043e\u043b\u043b\u0430\u043d\u0434\u0438\u0438 \u043c\u0430\u0440\u0438\u0445\u0443\u0430\u043d\u044b Amnesia Lemon \u0440\u0430\u0437\u0432\u0438\u043b \u0432\u044b\u0441\u043e\u0442\u0443 \u0432 120 \u0441\u043c \u0438 \u043e\u0431\u0440\u043e\u0441 \u043a\u043e\u043b\u0430\u043c\u0438. <br /><br />\u041d\u0430 \u0431\u043e\u0448\u043a\u0430\u0445, \u0441\u0445\u043e\u0436\u0438\u0445 \u043d\u0430 \u043c\u044f\u0447 \u0434\u043b\u044f \u0433\u043e\u043b\u044c\u0444\u0430, \u0442\u0435\u043c\u043d\u043e-\u0437\u0435\u043b\u0435\u043d\u043d\u043e\u0433\u043e \u0446\u0432\u0435\u0442\u0430, \u0432\u044b\u0434\u0435\u043b\u044f\u043b\u043e\u0441\u044c \u0431\u043e\u043b\u044c\u0448\u043e\u0435 \u043a\u043e\u043b\u0438\u0447\u0435\u0441\u0442\u0432\u043e \u0441\u043c\u043e\u043b\u044b, \u0430 \u0432\u043e\u043b\u043e\u0441\u043a\u0438 \u0438\u043c\u0435\u043b\u0438 \u043a\u0440\u0430\u0441\u043d\u043e\u0432\u0430\u0442\u044b\u0439 \u043e\u0442\u0442\u0435\u043d\u043e\u043a. \u0427\u0435\u0448\u0441\u043a\u0438\u0439 \u0433\u0440\u043e\u0432\u0435\u0440 \u043e\u0442\u043c\u0435\u0447\u0430\u0435\u0442, \u0447\u0442\u043e \u0437\u0430\u043f\u0430\u0445 Amnesia Lemon - \u043e\u0447\u0435\u043d\u044c \u043b\u0438\u043c\u043e\u043d\u043d\u044b\u0439, \u0447\u0442\u043e \u0438 \u043d\u0435\u0443\u0434\u0438\u0432\u0438\u0442\u0435\u043b\u044c\u043d\u043e, \u043d\u043e \u043f\u0440\u0438 \u043b\u0435\u0433\u043a\u043e\u043c \u0441\u0436\u0438\u043c\u0430\u043d\u0438\u0438 \u043f\u043e\u0447\u043a\u0438, \u0435\u043c\u0443 \u0441\u043b\u044b\u0448\u0430\u043b\u0441\u044f \u043f\u0438\u043a\u0430\u043d\u0442\u043d\u044b\u0439 \u0446\u0438\u0442\u0440\u0443\u0441\u043e\u0432\u044b\u0439 \u0430\u0440\u043e\u043c\u0430\u0442. <br /><br /></p>\r\n<h2 style=\"margin-top: 2px; margin-bottom: 2px;\">\u0423\u0440\u043e\u0436\u0430\u0439\u043d\u043e\u0441\u0442\u044c \u0438 \u0432\u043a\u0443\u0441\u043e\u0432\u044b\u0435 \u043e\u0441\u043e\u0431\u0435\u043d\u043d\u043e\u0441\u0442\u0438</h2>\r\n<p><br /><br />\u0412\u043e \u0432\u0440\u0435\u043c\u044f \u0445\u0430\u0440\u0432\u0435\u0441\u0442\u0430, \u043a\u043e\u043d\u043e\u043f\u043b\u0435\u0440\u043e\u0441\u043e\u043c \u0438\u0437 \u0427\u0435\u0445\u0438\u0438 \u0431\u044b\u043b\u043e \u0441\u043d\u044f\u0442\u043e \u043f\u0440\u0438\u043c\u0435\u0440\u043d\u043e 80 \u0433\u0440\u0430\u043c\u043c \u0441 \u043a\u0443\u0441\u0442\u0430, \u0445\u043e\u0442\u044f \u043e\u043f\u044b\u0442\u043d\u044b\u0435 \u0438\u0441\u043f\u0430\u043d\u0441\u043a\u0438\u0435 \u0437\u0430\u0432\u043e\u0434\u0447\u0438\u043a\u0438 \u043f\u043e\u043b\u0443\u0447\u0430\u043b\u0438 \u0431\u043e\u043b\u0435\u0435 \u0432\u044b\u0441\u043e\u043a\u0438\u0435 \u043f\u043e\u043a\u0430\u0437\u0430\u0442\u0435\u043b\u0438 \u0443\u0440\u043e\u0436\u0430\u0439\u043d\u043e\u0441\u0442\u0438, \u0438\u0441\u043f\u043e\u043b\u044c\u0437\u0443\u044f \u0441\u0435\u043c\u0435\u043d\u0430 \u043a\u043e\u043d\u043e\u043f\u043b\u0438 Amnesia Lemon. <br /><br />\u0412\u043a\u0443\u0441 \u0433\u043e\u0442\u043e\u0432\u043e\u0433\u043e \u043f\u0440\u043e\u0434\u0443\u043a\u0442\u0430 \u0447\u0435\u0442\u043a\u043e \u043e\u0442\u0440\u0430\u0436\u0430\u043b \u043d\u0430\u043b\u0438\u0447\u0438\u0435 \u043b\u0438\u043c\u043e\u043d\u0430, \u043d\u0435\u043c\u043d\u043e\u0433\u043e \u043b\u0430\u0432\u0430\u043d\u0434\u044b \u0438 \u043f\u0440\u044f\u043d\u043e\u0439 \u043a\u043e\u0440\u0438\u0446\u044b. <br /><br /></p>\r\n<h2 style=\"margin-top: 2px; margin-bottom: 2px;\">\u042d\u0444\u0444\u0435\u043a\u0442 \u043e\u0442 \u043a\u0443\u0440\u0435\u043d\u0438\u044f</h2>\r\n<p><br />\u0421\u043e\u0440\u0442 Amnesia Lemon \u0437\u043d\u0430\u0447\u0438\u0442\u0435\u043b\u044c\u043d\u043e \u043f\u043e\u0434\u043d\u0438\u043c\u0430\u0435\u0442 \u0431\u043e\u0435\u0432\u043e\u0439 \u0434\u0443\u0445, \u043e\u0441\u0432\u0435\u0442\u043b\u044f\u0435\u0442 \u0440\u0430\u0437\u0443\u043c \u0438 \u043c\u043e\u0442\u0438\u0432\u0438\u0440\u0443\u0435\u0442 \u043d\u0430 \u0442\u0432\u043e\u0440\u0447\u0435\u0441\u043a\u0443\u044e \u0434\u0435\u044f\u0442\u0435\u043b\u044c\u043d\u043e\u0441\u0442\u044c. \u041e\u0442\u043b\u0438\u0447\u043d\u043e \u0431\u043e\u0440\u0435\u0442\u0441\u044f \u0441 \u0431\u0435\u0441\u0441\u043e\u043d\u043d\u0438\u0446\u0435\u0439 \u0438 \u0441\u043d\u0438\u043c\u0430\u0435\u0442 \u043c\u044b\u0448\u0435\u0447\u043d\u044b\u0435 \u0431\u043e\u043b\u0438.</p>", "product_class": 2, "rating": null, "date_created": "2017-03-16T17:05:18.528Z", "date_updated": "2017-05-31T09:39:58.045Z", "is_discountable": true, "product_options": []}}, {"model": "catalogue.productrecommendation", "pk": 1, "fields": {"primary": 4, "recommendation": 4, "ranking": 12}}, {"model": "catalogue.productrecommendation", "pk": 2, "fields": {"primary": 5, "recommendation": 3, "ranking": 5}}, {"model": "catalogue.productattribute", "pk": 13, "fields": {"product_class": 2, "name": "\u0422\u0438\u043f", "code": "tip", "type": "boolean", "option_group": 11, "required": true}}, {"model": "catalogue.productattribute", "pk": 14, "fields": {"product_class": 2, "name": "\u0412\u0438\u0434", "code": "vid", "type": "boolean", "option_group": 5, "required": true}}, {"model": "catalogue.productattribute", "pk": 15, "fields": {"product_class": 2, "name": "\u041a\u043b\u0438\u043c\u0430\u0442", "code": "klimat", "type": "boolean", "option_group": 2, "required": false}}, {"model": "catalogue.productattribute", "pk": 16, "fields": {"product_class": 2, "name": "\u041f\u043e\u043a\u0430\u0437\u0430\u0442\u0435\u043b\u0438", "code": "pokazateli", "type": "text", "option_group": 1, "required": true}}, {"model": "catalogue.productattribute", "pk": 20, "fields": {"product_class": 2, "name": "VR", "code": "vr_view", "type": "image", "option_group": null, "required": false}}, {"model": "catalogue.productattribute", "pk": 21, "fields": {"product_class": 2, "name": "\u0412\u0438\u0434\u0435\u043e \u043e\u0431\u0437\u043e\u0440", "code": "video_obzor", "type": "file", "option_group": 9, "required": false}}, {"model": "catalogue.productattribute", "pk": 22, "fields": {"product_class": 2, "name": "\u0413\u0440\u043e\u0443\u0440\u0435\u043f\u043e\u0440\u0442", "code": "growreport", "type": "richtext", "option_group": 6, "required": false}}, {"model": "catalogue.productattribute", "pk": 23, "fields": {"product_class": 3, "name": "\u041c\u0430\u0442\u0435\u0440\u0438\u0430\u043b", "code": "material", "type": "text", "option_group": 7, "required": false}}, {"model": "catalogue.productattribute", "pk": 24, "fields": {"product_class": 3, "name": "\u0412\u044b\u0441\u043e\u0442\u0430", "code": "bong_height", "type": "integer", "option_group": null, "required": false}}, {"model": "catalogue.productattribute", "pk": 26, "fields": {"product_class": 3, "name": "VR", "code": "vr_view", "type": "image", "option_group": 8, "required": false}}, {"model": "catalogue.productattribute", "pk": 27, "fields": {"product_class": 3, "name": "\u0412\u0438\u0434\u0435\u043e \u043e\u0431\u0437\u043e\u0440", "code": "video_obzor", "type": "richtext", "option_group": 9, "required": false}}, {"model": "catalogue.productattribute", "pk": 28, "fields": {"product_class": 2, "name": "\u0423\u0440\u043e\u0436\u0430\u0439\u043d\u043e\u0441\u0442\u044c", "code": "urozhainost", "type": "integer", "option_group": null, "required": true}}, {"model": "catalogue.productattribute", "pk": 29, "fields": {"product_class": 2, "name": "THC (%)", "code": "thc", "type": "integer", "option_group": null, "required": false}}, {"model": "catalogue.productattribute", "pk": 30, "fields": {"product_class": 2, "name": "\u0421\u0431\u043e\u0440 \u0443\u0440\u043e\u0436\u0430\u044f", "code": "sbor", "type": "date", "option_group": null, "required": false}}, {"model": "catalogue.productattributevalue", "pk": 2, "fields": {"attribute": 24, "product": 4, "value_text": null, "value_integer": 50, "value_boolean": null, "value_float": null, "value_richtext": null, "value_date": null, "value_option": null, "value_file": "", "value_image": "", "entity_content_type": null, "entity_object_id": null}}, {"model": "catalogue.productattributevalue", "pk": 3, "fields": {"attribute": 23, "product": 4, "value_text": null, "value_integer": null, "value_boolean": true, "value_float": null, "value_richtext": null, "value_date": null, "value_option": null, "value_file": "", "value_image": "", "entity_content_type": null, "entity_object_id": null}}, {"model": "catalogue.productattributevalue", "pk": 4, "fields": {"attribute": 27, "product": 4, "value_text": null, "value_integer": null, "value_boolean": null, "value_float": null, "value_richtext": "<p><a title=\"\u0411\u043e\u043d\u0433 \u0418\u043c\u043f\u0435\u0440\u0430\u0442\u043e\u0440\u0432 \u0432\u0438\u0434\u0435\u043e\u043e\u0431\u0437\u043e\u0440\" href=\"https://www.youtube.com/watch?v=bh_XwhVv51A\">https://www.youtube.com/watch?v=bh_XwhVv51A</a></p>", "value_date": null, "value_option": null, "value_file": "", "value_image": "", "entity_content_type": null, "entity_object_id": null}}, {"model": "catalogue.productattributevalue", "pk": 5, "fields": {"attribute": 26, "product": 4, "value_text": null, "value_integer": null, "value_boolean": null, "value_float": null, "value_richtext": null, "value_date": null, "value_option": null, "value_file": "", "value_image": "images/products/2016/10/\u0412\u044b\u043f\u0443\u0441\u043a_1.jpg", "entity_content_type": null, "entity_object_id": null}}, {"model": "catalogue.productattributevalue", "pk": 6, "fields": {"attribute": 15, "product": 5, "value_text": null, "value_integer": null, "value_boolean": false, "value_float": null, "value_richtext": null, "value_date": null, "value_option": 5, "value_file": "", "value_image": "", "entity_content_type": null, "entity_object_id": null}}, {"model": "catalogue.productattributevalue", "pk": 7, "fields": {"attribute": 16, "product": 5, "value_text": "\u0412\u043e \u0432\u0440\u0435\u043c\u044f \u0445\u0430\u0440\u0432\u0435\u0441\u0442\u0430, \u043a\u043e\u043d\u043e\u043f\u043b\u0435\u0440\u043e\u0441\u043e\u043c \u0438\u0437 \u0427\u0435\u0445\u0438\u0438 \u0431\u044b\u043b\u043e \u0441\u043d\u044f\u0442\u043e \u043f\u0440\u0438\u043c\u0435\u0440\u043d\u043e 80 \u0433\u0440\u0430\u043c\u043c \u0441 \u043a\u0443\u0441\u0442\u0430, \u0445\u043e\u0442\u044f \u043e\u043f\u044b\u0442\u043d\u044b\u0435 \u0438\u0441\u043f\u0430\u043d\u0441\u043a\u0438\u0435 \u0437\u0430\u0432\u043e\u0434\u0447\u0438\u043a\u0438 \u043f\u043e\u043b\u0443\u0447\u0430\u043b\u0438 \u0431\u043e\u043b\u0435\u0435 \u0432\u044b\u0441\u043e\u043a\u0438\u0435 \u043f\u043e\u043a\u0430\u0437\u0430\u0442\u0435\u043b\u0438 \u0443\u0440\u043e\u0436\u0430\u0439\u043d\u043e\u0441\u0442\u0438, \u0438\u0441\u043f\u043e\u043b\u044c\u0437\u0443\u044f \u0441\u0435\u043c\u0435\u043d\u0430 \u043a\u043e\u043d\u043e\u043f\u043b\u0438 Amnesia Lemon.  \u0412\u043a\u0443\u0441 \u0433\u043e\u0442\u043e\u0432\u043e\u0433\u043e \u043f\u0440\u043e\u0434\u0443\u043a\u0442\u0430 \u0447\u0435\u0442\u043a\u043e \u043e\u0442\u0440\u0430\u0436\u0430\u043b \u043d\u0430\u043b\u0438\u0447\u0438\u0435 \u043b\u0438\u043c\u043e\u043d\u0430, \u043d\u0435\u043c\u043d\u043e\u0433\u043e \u043b\u0430\u0432\u0430\u043d\u0434\u044b \u0438 \u043f\u0440\u044f\u043d\u043e\u0439 \u043a\u043e\u0440\u0438\u0446\u044b.", "value_integer": null, "value_boolean": null, "value_float": null, "value_richtext": null, "value_date": null, "value_option": null, "value_file": "", "value_image": "", "entity_content_type": null, "entity_object_id": null}}, {"model": "catalogue.productattributevalue", "pk": 8, "fields": {"attribute": 30, "product": 5, "value_text": null, "value_integer": null, "value_boolean": null, "value_float": null, "value_richtext": null, "value_date": "1982-10-21", "value_option": null, "value_file": "", "value_image": "", "entity_content_type": null, "entity_object_id": null}}, {"model": "catalogue.productattributevalue", "pk": 9, "fields": {"attribute": 29, "product": 5, "value_text": null, "value_integer": 21, "value_boolean": null, "value_float": null, "value_richtext": null, "value_date": null, "value_option": null, "value_file": "", "value_image": "", "entity_content_type": null, "entity_object_id": null}}, {"model": "catalogue.productattributevalue", "pk": 10, "fields": {"attribute": 13, "product": 5, "value_text": null, "value_integer": null, "value_boolean": true, "value_float": null, "value_richtext": null, "value_date": null, "value_option": null, "value_file": "", "value_image": "", "entity_content_type": null, "entity_object_id": null}}, {"model": "catalogue.productattributevalue", "pk": 11, "fields": {"attribute": 28, "product": 5, "value_text": null, "value_integer": 447, "value_boolean": null, "value_float": null, "value_richtext": null, "value_date": null, "value_option": null, "value_file": "", "value_image": "", "entity_content_type": null, "entity_object_id": null}}, {"model": "catalogue.productattributevalue", "pk": 12, "fields": {"attribute": 14, "product": 5, "value_text": null, "value_integer": null, "value_boolean": true, "value_float": null, "value_richtext": null, "value_date": null, "value_option": null, "value_file": "", "value_image": "", "entity_content_type": null, "entity_object_id": null}}, {"model": "catalogue.productattributevalue", "pk": 13, "fields": {"attribute": 21, "product": 5, "value_text": null, "value_integer": null, "value_boolean": null, "value_float": null, "value_richtext": null, "value_date": null, "value_option": null, "value_file": "images/products/2017/05/VID_20170504_170317.mp4", "value_image": "", "entity_content_type": null, "entity_object_id": null}}, {"model": "catalogue.attributeoptiongroup", "pk": 1, "fields": {"name": "\u041f\u043e\u043a\u0430\u0437\u0430\u0442\u0435\u043b\u0438"}}, {"model": "catalogue.attributeoptiongroup", "pk": 2, "fields": {"name": "\u041a\u043b\u0438\u043c\u0430\u0442"}}, {"model": "catalogue.attributeoptiongroup", "pk": 3, "fields": {"name": "\u0422\u0438\u043f"}}, {"model": "catalogue.attributeoptiongroup", "pk": 4, "fields": {"name": "\u0425\u0430\u0440\u0430\u043a\u0442\u0435\u0440\u0438\u0441\u0442\u0438\u043a\u0438"}}, {"model": "catalogue.attributeoptiongroup", "pk": 5, "fields": {"name": "\u0412\u0438\u0434"}}, {"model": "catalogue.attributeoptiongroup", "pk": 6, "fields": {"name": "\u0413\u0440\u043e\u0443\u0440\u0435\u043f\u043e\u0440\u0442"}}, {"model": "catalogue.attributeoptiongroup", "pk": 7, "fields": {"name": "\u041c\u0430\u0442\u0435\u0440\u0438\u0430\u043b \u0431\u043e\u043d\u0433\u0438"}}, {"model": "catalogue.attributeoptiongroup", "pk": 8, "fields": {"name": "VR photo"}}, {"model": "catalogue.attributeoptiongroup", "pk": 9, "fields": {"name": "\u0412\u0438\u0434\u0435\u043e \u043e\u0431\u0437\u043e\u0440"}}, {"model": "catalogue.attributeoptiongroup", "pk": 10, "fields": {"name": "\u0414\u043e\u043f\u043e\u043b\u043d\u0438\u0442\u0435\u043b\u044c\u043d\u043e \u0431\u043e\u043d\u0433\u0438"}}, {"model": "catalogue.attributeoptiongroup", "pk": 11, "fields": {"name": "\u0412\u0438\u0434"}}, {"model": "catalogue.attributeoption", "pk": 1, "fields": {"group": 1, "option": "\u0422\u0413\u041a"}}, {"model": "catalogue.attributeoption", "pk": 2, "fields": {"group": 1, "option": "\u041a\u0411\u0414"}}, {"model": "catalogue.attributeoption", "pk": 3, "fields": {"group": 1, "option": "\u0412\u044b\u0441\u043e\u0442\u0430"}}, {"model": "catalogue.attributeoption", "pk": 4, "fields": {"group": 1, "option": "\u0423\u0440\u043e\u0436\u0430\u0439\u043d\u043e\u0441\u0442\u044c"}}, {"model": "catalogue.attributeoption", "pk": 5, "fields": {"group": 2, "option": "\u041a\u043b\u0438\u043c\u0430\u0442\u0438\u0447\u0435\u0441\u043a\u0438\u0435 \u0437\u043e\u043d\u044b"}}, {"model": "catalogue.attributeoption", "pk": 6, "fields": {"group": 2, "option": "\u0421\u0431\u043e\u0440 \u0443\u0440\u043e\u0436\u0430\u044f"}}, {"model": "catalogue.attributeoption", "pk": 7, "fields": {"group": 2, "option": "\u041f\u0435\u0440\u0438\u043e\u0434 \u0441\u043e\u0437\u0440\u0435\u0432\u0430\u043d\u0438\u044f"}}, {"model": "catalogue.attributeoption", "pk": 8, "fields": {"group": 3, "option": "\u0424\u0435\u043c\u0435\u043d\u0438\u0437\u0438\u0440\u043e\u0432\u0430\u043d\u043d\u044b\u0435"}}, {"model": "catalogue.attributeoption", "pk": 9, "fields": {"group": 3, "option": "\u0410\u0432\u0442\u043e\u0446\u0432\u0435\u0442\u0443\u0449\u0438\u0435"}}, {"model": "catalogue.attributeoption", "pk": 10, "fields": {"group": 3, "option": "\u0420\u0435\u0433\u0443\u043b\u044f\u0440\u043d\u044b\u0435"}}, {"model": "catalogue.attributeoption", "pk": 11, "fields": {"group": 5, "option": "\u0421\u0430\u0442\u0438\u0432\u0430"}}, {"model": "catalogue.attributeoption", "pk": 12, "fields": {"group": 5, "option": "\u0418\u043d\u0434\u0438\u043a\u0430"}}, {"model": "catalogue.attributeoption", "pk": 13, "fields": {"group": 6, "option": "\u0421\u043c\u043e\u0442\u0440\u0435\u0442\u044c \u0433\u0440\u043e\u0443\u0440\u0435\u043f\u043e\u0440\u0442"}}, {"model": "catalogue.attributeoption", "pk": 14, "fields": {"group": 6, "option": "\u0421\u043e\u0437\u0434\u0430\u0442\u044c \u0433\u0440\u043e\u0443\u0440\u0435\u043f\u043e\u0440\u0442"}}, {"model": "catalogue.attributeoption", "pk": 15, "fields": {"group": 7, "option": "\u0421\u0442\u0435\u043a\u043b\u043e"}}, {"model": "catalogue.attributeoption", "pk": 16, "fields": {"group": 7, "option": "\u0410\u043a\u0440\u0438\u043b"}}, {"model": "catalogue.attributeoption", "pk": 17, "fields": {"group": 8, "option": "VR view"}}, {"model": "catalogue.attributeoption", "pk": 18, "fields": {"group": 9, "option": "Youtube \u043e\u0431\u0437\u043e\u0440\u044b"}}, {"model": "catalogue.attributeoption", "pk": 19, "fields": {"group": 10, "option": "Icebong"}}, {"model": "catalogue.attributeoption", "pk": 20, "fields": {"group": 10, "option": "Perco"}}, {"model": "catalogue.attributeoption", "pk": 21, "fields": {"group": 10, "option": "\u041f\u0440\u0435\u043a\u0443\u043b\u043b\u0435\u0440"}}, {"model": "catalogue.attributeoption", "pk": 22, "fields": {"group": 11, "option": "\u0421\u0430\u0442\u0438\u0432\u0430"}}, {"model": "catalogue.attributeoption", "pk": 23, "fields": {"group": 11, "option": "\u0418\u043d\u0434\u0438\u043a\u0430"}}, {"model": "catalogue.attributeoption", "pk": 24, "fields": {"group": 11, "option": "\u0421\u0430\u0442\u0438\u0432\u0430 | \u0418\u043d\u0434\u0438\u043a\u0430"}}, {"model": "catalogue.option", "pk": 6, "fields": {"name": "\u041a\u043b\u0438\u043c\u0430\u0442\u0438\u0447\u0435\u0441\u043a\u0438\u0435 \u0437\u043e\u043d\u044b", "code": "klimaticheskie-zony", "type": "Optional"}}, {"model": "catalogue.option", "pk": 7, "fields": {"name": "\u041f\u0435\u0440\u0438\u043e\u0434 \u0441\u043e\u0437\u0440\u0435\u0432\u0430\u043d\u0438\u044f", "code": "period-sozrevaniia", "type": "Required"}}, {"model": "catalogue.option", "pk": 8, "fields": {"name": "\u0421\u0431\u043e\u0440 \u0443\u0440\u043e\u0436\u0430\u044f", "code": "sbor-urozhaia", "type": "Required"}}, {"model": "catalogue.productimage", "pk": 1, "fields": {"product": 4, "original": "images/products/2016/10/bong_4.jpg", "caption": "", "display_order": 0, "date_created": "2016-10-11T15:29:53.656Z"}}, {"model": "catalogue.productimage", "pk": 2, "fields": {"product": 4, "original": "images/products/2016/10/bong_4_2.jpg", "caption": "", "display_order": 1, "date_created": "2016-10-11T15:29:53.658Z"}}, {"model": "catalogue.productimage", "pk": 3, "fields": {"product": 5, "original": "images/products/2017/03/1_2qe4Cqp.jpg", "caption": "amnesia-lemon", "display_order": 0, "date_created": "2017-03-16T17:05:47.371Z"}}, {"model": "catalogue.productimage", "pk": 4, "fields": {"product": 5, "original": "images/products/2017/03/1.jpg", "caption": "", "display_order": 1, "date_created": "2017-03-16T17:05:47.372Z"}}, {"model": "reviews.productreview", "pk": 1, "fields": {"product": 3, "score": 5, "title": "sdsd", "body": "sdsds", "user": 1, "name": "", "email": "", "homepage": "", "status": 1, "total_votes": 0, "delta_votes": 0, "date_created": "2016-10-05T18:35:08.171Z"}}, {"model": "partner.partner", "pk": 2, "fields": {"code": "ian", "name": "\u042f\u043d", "users": [1]}}, {"model": "partner.partneraddress", "pk": 2, "fields": {"title": "", "first_name": "", "last_name": "", "line1": "eree", "line2": "", "line3": "", "line4": "", "state": "", "postcode": "", "country": "AO", "search_text": "eree Republic of Angola", "partner": 2}}, {"model": "partner.stockrecord", "pk": 1, "fields": {"product": 3, "partner": 2, "partner_sku": "434", "price_currency": "GBP", "price_excl_tax": "0.04", "price_retail": "0.07", "cost_price": "0.01", "num_in_stock": 4, "num_allocated": null, "low_stock_threshold": 0, "date_created": "2016-10-05T18:32:37.282Z", "date_updated": "2016-10-05T18:32:37.282Z"}}, {"model": "partner.stockrecord", "pk": 2, "fields": {"product": 4, "partner": 2, "partner_sku": "1234", "price_currency": "EU", "price_excl_tax": "45.00", "price_retail": "30.00", "cost_price": "15.00", "num_in_stock": 3, "num_allocated": null, "low_stock_threshold": 1, "date_created": "2016-10-11T17:17:37.171Z", "date_updated": "2016-10-11T17:17:37.171Z"}}, {"model": "partner.stockrecord", "pk": 3, "fields": {"product": 5, "partner": 2, "partner_sku": "sk-002", "price_currency": "GBP", "price_excl_tax": "24.00", "price_retail": "42.00", "cost_price": "21.00", "num_in_stock": 10, "num_allocated": null, "low_stock_threshold": 2, "date_created": "2017-03-16T17:07:53.935Z", "date_updated": "2017-03-16T17:07:53.935Z"}}, {"model": "basket.basket", "pk": 1, "fields": {"owner": 1, "status": "Open", "date_created": "2016-09-28T13:25:04.928Z", "date_merged": null, "date_submitted": null, "vouchers": []}}, {"model": "basket.basket", "pk": 2, "fields": {"owner": 2, "status": "Open", "date_created": "2016-09-30T14:05:58.412Z", "date_merged": null, "date_submitted": null, "vouchers": []}}, {"model": "basket.basket", "pk": 3, "fields": {"owner": null, "status": "Open", "date_created": "2017-03-10T01:35:43.084Z", "date_merged": null, "date_submitted": null, "vouchers": []}}, {"model": "basket.basket", "pk": 4, "fields": {"owner": null, "status": "Open", "date_created": "2017-03-10T02:08:15.890Z", "date_merged": null, "date_submitted": null, "vouchers": []}}, {"model": "basket.basket", "pk": 5, "fields": {"owner": null, "status": "Open", "date_created": "2017-03-12T03:55:02.868Z", "date_merged": null, "date_submitted": null, "vouchers": []}}, {"model": "basket.basket", "pk": 6, "fields": {"owner": null, "status": "Open", "date_created": "2017-04-15T09:18:38.277Z", "date_merged": null, "date_submitted": null, "vouchers": []}}, {"model": "basket.basket", "pk": 7, "fields": {"owner": null, "status": "Open", "date_created": "2017-04-23T17:38:40.923Z", "date_merged": null, "date_submitted": null, "vouchers": []}}, {"model": "basket.basket", "pk": 8, "fields": {"owner": null, "status": "Merged", "date_created": "2017-05-31T09:32:20.150Z", "date_merged": "2017-05-31T09:40:32.302Z", "date_submitted": null, "vouchers": []}}, {"model": "basket.basket", "pk": 9, "fields": {"owner": null, "status": "Merged", "date_created": "2017-06-21T18:14:01.867Z", "date_merged": "2017-06-21T18:45:00.309Z", "date_submitted": null, "vouchers": []}}, {"model": "basket.line", "pk": 1, "fields": {"basket": 3, "line_reference": "order-preview", "product": 4, "stockrecord": 1, "quantity": 3, "price_currency": "EUR", "price_excl_tax": "100.00", "price_incl_tax": null, "date_created": "2017-03-10T01:54:38.665Z"}}, {"model": "basket.line", "pk": 2, "fields": {"basket": 4, "line_reference": "3_1_1801406187", "product": 3, "stockrecord": 1, "quantity": 1, "price_currency": "GBP", "price_excl_tax": "0.04", "price_incl_tax": "0.04", "date_created": "2017-03-10T02:08:15.904Z"}}, {"model": "basket.line", "pk": 3, "fields": {"basket": 7, "line_reference": "5_3_906669605", "product": 5, "stockrecord": 3, "quantity": 1, "price_currency": "GBP", "price_excl_tax": "24.00", "price_incl_tax": "24.00", "date_created": "2017-04-23T17:38:40.932Z"}}, {"model": "basket.line", "pk": 4, "fields": {"basket": 1, "line_reference": "3_1", "product": 3, "stockrecord": 1, "quantity": 1, "price_currency": "GBP", "price_excl_tax": "0.04", "price_incl_tax": "0.04", "date_created": "2017-05-30T23:09:43.345Z"}}, {"model": "basket.line", "pk": 5, "fields": {"basket": 1, "line_reference": "5_3_-2031356947", "product": 5, "stockrecord": 3, "quantity": 1, "price_currency": "GBP", "price_excl_tax": "24.00", "price_incl_tax": "24.00", "date_created": "2017-05-31T05:51:07.790Z"}}, {"model": "basket.line", "pk": 6, "fields": {"basket": 1, "line_reference": "5_3_1908632679", "product": 5, "stockrecord": 3, "quantity": 1, "price_currency": "GBP", "price_excl_tax": "24.00", "price_incl_tax": "24.00", "date_created": "2017-05-31T09:32:20.155Z"}}, {"model": "basket.line", "pk": 7, "fields": {"basket": 1, "line_reference": "5_3", "product": 5, "stockrecord": 3, "quantity": 1, "price_currency": "GBP", "price_excl_tax": "24.00", "price_incl_tax": "24.00", "date_created": "2017-06-21T18:14:01.874Z"}}, {"model": "basket.lineattribute", "pk": 1, "fields": {"line": 2, "option": 8, "value": "1"}}, {"model": "basket.lineattribute", "pk": 2, "fields": {"line": 2, "option": 7, "value": "2"}}, {"model": "basket.lineattribute", "pk": 3, "fields": {"line": 3, "option": 8, "value": "23"}}, {"model": "basket.lineattribute", "pk": 4, "fields": {"line": 3, "option": 7, "value": "23"}}, {"model": "basket.lineattribute", "pk": 5, "fields": {"line": 5, "option": 6, "value": "Der"}}, {"model": "basket.lineattribute", "pk": 6, "fields": {"line": 6, "option": 6, "value": "122"}}, {"model": "payment.bankcard", "pk": 1, "fields": {"user": 1, "card_type": "Visa Mastercard", "name": "Visa", "number": "XXXX-XXXX-XXXX-0215", "expiry_date": "2017-08-17", "partner_reference": ""}}, {"model": "order.shippingeventtype", "pk": 1, "fields": {"name": "\u041d\u043e\u0432\u0430\u044f \u043f\u043e\u0447\u0442\u0430", "code": "novaia-pochta"}}, {"model": "customer.email", "pk": 1, "fields": {"user": 1, "subject": "\u0420\u0435\u0433\u0438\u0441\u0442\u0440\u0430\u0446\u0438\u044f \u043d\u0430 BlowGrow", "body_text": "\u0411\u043b\u0430\u0433\u043e\u0434\u0430\u0440\u0438\u043c \u0437\u0430 \u0440\u0435\u0433\u0438\u0441\u0442\u0440\u0430\u0446\u0438\u044e \u043d\u0430 \u0441\u0430\u0439\u0442\u0435 BlowGrow", "body_html": "<p>Thank you for registering.</p>", "date_sent": "2016-09-30T14:05:58.290Z"}}, {"model": "promotions.rawhtml", "pk": 1, "fields": {"name": "nav_menu", "display_type": "row-1", "body": "<body class=\"parallax animated fadeIn\"><!--Add \"parallax\" class if you have elements on the page with parallax backgrounds. \"fadeIn\" class makes content fades in on loading-->\r\n  \t\r\n    <!--Off-Canvas-->\r\n    <div class=\"off-canvas-wrap\" data-offcanvas>\r\n    \t<div class=\"inner-wrap\">\r\n      \r\n      \t<!--Off-Canvas Menu-->\r\n        <aside class=\"left-off-canvas-menu\">\r\n        \t<div class=\"mobile-navi\">\r\n          \t<form method=\"get\" class=\"mobile-search\">\r\n              <label class=\"sr-only\" for=\"m-search\"></label>\r\n            \t<input class=\"form-control input-lg\" name=\"m-search\" id=\"m-search\" type=\"text\" placeholder=\"Search\">\r\n              <button type=\"submit\"><i class=\"flaticon-search100\"></i></button>\r\n            </form>\r\n            <ul class=\"buttons\">\r\n            \t<li class=\"lang\"><a href=\"#\">Eng<i></i></a>\r\n              \t<ul class=\"submenu\">\r\n              \t\t<li><a href=\"#\">Deu</a></li>\r\n              \t\t<li><a href=\"#\">Esp</a></li>\r\n              \t\t<li><a href=\"#\">Jpn</a></li>\r\n              \t</ul>\r\n              </li>\r\n              <li class=\"currency\"><a href=\"#\">$ Usd<i></i></a>\r\n              \t<ul class=\"submenu\">\r\n              \t\t<li><a href=\"#\">&euro; Eur</a></li>\r\n              \t\t<li><a href=\"#\">&pound; Gbp</a></li>\r\n              \t\t<li><a href=\"#\">&yen; Yen</a></li>\r\n              \t</ul>\r\n              </li>\r\n            </ul>\r\n            <ul class=\"buttons\">\r\n            \t<li><a href=\"login.html\">Login</a></li>\r\n              <li><a href=\"signup.html\">Sign Up</a></li>\r\n            </ul>\r\n            <ul>\r\n            \t<li class=\"current\"><a href=\"index.html\">Home</a><span></span>\r\n              \t<ul class=\"submenu\">\r\n              \t\t<li><a href=\"home-business-law.html\">Home Business</a><span></span>\r\n                  </li>\r\n              \t\t<li><a href=\"home-portfolio-photographer.html\">Home Portfolio</a><span></span>\r\n                  </li>\r\n              \t\t<li><a href=\"home-blog-corporate.html\">Home Blog</a><span></span>\r\n                  \t<ul class=\"sub-submenu\">\r\n            \t<li><a href=\"components-and-styles.html\">Features</a><span></span>\r\n                <ul class=\"submenu\">\r\n                  <li><a href=\"components-and-styles.html\">Components &amp; Styles</a></li>\r\n                  <li><a href=\"sliders-and-carousels.html\">Sliders &amp; Carousels</a></li>\r\n                  <li><a href=\"grid-and-list.html\">Grid &amp; List Layouts</a></li>\r\n                </ul>\r\n              </li>\r\n            </ul>\r\n          </div>\r\n        </aside><!--Off-Canvas Menu Close-->", "date_created": "2016-10-08T16:44:00.929Z"}}, {"model": "promotions.rawhtml", "pk": 2, "fields": {"name": "nav_menu", "display_type": "row-1", "body": "<body class=\"parallax animated fadeIn\"><!--Add \"parallax\" class if you have elements on the page with parallax backgrounds. \"fadeIn\" class makes content fades in on loading-->\r\n  \t\r\n    <!--Off-Canvas-->\r\n    <div class=\"off-canvas-wrap\" data-offcanvas>\r\n    \t<div class=\"inner-wrap\">\r\n      \r\n      \t<!--Off-Canvas Menu-->\r\n        <aside class=\"left-off-canvas-menu\">\r\n        \t<div class=\"mobile-navi\">\r\n          \t<form method=\"get\" class=\"mobile-search\">\r\n              <label class=\"sr-only\" for=\"m-search\"></label>\r\n            \t<input class=\"form-control input-lg\" name=\"m-search\" id=\"m-search\" type=\"text\" placeholder=\"Search\">\r\n              <button type=\"submit\"><i class=\"flaticon-search100\"></i></button>\r\n            </form>\r\n            <ul class=\"buttons\">\r\n            \t<li class=\"lang\"><a href=\"#\">Eng<i></i></a>\r\n              \t<ul class=\"submenu\">\r\n              \t\t<li><a href=\"#\">Deu</a></li>\r\n              \t\t<li><a href=\"#\">Esp</a></li>\r\n              \t\t<li><a href=\"#\">Jpn</a></li>\r\n              \t</ul>\r\n              </li>\r\n              <li class=\"currency\"><a href=\"#\">$ Usd<i></i></a>\r\n              \t<ul class=\"submenu\">\r\n              \t\t<li><a href=\"#\">&euro; Eur</a></li>\r\n              \t\t<li><a href=\"#\">&pound; Gbp</a></li>\r\n              \t\t<li><a href=\"#\">&yen; Yen</a></li>\r\n              \t</ul>\r\n              </li>\r\n            </ul>\r\n            <ul class=\"buttons\">\r\n            \t<li><a href=\"login.html\">Login</a></li>\r\n              <li><a href=\"signup.html\">Sign Up</a></li>\r\n            </ul>\r\n            <ul>\r\n            \t<li class=\"current\"><a href=\"index.html\">Home</a><span></span>\r\n              \t<ul class=\"submenu\">\r\n              \t\t<li><a href=\"home-business-law.html\">Home Business</a><span></span>\r\n                  </li>\r\n              \t\t<li><a href=\"home-portfolio-photographer.html\">Home Portfolio</a><span></span>\r\n                  </li>\r\n              \t\t<li><a href=\"home-blog-corporate.html\">Home Blog</a><span></span>\r\n                  \t<ul class=\"sub-submenu\">\r\n            \t<li><a href=\"components-and-styles.html\">Features</a><span></span>\r\n                <ul class=\"submenu\">\r\n                  <li><a href=\"components-and-styles.html\">Components &amp; Styles</a></li>\r\n                  <li><a href=\"sliders-and-carousels.html\">Sliders &amp; Carousels</a></li>\r\n                  <li><a href=\"grid-and-list.html\">Grid &amp; List Layouts</a></li>\r\n                </ul>\r\n              </li>\r\n            </ul>\r\n          </div>\r\n        </aside><!--Off-Canvas Menu Close-->", "date_created": "2016-10-08T16:44:14.564Z"}}, {"model": "promotions.rawhtml", "pk": 3, "fields": {"name": "\u041e\u0442\u0441\u043b\u0435\u0434\u0438\u0442\u044c \u043f\u043e\u0441\u044b\u043b\u043a\u0443", "display_type": "", "body": "<div id=\"np-tracking\" class=\"np-widget-hz np-w-br-0\" style=\"width: 534px; min-height: 76px;\"> <div id=\"np-first-state\"> <div id=\"np-tracking-logo\"></div> <div id=\"np-title\"> <div class=\"np-h1\">\u0412\u0406\u0414\u0421\u0422\u0415\u0416\u0415\u041d\u041d\u042f<br>\u041f\u041e\u0421\u0418\u041b\u041e\u041a</div> </div> <div id=\"np-input-container\"> <div id=\"np-clear-input\"></div> <input id=\"np-user-input\" name=\"number\" placeholder=\"\u041d\u043e\u043c\u0435\u0440 \u043f\u043e\u0441\u0438\u043b\u043a\u0438\" type=\"text\"> </div> <div id=\"np-warning-message\"></div> <button id=\"np-submit-tracking\" type=\"button\"> <span id=\"np-text-button-tracking\">\u0412\u0406\u0414\u0421\u0422\u0415\u0416\u0418\u0422\u0418</span> <div id=\"np-load-image-tracking\"></div> </button> <div id=\"np-error-status\"></div> </div> <div id=\"np-second-state\"> <div id=\"np-status-icon\"></div> <div id=\"np-status-message\"></div> <div class=\"np-track-mini-logo\"> <div class=\"np-line-right\"></div> <div class=\"np-line-left\"></div> </div> <a href=\"#\" id=\"np-more\">\u0414\u0435\u0442\u0430\u043b\u044c\u043d\u0456\u0448\u0435 \u043d\u0430 \u0441\u0430\u0439\u0442\u0456</a> <div id=\"np-return-button\"> <span>\u0406\u043d\u0448\u0430 \u043f\u043e\u0441\u0438\u043b\u043a\u0430</span> </div> </div> </div>", "date_created": "2017-03-17T23:08:08.840Z"}}, {"model": "promotions.singleproduct", "pk": 1, "fields": {"name": "CRBLRF", "product": 3, "description": "", "date_created": "2016-10-05T18:34:07.273Z"}}, {"model": "promotions.singleproduct", "pk": 2, "fields": {"name": "eddd", "product": 3, "description": "cx", "date_created": "2016-10-05T18:34:32.495Z"}}, {"model": "thumbnail.kvstore", "pk": "sorl-thumbnail||image||04fa4c52bcbd34583b8c2119cd439329", "fields": {"value": "{\"storage\": \"django.core.files.storage.FileSystemStorage\", \"name\": \"cache/72/bc/72bc4d17418b3c34935a8c36cd7ea658.jpg\", \"size\": [440, 264]}"}}, {"model": "thumbnail.kvstore", "pk": "sorl-thumbnail||image||10ee345ae9747bb28c0643ba4d647d7a", "fields": {"value": "{\"storage\": \"django.core.files.storage.FileSystemStorage\", \"name\": \"cache/20/bf/20bf2bd098ccb70cd025ed3629b51ac0.jpg\", \"size\": [155, 155]}"}}, {"model": "thumbnail.kvstore", "pk": "sorl-thumbnail||image||136959b2978f4fae6fd9a0a4c066086c", "fields": {"value": "{\"storage\": \"django.core.files.storage.FileSystemStorage\", \"name\": \"cache/8b/e3/8be3c6ed84321af6122ab6cf5cabe1a8.jpg\", \"size\": [65, 55]}"}}, {"model": "thumbnail.kvstore", "pk": "sorl-thumbnail||image||158afe5b79239b975dab80d3579e293a", "fields": {"value": "{\"storage\": \"django.core.files.storage.FileSystemStorage\", \"name\": \"cache/b0/2a/b02ab14edb619800366b2f33abb68b09.jpg\", \"size\": [440, 323]}"}}, {"model": "thumbnail.kvstore", "pk": "sorl-thumbnail||image||1e08cb3c3ae7b4eed385f1feb587237a", "fields": {"value": "{\"storage\": \"django.core.files.storage.FileSystemStorage\", \"name\": \"cache/17/73/1773d8e71a0900dd0ce6af5414bf89b3.jpg\", \"size\": [400, 400]}"}}, {"model": "thumbnail.kvstore", "pk": "sorl-thumbnail||image||2526b264323680dcbe1a84a880c41cf8", "fields": {"value": "{\"storage\": \"django.core.files.storage.FileSystemStorage\", \"name\": \"cache/87/69/8769e8d40ffbf66c821f31f1b9b326c1.jpg\", \"size\": [200, 120]}"}}, {"model": "thumbnail.kvstore", "pk": "sorl-thumbnail||image||2ea475f50b740618ebd55dea4ecf233e", "fields": {"value": "{\"storage\": \"django.core.files.storage.FileSystemStorage\", \"name\": \"cache/8f/0e/8f0eadaff9a46e4d81c4656661834654.jpg\", \"size\": [200, 200]}"}}, {"model": "thumbnail.kvstore", "pk": "sorl-thumbnail||image||333d9bc5d06398a67bb04eb910e0936c", "fields": {"value": "{\"storage\": \"django.core.files.storage.FileSystemStorage\", \"name\": \"image_not_found.jpg\", \"size\": [400, 300]}"}}, {"model": "thumbnail.kvstore", "pk": "sorl-thumbnail||image||452e0a85de99a1c9a6c96095a3021d91", "fields": {"value": "{\"storage\": \"django.core.files.storage.FileSystemStorage\", \"name\": \"cache/86/81/8681882b91b323a11ab2360f57c7928b.jpg\", \"size\": [400, 400]}"}}, {"model": "thumbnail.kvstore", "pk": "sorl-thumbnail||image||505210b4916e92844d32d71ad47eaea1", "fields": {"value": "{\"storage\": \"django.core.files.storage.FileSystemStorage\", \"name\": \"images/products/2017/03/1_2qe4Cqp.jpg\", \"size\": [960, 576]}"}}, {"model": "thumbnail.kvstore", "pk": "sorl-thumbnail||image||5ef2dc8a95ff28f22c2784adb5bb5d26", "fields": {"value": "{\"storage\": \"django.core.files.storage.FileSystemStorage\", \"name\": \"images/products/2016/10/bong_4_2.jpg\", \"size\": [800, 800]}"}}, {"model": "thumbnail.kvstore", "pk": "sorl-thumbnail||image||630e6472a34faf415109ad99e73a25ef", "fields": {"value": "{\"storage\": \"django.core.files.storage.FileSystemStorage\", \"name\": \"cache/ee/1f/ee1f4aae598c87664c0d26dc69aefada.jpg\", \"size\": [200, 147]}"}}, {"model": "thumbnail.kvstore", "pk": "sorl-thumbnail||image||6516fe3b02c646f48c13f8de760ff8dd", "fields": {"value": "{\"storage\": \"django.core.files.storage.FileSystemStorage\", \"name\": \"images/products/2016/10/bong_4.jpg\", \"size\": [800, 800]}"}}, {"model": "thumbnail.kvstore", "pk": "sorl-thumbnail||image||703902d69ceadbcc077fe481ec2060f4", "fields": {"value": "{\"storage\": \"django.core.files.storage.FileSystemStorage\", \"name\": \"cache/17/d5/17d59725435216b0e455fcb9659a84f3.jpg\", \"size\": [100, 75]}"}}, {"model": "thumbnail.kvstore", "pk": "sorl-thumbnail||image||76558463ef4b2dc8f1a91b17910e0899", "fields": {"value": "{\"storage\": \"django.core.files.storage.FileSystemStorage\", \"name\": \"cache/1a/84/1a8464f854dc94d1024589c166abbfd9.jpg\", \"size\": [440, 264]}"}}, {"model": "thumbnail.kvstore", "pk": "sorl-thumbnail||image||7f041af68d84de4474f60f8c813ca421", "fields": {"value": "{\"storage\": \"django.core.files.storage.FileSystemStorage\", \"name\": \"cache/f0/bf/f0bf052ab0dc2641daca23586641d2a6.jpg\", \"size\": [70, 70]}"}}, {"model": "thumbnail.kvstore", "pk": "sorl-thumbnail||image||82d86649c337485d7ce16762750e524c", "fields": {"value": "{\"storage\": \"django.core.files.storage.FileSystemStorage\", \"name\": \"cache/ee/d6/eed6bcfd8732ca981f2d25a20233226c.jpg\", \"size\": [207, 155]}"}}, {"model": "thumbnail.kvstore", "pk": "sorl-thumbnail||image||834900959b0fad6723eca1d93aaae15b", "fields": {"value": "{\"storage\": \"django.core.files.storage.FileSystemStorage\", \"name\": \"cache/47/4e/474e5bfd8d8786ff6c7340748c13ca5b.jpg\", \"size\": [258, 155]}"}}, {"model": "thumbnail.kvstore", "pk": "sorl-thumbnail||image||8c49628853bc32a76a137c9ee14e9593", "fields": {"value": "{\"storage\": \"django.core.files.storage.FileSystemStorage\", \"name\": \"cache/59/d3/59d3d8c74e03cbba3aed4051c18d6a8c.jpg\", \"size\": [400, 300]}"}}, {"model": "thumbnail.kvstore", "pk": "sorl-thumbnail||image||8e30d4260915ce696d60e0da0c907a16", "fields": {"value": "{\"storage\": \"django.core.files.storage.FileSystemStorage\", \"name\": \"cache/0b/8b/0b8b7034d7ec09cc4e1e21f964858555.jpg\", \"size\": [65, 55]}"}}, {"model": "thumbnail.kvstore", "pk": "sorl-thumbnail||image||8e6970d457f2f06d77dec42fbf02eab6", "fields": {"value": "{\"storage\": \"django.core.files.storage.FileSystemStorage\", \"name\": \"cache/73/fe/73fe16f738eb77fae696a029dfc6c5ef.jpg\", \"size\": [65, 55]}"}}, {"model": "thumbnail.kvstore", "pk": "sorl-thumbnail||image||997cb35a6d249be8fa411d7a4562527d", "fields": {"value": "{\"storage\": \"django.core.files.storage.FileSystemStorage\", \"name\": \"cache/c2/dc/c2dc6d093214ed9df0eae2b459b53636.jpg\", \"size\": [200, 200]}"}}, {"model": "thumbnail.kvstore", "pk": "sorl-thumbnail||image||a12a73a644cb32b53e5d5f1a7cfceb74", "fields": {"value": "{\"storage\": \"django.core.files.storage.FileSystemStorage\", \"name\": \"cache/55/85/558522a0a0fc3dda8f4a4966686249dd.jpg\", \"size\": [70, 42]}"}}, {"model": "thumbnail.kvstore", "pk": "sorl-thumbnail||image||b1d80eb2ccf676a937d2b59335f111f9", "fields": {"value": "{\"storage\": \"django.core.files.storage.FileSystemStorage\", \"name\": \"images/products/2017/03/1.jpg\", \"size\": [960, 576]}"}}, {"model": "thumbnail.kvstore", "pk": "sorl-thumbnail||image||b6e36ef56a6694ecc885567738430ce2", "fields": {"value": "{\"storage\": \"django.core.files.storage.FileSystemStorage\", \"name\": \"cache/b6/0c/b60c94cd022b8102511e8a0a9344d8d1.jpg\", \"size\": [65, 55]}"}}, {"model": "thumbnail.kvstore", "pk": "sorl-thumbnail||image||ca46d62dbf55a81d650966c1f717dfc9", "fields": {"value": "{\"storage\": \"django.core.files.storage.FileSystemStorage\", \"name\": \"cache/82/d5/82d58e745e70367de57884c9f3abfca9.jpg\", \"size\": [200, 120]}"}}, {"model": "thumbnail.kvstore", "pk": "sorl-thumbnail||image||d5365060e1b5358a251f746cb3b18dc2", "fields": {"value": "{\"storage\": \"django.core.files.storage.FileSystemStorage\", \"name\": \"images/products/2017/03/smola.jpg\", \"size\": [1280, 941]}"}}, {"model": "thumbnail.kvstore", "pk": "sorl-thumbnail||image||f3df6c4cc5da00dbdd94096ee4b30324", "fields": {"value": "{\"storage\": \"django.core.files.storage.FileSystemStorage\", \"name\": \"cache/71/ad/71ad171d4463dbd5bab04c1d34902546.jpg\", \"size\": [100, 60]}"}}, {"model": "thumbnail.kvstore", "pk": "sorl-thumbnail||image||f51229d903b4b50807e143f30d540408", "fields": {"value": "{\"storage\": \"django.core.files.storage.FileSystemStorage\", \"name\": \"cache/b1/66/b16699806ae5f808c1e1fc9c650d609b.jpg\", \"size\": [65, 55]}"}}, {"model": "thumbnail.kvstore", "pk": "sorl-thumbnail||thumbnails||333d9bc5d06398a67bb04eb910e0936c", "fields": {"value": "[\"82d86649c337485d7ce16762750e524c\"]"}}, {"model": "thumbnail.kvstore", "pk": "sorl-thumbnail||thumbnails||505210b4916e92844d32d71ad47eaea1", "fields": {"value": "[\"ca46d62dbf55a81d650966c1f717dfc9\"]"}}, {"model": "thumbnail.kvstore", "pk": "sorl-thumbnail||thumbnails||5ef2dc8a95ff28f22c2784adb5bb5d26", "fields": {"value": "[\"1e08cb3c3ae7b4eed385f1feb587237a\"]"}}, {"model": "thumbnail.kvstore", "pk": "sorl-thumbnail||thumbnails||6516fe3b02c646f48c13f8de760ff8dd", "fields": {"value": "[\"7f041af68d84de4474f60f8c813ca421\"]"}}, {"model": "thumbnail.kvstore", "pk": "sorl-thumbnail||thumbnails||b1d80eb2ccf676a937d2b59335f111f9", "fields": {"value": "[\"2526b264323680dcbe1a84a880c41cf8\"]"}}, {"model": "thumbnail.kvstore", "pk": "sorl-thumbnail||thumbnails||d5365060e1b5358a251f746cb3b18dc2", "fields": {"value": "[\"630e6472a34faf415109ad99e73a25ef\"]"}}, {"model": "admin.logentry", "pk": 1, "fields": {"action_time": "2016-09-29T13:50:29.685Z", "user": 1, "content_type": 41, "object_id": "1", "object_repr": "Visa Mastercard XXXX-XXXX-XXXX-0215 (Expires: 08/17)", "action_flag": 1, "change_message": "Added."}}, {"model": "admin.logentry", "pk": 2, "fields": {"action_time": "2016-10-05T17:39:43.948Z", "user": 1, "content_type": 19, "object_id": "1", "object_repr": "\u0421\u0435\u043c\u0435\u043d\u0430 \u043a\u043e\u043d\u043e\u043f\u043b\u0438", "action_flag": 2, "change_message": "\u0418\u0437\u043c\u0435\u043d\u0435\u043d _ref_node_id."}}, {"model": "admin.logentry", "pk": 3, "fields": {"action_time": "2016-10-05T18:34:07.274Z", "user": 1, "content_type": 83, "object_id": "1", "object_repr": "CRBLRF", "action_flag": 1, "change_message": "\u0414\u043e\u0431\u0430\u0432\u043b\u0435\u043d\u043e."}}, {"model": "admin.logentry", "pk": 4, "fields": {"action_time": "2016-10-05T18:34:32.495Z", "user": 1, "content_type": 83, "object_id": "2", "object_repr": "eddd", "action_flag": 1, "change_message": "\u0414\u043e\u0431\u0430\u0432\u043b\u0435\u043d\u043e."}}, {"model": "admin.logentry", "pk": 5, "fields": {"action_time": "2016-10-07T14:16:58.774Z", "user": 1, "content_type": 25, "object_id": "1", "object_repr": "\u041f\u043e\u043a\u0430\u0437\u0430\u0442\u0435\u043b\u0438", "action_flag": 1, "change_message": "\u0414\u043e\u0431\u0430\u0432\u043b\u0435\u043d\u043e. \u0414\u043e\u0431\u0430\u0432\u043b\u0435\u043d \u041e\u043f\u0446\u0438\u044f \u0430\u0442\u0440\u0438\u0431\u0443\u0442\u0430 \"\u0422\u0413\u041a\". \u0414\u043e\u0431\u0430\u0432\u043b\u0435\u043d \u041e\u043f\u0446\u0438\u044f \u0430\u0442\u0440\u0438\u0431\u0443\u0442\u0430 \"\u041a\u0411\u0414\". \u0414\u043e\u0431\u0430\u0432\u043b\u0435\u043d \u041e\u043f\u0446\u0438\u044f \u0430\u0442\u0440\u0438\u0431\u0443\u0442\u0430 \"\u0412\u044b\u0441\u043e\u0442\u0430\". \u0414\u043e\u0431\u0430\u0432\u043b\u0435\u043d \u041e\u043f\u0446\u0438\u044f \u0430\u0442\u0440\u0438\u0431\u0443\u0442\u0430 \"\u0423\u0440\u043e\u0436\u0430\u0439\u043d\u043e\u0441\u0442\u044c\"."}}, {"model": "admin.logentry", "pk": 6, "fields": {"action_time": "2016-10-07T14:17:05.125Z", "user": 1, "content_type": 23, "object_id": "16", "object_repr": "\u041f\u043e\u043a\u0430\u0437\u0430\u0442\u0435\u043b\u0438", "action_flag": 2, "change_message": "\u0418\u0437\u043c\u0435\u043d\u0435\u043d option_group."}}, {"model": "admin.logentry", "pk": 7, "fields": {"action_time": "2016-10-07T14:34:05.907Z", "user": 1, "content_type": 27, "object_id": "1", "object_repr": "\u0422\u0438\u043f", "action_flag": 1, "change_message": "\u0414\u043e\u0431\u0430\u0432\u043b\u0435\u043d\u043e."}}, {"model": "admin.logentry", "pk": 8, "fields": {"action_time": "2016-10-07T14:34:24.698Z", "user": 1, "content_type": 27, "object_id": "1", "object_repr": "\u0422\u0438\u043f", "action_flag": 3, "change_message": ""}}, {"model": "admin.logentry", "pk": 9, "fields": {"action_time": "2016-10-07T14:59:26.176Z", "user": 1, "content_type": 25, "object_id": "2", "object_repr": "\u041a\u043b\u0438\u043c\u0430\u0442", "action_flag": 1, "change_message": "\u0414\u043e\u0431\u0430\u0432\u043b\u0435\u043d\u043e. \u0414\u043e\u0431\u0430\u0432\u043b\u0435\u043d \u041e\u043f\u0446\u0438\u044f \u0430\u0442\u0440\u0438\u0431\u0443\u0442\u0430 \"\u041a\u043b\u0438\u043c\u0430\u0442\u0438\u0447\u0435\u0441\u043a\u0438\u0435 \u0437\u043e\u043d\u044b\". \u0414\u043e\u0431\u0430\u0432\u043b\u0435\u043d \u041e\u043f\u0446\u0438\u044f \u0430\u0442\u0440\u0438\u0431\u0443\u0442\u0430 \"\u0421\u0431\u043e\u0440 \u0443\u0440\u043e\u0436\u0430\u044f\". \u0414\u043e\u0431\u0430\u0432\u043b\u0435\u043d \u041e\u043f\u0446\u0438\u044f \u0430\u0442\u0440\u0438\u0431\u0443\u0442\u0430 \"\u041f\u0435\u0440\u0438\u043e\u0434 \u0441\u043e\u0437\u0440\u0435\u0432\u0430\u043d\u0438\u044f\"."}}, {"model": "admin.logentry", "pk": 10, "fields": {"action_time": "2016-10-07T14:59:30.332Z", "user": 1, "content_type": 23, "object_id": "15", "object_repr": "\u041a\u043b\u0438\u043c\u0430\u0442", "action_flag": 2, "change_message": "\u0418\u0437\u043c\u0435\u043d\u0435\u043d type \u0438 option_group."}}, {"model": "admin.logentry", "pk": 11, "fields": {"action_time": "2016-10-07T15:00:41.179Z", "user": 1, "content_type": 25, "object_id": "3", "object_repr": "\u0422\u0438\u043f", "action_flag": 1, "change_message": "\u0414\u043e\u0431\u0430\u0432\u043b\u0435\u043d\u043e. \u0414\u043e\u0431\u0430\u0432\u043b\u0435\u043d \u041e\u043f\u0446\u0438\u044f \u0430\u0442\u0440\u0438\u0431\u0443\u0442\u0430 \"\u0424\u0435\u043c\u0435\u043d\u0438\u0437\u0438\u0440\u043e\u0432\u0430\u043d\u043d\u044b\u0435\". \u0414\u043e\u0431\u0430\u0432\u043b\u0435\u043d \u041e\u043f\u0446\u0438\u044f \u0430\u0442\u0440\u0438\u0431\u0443\u0442\u0430 \"\u0410\u0432\u0442\u043e\u0446\u0432\u0435\u0442\u0443\u0449\u0438\u0435\". \u0414\u043e\u0431\u0430\u0432\u043b\u0435\u043d \u041e\u043f\u0446\u0438\u044f \u0430\u0442\u0440\u0438\u0431\u0443\u0442\u0430 \"\u0420\u0435\u0433\u0443\u043b\u044f\u0440\u043d\u044b\u0435\"."}}, {"model": "admin.logentry", "pk": 12, "fields": {"action_time": "2016-10-07T15:00:54.967Z", "user": 1, "content_type": 23, "object_id": "13", "object_repr": "\u0422\u0438\u043f", "action_flag": 2, "change_message": "\u0418\u0437\u043c\u0435\u043d\u0435\u043d option_group."}}, {"model": "admin.logentry", "pk": 13, "fields": {"action_time": "2016-10-07T15:01:37.907Z", "user": 1, "content_type": 27, "object_id": "2", "object_repr": "\u0422\u0438\u043f", "action_flag": 1, "change_message": "\u0414\u043e\u0431\u0430\u0432\u043b\u0435\u043d\u043e."}}, {"model": "admin.logentry", "pk": 14, "fields": {"action_time": "2016-10-07T15:04:57.273Z", "user": 1, "content_type": 25, "object_id": "4", "object_repr": "\u0425\u0430\u0440\u0430\u043a\u0442\u0435\u0440\u0438\u0441\u0442\u0438\u043a\u0438", "action_flag": 1, "change_message": "\u0414\u043e\u0431\u0430\u0432\u043b\u0435\u043d\u043e."}}, {"model": "admin.logentry", "pk": 15, "fields": {"action_time": "2016-10-07T15:05:10.268Z", "user": 1, "content_type": 23, "object_id": "15", "object_repr": "\u041a\u043b\u0438\u043c\u0430\u0442", "action_flag": 2, "change_message": "\u0418\u0437\u043c\u0435\u043d\u0435\u043d option_group."}}, {"model": "admin.logentry", "pk": 16, "fields": {"action_time": "2016-10-07T15:05:33.157Z", "user": 1, "content_type": 27, "object_id": "2", "object_repr": "\u0422\u0438\u043f", "action_flag": 3, "change_message": ""}}, {"model": "admin.logentry", "pk": 17, "fields": {"action_time": "2016-10-07T15:41:39.537Z", "user": 1, "content_type": 27, "object_id": "3", "object_repr": "\u0410\u0432\u0442\u043e\u0446\u0432\u0435\u0442\u0443\u0449\u0438\u0435", "action_flag": 1, "change_message": "\u0414\u043e\u0431\u0430\u0432\u043b\u0435\u043d\u043e."}}, {"model": "admin.logentry", "pk": 18, "fields": {"action_time": "2016-10-07T15:42:00.118Z", "user": 1, "content_type": 27, "object_id": "4", "object_repr": "\u0424\u0435\u043c\u0438\u043d\u0438\u0437\u0438\u0440\u043e\u0432\u0430\u043d\u043d\u044b\u0435", "action_flag": 1, "change_message": "\u0414\u043e\u0431\u0430\u0432\u043b\u0435\u043d\u043e."}}, {"model": "admin.logentry", "pk": 19, "fields": {"action_time": "2016-10-07T15:42:11.870Z", "user": 1, "content_type": 27, "object_id": "4", "object_repr": "\u0424\u0435\u043c\u0438\u043d\u0438\u0437\u0438\u0440\u043e\u0432\u0430\u043d\u043d\u044b\u0435", "action_flag": 2, "change_message": "\u0418\u0437\u043c\u0435\u043d\u0435\u043d type."}}, {"model": "admin.logentry", "pk": 20, "fields": {"action_time": "2016-10-07T15:42:19.397Z", "user": 1, "content_type": 27, "object_id": "5", "object_repr": "\u0420\u0435\u0433\u0443\u043b\u044f\u0440\u043d\u044b\u0435", "action_flag": 1, "change_message": "\u0414\u043e\u0431\u0430\u0432\u043b\u0435\u043d\u043e."}}, {"model": "admin.logentry", "pk": 21, "fields": {"action_time": "2016-10-08T16:13:01.486Z", "user": 1, "content_type": 27, "object_id": "6", "object_repr": "\u041a\u043b\u0438\u043c\u0430\u0442\u0438\u0447\u0435\u0441\u043a\u0438\u0435 \u0437\u043e\u043d\u044b", "action_flag": 1, "change_message": "\u0414\u043e\u0431\u0430\u0432\u043b\u0435\u043d\u043e."}}, {"model": "admin.logentry", "pk": 22, "fields": {"action_time": "2016-10-08T16:13:07.609Z", "user": 1, "content_type": 27, "object_id": "6", "object_repr": "\u041a\u043b\u0438\u043c\u0430\u0442\u0438\u0447\u0435\u0441\u043a\u0438\u0435 \u0437\u043e\u043d\u044b", "action_flag": 2, "change_message": "\u041d\u0438 \u043e\u0434\u043d\u043e \u043f\u043e\u043b\u0435 \u043d\u0435 \u0438\u0437\u043c\u0435\u043d\u0435\u043d\u043e."}}, {"model": "admin.logentry", "pk": 23, "fields": {"action_time": "2016-10-08T16:13:23.975Z", "user": 1, "content_type": 27, "object_id": "7", "object_repr": "\u041f\u0435\u0440\u0438\u043e\u0434 \u0441\u043e\u0437\u0440\u0435\u0432\u0430\u043d\u0438\u044f", "action_flag": 1, "change_message": "\u0414\u043e\u0431\u0430\u0432\u043b\u0435\u043d\u043e."}}, {"model": "admin.logentry", "pk": 24, "fields": {"action_time": "2016-10-08T16:13:33.633Z", "user": 1, "content_type": 27, "object_id": "8", "object_repr": "\u0421\u0431\u043e\u0440 \u0443\u0440\u043e\u0436\u0430\u044f", "action_flag": 1, "change_message": "\u0414\u043e\u0431\u0430\u0432\u043b\u0435\u043d\u043e."}}, {"model": "admin.logentry", "pk": 25, "fields": {"action_time": "2016-10-08T16:31:16.766Z", "user": 1, "content_type": 27, "object_id": "5", "object_repr": "\u0420\u0435\u0433\u0443\u043b\u044f\u0440\u043d\u044b\u0435", "action_flag": 3, "change_message": ""}}, {"model": "admin.logentry", "pk": 26, "fields": {"action_time": "2016-10-08T16:31:16.767Z", "user": 1, "content_type": 27, "object_id": "4", "object_repr": "\u0424\u0435\u043c\u0438\u043d\u0438\u0437\u0438\u0440\u043e\u0432\u0430\u043d\u043d\u044b\u0435", "action_flag": 3, "change_message": ""}}, {"model": "admin.logentry", "pk": 27, "fields": {"action_time": "2016-10-08T16:31:16.767Z", "user": 1, "content_type": 27, "object_id": "3", "object_repr": "\u0410\u0432\u0442\u043e\u0446\u0432\u0435\u0442\u0443\u0449\u0438\u0435", "action_flag": 3, "change_message": ""}}, {"model": "admin.logentry", "pk": 28, "fields": {"action_time": "2016-10-08T16:44:00.929Z", "user": 1, "content_type": 80, "object_id": "1", "object_repr": "nav_menu", "action_flag": 1, "change_message": "\u0414\u043e\u0431\u0430\u0432\u043b\u0435\u043d\u043e."}}, {"model": "admin.logentry", "pk": 29, "fields": {"action_time": "2016-10-08T16:44:14.564Z", "user": 1, "content_type": 80, "object_id": "2", "object_repr": "nav_menu", "action_flag": 1, "change_message": "\u0414\u043e\u0431\u0430\u0432\u043b\u0435\u043d\u043e."}}, {"model": "admin.logentry", "pk": 30, "fields": {"action_time": "2016-10-08T16:47:27.529Z", "user": 1, "content_type": 7, "object_id": "2", "object_repr": "http://31.131.24.128:8000/", "action_flag": 1, "change_message": "\u0414\u043e\u0431\u0430\u0432\u043b\u0435\u043d\u043e."}}, {"model": "admin.logentry", "pk": 31, "fields": {"action_time": "2016-10-08T16:47:37.316Z", "user": 1, "content_type": 8, "object_id": "8", "object_repr": "/rastabong/ -- Rastabong", "action_flag": 2, "change_message": "\u0418\u0437\u043c\u0435\u043d\u0435\u043d content \u0438 sites."}}, {"model": "admin.logentry", "pk": 32, "fields": {"action_time": "2016-10-08T16:48:59.877Z", "user": 1, "content_type": 8, "object_id": "8", "object_repr": "/rastabong/ -- Rastabong", "action_flag": 2, "change_message": "\u0418\u0437\u043c\u0435\u043d\u0435\u043d sites \u0438 template_name."}}, {"model": "admin.logentry", "pk": 33, "fields": {"action_time": "2016-10-08T16:49:22.661Z", "user": 1, "content_type": 8, "object_id": "8", "object_repr": "/rastabong/ -- Rastabong", "action_flag": 2, "change_message": "\u041d\u0438 \u043e\u0434\u043d\u043e \u043f\u043e\u043b\u0435 \u043d\u0435 \u0438\u0437\u043c\u0435\u043d\u0435\u043d\u043e."}}, {"model": "admin.logentry", "pk": 34, "fields": {"action_time": "2016-10-08T16:51:16.706Z", "user": 1, "content_type": 8, "object_id": "11", "object_repr": "/about/contact/ -- menu", "action_flag": 1, "change_message": "\u0414\u043e\u0431\u0430\u0432\u043b\u0435\u043d\u043e."}}, {"model": "admin.logentry", "pk": 35, "fields": {"action_time": "2016-10-08T16:52:36.516Z", "user": 1, "content_type": 7, "object_id": "3", "object_repr": "31.131.24.128:8000", "action_flag": 1, "change_message": "\u0414\u043e\u0431\u0430\u0432\u043b\u0435\u043d\u043e."}}, {"model": "admin.logentry", "pk": 36, "fields": {"action_time": "2016-10-08T16:52:40.086Z", "user": 1, "content_type": 8, "object_id": "11", "object_repr": "/about/contact/ -- menu", "action_flag": 2, "change_message": "\u0418\u0437\u043c\u0435\u043d\u0435\u043d sites."}}, {"model": "admin.logentry", "pk": 37, "fields": {"action_time": "2016-10-11T14:35:00.379Z", "user": 1, "content_type": 19, "object_id": "5", "object_repr": "Bongi", "action_flag": 2, "change_message": "\u041d\u0438 \u043e\u0434\u043d\u043e \u043f\u043e\u043b\u0435 \u043d\u0435 \u0438\u0437\u043c\u0435\u043d\u0435\u043d\u043e."}}, {"model": "admin.logentry", "pk": 38, "fields": {"action_time": "2016-10-11T14:37:58.505Z", "user": 1, "content_type": 25, "object_id": "5", "object_repr": "\u0412\u0438\u0434", "action_flag": 1, "change_message": "\u0414\u043e\u0431\u0430\u0432\u043b\u0435\u043d\u043e. \u0414\u043e\u0431\u0430\u0432\u043b\u0435\u043d \u041e\u043f\u0446\u0438\u044f \u0430\u0442\u0440\u0438\u0431\u0443\u0442\u0430 \"\u0421\u0430\u0442\u0438\u0432\u0430\". \u0414\u043e\u0431\u0430\u0432\u043b\u0435\u043d \u041e\u043f\u0446\u0438\u044f \u0430\u0442\u0440\u0438\u0431\u0443\u0442\u0430 \"\u0418\u043d\u0434\u0438\u043a\u0430\"."}}, {"model": "admin.logentry", "pk": 39, "fields": {"action_time": "2016-10-11T14:42:58.768Z", "user": 1, "content_type": 25, "object_id": "6", "object_repr": "\u0413\u0440\u043e\u0443\u0440\u0435\u043f\u043e\u0440\u0442", "action_flag": 1, "change_message": "\u0414\u043e\u0431\u0430\u0432\u043b\u0435\u043d\u043e. \u0414\u043e\u0431\u0430\u0432\u043b\u0435\u043d \u041e\u043f\u0446\u0438\u044f \u0430\u0442\u0440\u0438\u0431\u0443\u0442\u0430 \"\u0421\u043c\u043e\u0442\u0440\u0435\u0442\u044c \u0433\u0440\u043e\u0443\u0440\u0435\u043f\u043e\u0440\u0442\". \u0414\u043e\u0431\u0430\u0432\u043b\u0435\u043d \u041e\u043f\u0446\u0438\u044f \u0430\u0442\u0440\u0438\u0431\u0443\u0442\u0430 \"\u0421\u043e\u0437\u0434\u0430\u0442\u044c \u0433\u0440\u043e\u0443\u0440\u0435\u043f\u043e\u0440\u0442\"."}}, {"model": "admin.logentry", "pk": 40, "fields": {"action_time": "2016-10-11T14:48:25.683Z", "user": 1, "content_type": 18, "object_id": "2", "object_repr": "\u0421\u0435\u043c\u0435\u043d\u0430 \u043a\u043e\u043d\u043e\u043f\u043b\u0438", "action_flag": 2, "change_message": "\u0414\u043e\u0431\u0430\u0432\u043b\u0435\u043d \u0410\u0442\u0440\u0438\u0431\u0443\u0442 \u0442\u043e\u0432\u0430\u0440\u0430 \"VR\". \u0414\u043e\u0431\u0430\u0432\u043b\u0435\u043d \u0410\u0442\u0440\u0438\u0431\u0443\u0442 \u0442\u043e\u0432\u0430\u0440\u0430 \"\u0412\u0438\u0434\u0435\u043e \u043e\u0431\u0437\u043e\u0440\". \u0414\u043e\u0431\u0430\u0432\u043b\u0435\u043d \u0410\u0442\u0440\u0438\u0431\u0443\u0442 \u0442\u043e\u0432\u0430\u0440\u0430 \"\u0413\u0440\u043e\u0443\u0440\u0435\u043f\u043e\u0440\u0442\". \u0418\u0437\u043c\u0435\u043d\u0435\u043d\u044b option_group \u0434\u043b\u044f \u0410\u0442\u0440\u0438\u0431\u0443\u0442 \u0442\u043e\u0432\u0430\u0440\u0430 \"\u0412\u0438\u0434\"."}}, {"model": "admin.logentry", "pk": 41, "fields": {"action_time": "2016-10-11T14:50:36.472Z", "user": 1, "content_type": 25, "object_id": "7", "object_repr": "\u041c\u0430\u0442\u0435\u0440\u0438\u0430\u043b \u0431\u043e\u043d\u0433\u0438", "action_flag": 1, "change_message": "\u0414\u043e\u0431\u0430\u0432\u043b\u0435\u043d\u043e. \u0414\u043e\u0431\u0430\u0432\u043b\u0435\u043d \u041e\u043f\u0446\u0438\u044f \u0430\u0442\u0440\u0438\u0431\u0443\u0442\u0430 \"\u0421\u0442\u0435\u043a\u043b\u043e\". \u0414\u043e\u0431\u0430\u0432\u043b\u0435\u043d \u041e\u043f\u0446\u0438\u044f \u0430\u0442\u0440\u0438\u0431\u0443\u0442\u0430 \"\u0410\u043a\u0440\u0438\u043b\"."}}, {"model": "admin.logentry", "pk": 42, "fields": {"action_time": "2016-10-11T14:59:02.480Z", "user": 1, "content_type": 25, "object_id": "8", "object_repr": "VR photo", "action_flag": 1, "change_message": "\u0414\u043e\u0431\u0430\u0432\u043b\u0435\u043d\u043e. \u0414\u043e\u0431\u0430\u0432\u043b\u0435\u043d \u041e\u043f\u0446\u0438\u044f \u0430\u0442\u0440\u0438\u0431\u0443\u0442\u0430 \"VR view\"."}}, {"model": "admin.logentry", "pk": 43, "fields": {"action_time": "2016-10-11T15:01:23.294Z", "user": 1, "content_type": 25, "object_id": "9", "object_repr": "\u0412\u0438\u0434\u0435\u043e \u043e\u0431\u0437\u043e\u0440", "action_flag": 1, "change_message": "\u0414\u043e\u0431\u0430\u0432\u043b\u0435\u043d\u043e. \u0414\u043e\u0431\u0430\u0432\u043b\u0435\u043d \u041e\u043f\u0446\u0438\u044f \u0430\u0442\u0440\u0438\u0431\u0443\u0442\u0430 \"Youtube \u043e\u0431\u0437\u043e\u0440\u044b\"."}}, {"model": "admin.logentry", "pk": 44, "fields": {"action_time": "2016-10-11T15:04:15.556Z", "user": 1, "content_type": 25, "object_id": "10", "object_repr": "\u0414\u043e\u043f\u043e\u043b\u043d\u0438\u0442\u0435\u043b\u044c\u043d\u043e \u0431\u043e\u043d\u0433\u0438", "action_flag": 1, "change_message": "\u0414\u043e\u0431\u0430\u0432\u043b\u0435\u043d\u043e. \u0414\u043e\u0431\u0430\u0432\u043b\u0435\u043d \u041e\u043f\u0446\u0438\u044f \u0430\u0442\u0440\u0438\u0431\u0443\u0442\u0430 \"Icebong\". \u0414\u043e\u0431\u0430\u0432\u043b\u0435\u043d \u041e\u043f\u0446\u0438\u044f \u0430\u0442\u0440\u0438\u0431\u0443\u0442\u0430 \"Perco\". \u0414\u043e\u0431\u0430\u0432\u043b\u0435\u043d \u041e\u043f\u0446\u0438\u044f \u0430\u0442\u0440\u0438\u0431\u0443\u0442\u0430 \"\u041f\u0440\u0435\u043a\u0443\u043b\u043b\u0435\u0440\"."}}, {"model": "admin.logentry", "pk": 45, "fields": {"action_time": "2016-10-11T15:05:09.781Z", "user": 1, "content_type": 18, "object_id": "3", "object_repr": "\u0411\u043e\u043d\u0433\u0438", "action_flag": 1, "change_message": "\u0414\u043e\u0431\u0430\u0432\u043b\u0435\u043d\u043e. \u0414\u043e\u0431\u0430\u0432\u043b\u0435\u043d \u0410\u0442\u0440\u0438\u0431\u0443\u0442 \u0442\u043e\u0432\u0430\u0440\u0430 \"\u041c\u0430\u0442\u0435\u0440\u0438\u0430\u043b\". \u0414\u043e\u0431\u0430\u0432\u043b\u0435\u043d \u0410\u0442\u0440\u0438\u0431\u0443\u0442 \u0442\u043e\u0432\u0430\u0440\u0430 \"\u0412\u044b\u0441\u043e\u0442\u0430\". \u0414\u043e\u0431\u0430\u0432\u043b\u0435\u043d \u0410\u0442\u0440\u0438\u0431\u0443\u0442 \u0442\u043e\u0432\u0430\u0440\u0430 \"\u0414\u043e\u043f\u043e\u043b\u043d\u0438\u0442\u0435\u043b\u044c\u043d\u043e\". \u0414\u043e\u0431\u0430\u0432\u043b\u0435\u043d \u0410\u0442\u0440\u0438\u0431\u0443\u0442 \u0442\u043e\u0432\u0430\u0440\u0430 \"VR\". \u0414\u043e\u0431\u0430\u0432\u043b\u0435\u043d \u0410\u0442\u0440\u0438\u0431\u0443\u0442 \u0442\u043e\u0432\u0430\u0440\u0430 \"\u0412\u0438\u0434\u0435\u043e \u043e\u0431\u0437\u043e\u0440\"."}}, {"model": "admin.logentry", "pk": 46, "fields": {"action_time": "2016-10-11T17:44:02.877Z", "user": 1, "content_type": 8, "object_id": "3", "object_repr": "/catalogue/category/growblog/growreport_8//blackjack-growreport/ -- Blackjack growreport", "action_flag": 3, "change_message": ""}}, {"model": "admin.logentry", "pk": 47, "fields": {"action_time": "2016-10-11T17:44:02.878Z", "user": 1, "content_type": 8, "object_id": "4", "object_repr": "/catalogue/category/growblog/news_10//novost/ -- Novost", "action_flag": 3, "change_message": ""}}, {"model": "admin.logentry", "pk": 48, "fields": {"action_time": "2016-10-11T17:44:02.878Z", "user": 1, "content_type": 8, "object_id": "1", "object_repr": "/catalogue/category/help-pages_6//about-us/ -- About us", "action_flag": 3, "change_message": ""}}, {"model": "admin.logentry", "pk": 49, "fields": {"action_time": "2016-10-11T17:44:02.878Z", "user": 1, "content_type": 8, "object_id": "2", "object_repr": "/catalogue/category/semena-konopli_1//blackjack/ -- Blackjack", "action_flag": 3, "change_message": ""}}, {"model": "admin.logentry", "pk": 50, "fields": {"action_time": "2016-10-11T17:44:02.879Z", "user": 1, "content_type": 8, "object_id": "7", "object_repr": "/catalogue/category/udobreniya_4//flora-nova-bloom/ -- Flora Nova Bloom", "action_flag": 3, "change_message": ""}}, {"model": "admin.logentry", "pk": 51, "fields": {"action_time": "2016-10-11T17:44:02.879Z", "user": 1, "content_type": 8, "object_id": "9", "object_repr": "/dnat-lampa-400-vt/ -- \u0414\u043d\u0430\u0442 \u043b\u0430\u043c\u043f\u0430 400 \u0412\u0442", "action_flag": 3, "change_message": ""}}, {"model": "admin.logentry", "pk": 52, "fields": {"action_time": "2016-10-11T17:44:02.880Z", "user": 1, "content_type": 8, "object_id": "10", "object_repr": "/kreativ/ -- \u041a\u0440\u0435\u0430\u0442\u0438\u0432", "action_flag": 3, "change_message": ""}}, {"model": "admin.logentry", "pk": 53, "fields": {"action_time": "2016-10-11T17:44:02.880Z", "user": 1, "content_type": 8, "object_id": "5", "object_repr": "/star-weeds-episode-1/ -- Star Weeds Episode 1", "action_flag": 3, "change_message": ""}}, {"model": "admin.logentry", "pk": 54, "fields": {"action_time": "2016-10-11T17:47:15.590Z", "user": 1, "content_type": 8, "object_id": "12", "object_repr": "/team/ -- team", "action_flag": 1, "change_message": "\u0414\u043e\u0431\u0430\u0432\u043b\u0435\u043d\u043e."}}, {"model": "admin.logentry", "pk": 55, "fields": {"action_time": "2016-10-12T18:39:57.993Z", "user": 1, "content_type": 18, "object_id": "4", "object_repr": "\u0423\u0434\u043e\u0431\u0440\u0435\u043d\u0438\u044f", "action_flag": 1, "change_message": "\u0414\u043e\u0431\u0430\u0432\u043b\u0435\u043d\u043e."}}, {"model": "admin.logentry", "pk": 56, "fields": {"action_time": "2016-10-12T18:40:27.844Z", "user": 1, "content_type": 18, "object_id": "5", "object_repr": "\u0410\u0433\u0440\u043e\u0442\u0435\u0445\u043d\u0438\u043a\u0430", "action_flag": 1, "change_message": "\u0414\u043e\u0431\u0430\u0432\u043b\u0435\u043d\u043e."}}, {"model": "admin.logentry", "pk": 57, "fields": {"action_time": "2016-10-12T19:07:50.969Z", "user": 1, "content_type": 18, "object_id": "5", "object_repr": "\u0410\u0433\u0440\u043e\u0442\u0435\u0445\u043d\u0438\u043a\u0430", "action_flag": 3, "change_message": ""}}, {"model": "admin.logentry", "pk": 58, "fields": {"action_time": "2016-10-12T19:10:22.742Z", "user": 1, "content_type": 19, "object_id": "3", "object_repr": "Oborudovanie", "action_flag": 2, "change_message": "\u041d\u0438 \u043e\u0434\u043d\u043e \u043f\u043e\u043b\u0435 \u043d\u0435 \u0438\u0437\u043c\u0435\u043d\u0435\u043d\u043e."}}, {"model": "admin.logentry", "pk": 59, "fields": {"action_time": "2016-10-12T19:11:22.025Z", "user": 1, "content_type": 19, "object_id": "26", "object_repr": "Oborudovanie > \u041b\u0430\u043c\u043f\u044b", "action_flag": 1, "change_message": "\u0414\u043e\u0431\u0430\u0432\u043b\u0435\u043d\u043e."}}, {"model": "admin.logentry", "pk": 60, "fields": {"action_time": "2016-10-12T19:20:17.177Z", "user": 1, "content_type": 19, "object_id": "27", "object_repr": "Oborudovanie > \u041e\u0441\u0432\u0435\u0449\u0435\u043d\u0438\u0435", "action_flag": 1, "change_message": "\u0414\u043e\u0431\u0430\u0432\u043b\u0435\u043d\u043e."}}, {"model": "admin.logentry", "pk": 61, "fields": {"action_time": "2016-10-12T19:21:36.171Z", "user": 1, "content_type": 19, "object_id": "27", "object_repr": "Oborudovanie > \u041e\u0441\u0432\u0435\u0449\u0435\u043d\u0438\u0435", "action_flag": 2, "change_message": "\u0418\u0437\u043c\u0435\u043d\u0435\u043d slug."}}, {"model": "admin.logentry", "pk": 62, "fields": {"action_time": "2016-10-12T19:22:45.290Z", "user": 1, "content_type": 19, "object_id": "28", "object_repr": "Oborudovanie > \u041e\u0441\u0432\u0435\u0449\u0435\u043d\u0438\u0435 > \u041f\u0420\u0410/\u042d\u041f\u0420\u0410", "action_flag": 1, "change_message": "\u0414\u043e\u0431\u0430\u0432\u043b\u0435\u043d\u043e."}}, {"model": "admin.logentry", "pk": 63, "fields": {"action_time": "2016-10-12T19:25:30.602Z", "user": 1, "content_type": 19, "object_id": "29", "object_repr": "Oborudovanie > \u041e\u0441\u0432\u0435\u0449\u0435\u043d\u0438\u0435 > LED", "action_flag": 1, "change_message": "\u0414\u043e\u0431\u0430\u0432\u043b\u0435\u043d\u043e."}}, {"model": "admin.logentry", "pk": 64, "fields": {"action_time": "2016-10-12T19:26:50.384Z", "user": 1, "content_type": 19, "object_id": "30", "object_repr": "Oborudovanie > \u041e\u0441\u0432\u0435\u0449\u0435\u043d\u0438\u0435 > \u041e\u0442\u0440\u0430\u0436\u0430\u0442\u0435\u043b\u0438", "action_flag": 1, "change_message": "\u0414\u043e\u0431\u0430\u0432\u043b\u0435\u043d\u043e."}}, {"model": "admin.logentry", "pk": 65, "fields": {"action_time": "2016-10-12T19:27:30.482Z", "user": 1, "content_type": 19, "object_id": "31", "object_repr": "Oborudovanie > \u041e\u0441\u0432\u0435\u0449\u0435\u043d\u0438\u0435 > Cooltube", "action_flag": 1, "change_message": "\u0414\u043e\u0431\u0430\u0432\u043b\u0435\u043d\u043e."}}, {"model": "admin.logentry", "pk": 66, "fields": {"action_time": "2016-10-13T08:22:41.879Z", "user": 1, "content_type": 19, "object_id": "32", "object_repr": "Oborudovanie > \u0412\u0435\u043d\u0442\u0438\u043b\u044f\u0446\u0438\u044f", "action_flag": 1, "change_message": "\u0414\u043e\u0431\u0430\u0432\u043b\u0435\u043d\u043e."}}, {"model": "admin.logentry", "pk": 67, "fields": {"action_time": "2016-10-13T08:23:32.790Z", "user": 1, "content_type": 19, "object_id": "33", "object_repr": "Oborudovanie > \u0410\u0432\u0442\u043e\u043c\u0430\u0442\u0438\u043a\u0430", "action_flag": 1, "change_message": "\u0414\u043e\u0431\u0430\u0432\u043b\u0435\u043d\u043e."}}, {"model": "admin.logentry", "pk": 68, "fields": {"action_time": "2016-10-13T08:24:28.428Z", "user": 1, "content_type": 19, "object_id": "34", "object_repr": "Oborudovanie > \u041e\u0441\u0432\u0435\u0449\u0435\u043d\u0438\u0435 > \u041f\u043b\u0435\u043d\u043a\u0430", "action_flag": 1, "change_message": "\u0414\u043e\u0431\u0430\u0432\u043b\u0435\u043d\u043e."}}, {"model": "admin.logentry", "pk": 69, "fields": {"action_time": "2016-10-13T08:24:33.446Z", "user": 1, "content_type": 19, "object_id": "34", "object_repr": "Oborudovanie > \u041e\u0441\u0432\u0435\u0449\u0435\u043d\u0438\u0435 > \u041f\u043b\u0435\u043d\u043a\u0430", "action_flag": 2, "change_message": "\u041d\u0438 \u043e\u0434\u043d\u043e \u043f\u043e\u043b\u0435 \u043d\u0435 \u0438\u0437\u043c\u0435\u043d\u0435\u043d\u043e."}}, {"model": "admin.logentry", "pk": 70, "fields": {"action_time": "2016-10-13T08:27:14.241Z", "user": 1, "content_type": 19, "object_id": "35", "object_repr": "Oborudovanie > \u0412\u0435\u043d\u0442\u0438\u043b\u044f\u0446\u0438\u044f > \u0412\u0435\u043d\u0442\u0438\u043b\u044f\u0442\u043e\u0440\u044b", "action_flag": 1, "change_message": "\u0414\u043e\u0431\u0430\u0432\u043b\u0435\u043d\u043e."}}, {"model": "admin.logentry", "pk": 71, "fields": {"action_time": "2016-10-13T08:28:33.226Z", "user": 1, "content_type": 19, "object_id": "36", "object_repr": "Oborudovanie > \u0412\u0435\u043d\u0442\u0438\u043b\u044f\u0446\u0438\u044f > \u0410\u0432\u0442\u043e\u043c\u0430\u0442\u0438\u043a\u0430", "action_flag": 1, "change_message": "\u0414\u043e\u0431\u0430\u0432\u043b\u0435\u043d\u043e."}}, {"model": "admin.logentry", "pk": 72, "fields": {"action_time": "2016-10-13T08:29:27.682Z", "user": 1, "content_type": 19, "object_id": "37", "object_repr": "Oborudovanie > \u0412\u0435\u043d\u0442\u0438\u043b\u044f\u0446\u0438\u044f > \u0424\u0438\u043b\u044c\u0442\u0440\u0430\u0446\u0438\u044f", "action_flag": 1, "change_message": "\u0414\u043e\u0431\u0430\u0432\u043b\u0435\u043d\u043e."}}, {"model": "admin.logentry", "pk": 73, "fields": {"action_time": "2016-10-13T08:31:13.973Z", "user": 1, "content_type": 19, "object_id": "3", "object_repr": "Oborudovanie", "action_flag": 2, "change_message": "\u041d\u0438 \u043e\u0434\u043d\u043e \u043f\u043e\u043b\u0435 \u043d\u0435 \u0438\u0437\u043c\u0435\u043d\u0435\u043d\u043e."}}, {"model": "admin.logentry", "pk": 74, "fields": {"action_time": "2016-10-13T08:32:09.944Z", "user": 1, "content_type": 19, "object_id": "38", "object_repr": "Oborudovanie > \u0412\u0435\u043d\u0442\u0438\u043b\u044f\u0446\u0438\u044f > \u041d\u0435\u0439\u0442\u0440\u0430\u043b\u0438\u0437\u0430\u0446\u0438\u044f \u0437\u0430\u043f\u0430\u0445\u0430", "action_flag": 1, "change_message": "\u0414\u043e\u0431\u0430\u0432\u043b\u0435\u043d\u043e."}}, {"model": "admin.logentry", "pk": 75, "fields": {"action_time": "2016-10-13T08:33:26.876Z", "user": 1, "content_type": 19, "object_id": "39", "object_repr": "Oborudovanie > \u0412\u0435\u043d\u0442\u0438\u043b\u044f\u0446\u0438\u044f > \u0428\u0443\u043c\u043e\u0438\u0437\u043e\u043b\u044f\u0446\u0438\u044f", "action_flag": 1, "change_message": "\u0414\u043e\u0431\u0430\u0432\u043b\u0435\u043d\u043e."}}, {"model": "admin.logentry", "pk": 76, "fields": {"action_time": "2016-10-13T08:34:52.522Z", "user": 1, "content_type": 19, "object_id": "40", "object_repr": "Oborudovanie > \u0412\u0435\u043d\u0442\u0438\u043b\u044f\u0446\u0438\u044f > \u0410\u043a\u0441\u0435\u0441\u0441\u0443\u0430\u0440\u044b \u0432\u0435\u043d\u0442\u0438\u043b\u044f\u0446\u0438\u0438", "action_flag": 1, "change_message": "\u0414\u043e\u0431\u0430\u0432\u043b\u0435\u043d\u043e."}}, {"model": "admin.logentry", "pk": 77, "fields": {"action_time": "2016-10-13T08:36:07.732Z", "user": 1, "content_type": 19, "object_id": "41", "object_repr": "Oborudovanie > PH-\u043c\u0435\u0442\u0440\u044b", "action_flag": 1, "change_message": "\u0414\u043e\u0431\u0430\u0432\u043b\u0435\u043d\u043e."}}, {"model": "admin.logentry", "pk": 78, "fields": {"action_time": "2016-10-13T08:37:28.726Z", "user": 1, "content_type": 19, "object_id": "42", "object_repr": "Oborudovanie > \u0418\u0437\u043c\u0435\u0440\u0438\u0442\u0435\u043b\u044c\u043d\u044b\u0435 \u043f\u0440\u0438\u0431\u043e\u0440\u044b", "action_flag": 1, "change_message": "\u0414\u043e\u0431\u0430\u0432\u043b\u0435\u043d\u043e."}}, {"model": "admin.logentry", "pk": 79, "fields": {"action_time": "2016-10-13T08:38:22.818Z", "user": 1, "content_type": 19, "object_id": "42", "object_repr": "Oborudovanie > \u0418\u0437\u043c\u0435\u0440\u0438\u0442\u0435\u043b\u044c\u043d\u044b\u0435 \u043f\u0440\u0438\u0431\u043e\u0440\u044b", "action_flag": 2, "change_message": "\u0418\u0437\u043c\u0435\u043d\u0435\u043d _position \u0438 _ref_node_id."}}, {"model": "admin.logentry", "pk": 80, "fields": {"action_time": "2016-10-13T08:39:24.229Z", "user": 1, "content_type": 19, "object_id": "27", "object_repr": "Oborudovanie > \u041e\u0441\u0432\u0435\u0449\u0435\u043d\u0438\u0435", "action_flag": 2, "change_message": "\u0418\u0437\u043c\u0435\u043d\u0435\u043d _position \u0438 _ref_node_id."}}, {"model": "admin.logentry", "pk": 81, "fields": {"action_time": "2016-10-13T08:40:19.029Z", "user": 1, "content_type": 19, "object_id": "43", "object_repr": "Oborudovanie > \u0418\u0437\u043c\u0435\u0440\u0438\u0442\u0435\u043b\u044c\u043d\u044b\u0435 \u043f\u0440\u0438\u0431\u043e\u0440\u044b > ES | TDS \u043c\u0435\u0442\u0440\u044b", "action_flag": 1, "change_message": "\u0414\u043e\u0431\u0430\u0432\u043b\u0435\u043d\u043e."}}, {"model": "admin.logentry", "pk": 82, "fields": {"action_time": "2016-10-13T10:20:36.202Z", "user": 1, "content_type": 19, "object_id": "44", "object_repr": "Udobreniya > \u0411\u0440\u0435\u043d\u0434\u044b", "action_flag": 1, "change_message": "\u0414\u043e\u0431\u0430\u0432\u043b\u0435\u043d\u043e."}}, {"model": "admin.logentry", "pk": 83, "fields": {"action_time": "2016-10-13T10:22:32.334Z", "user": 1, "content_type": 19, "object_id": "16", "object_repr": "\u0421\u0435\u043c\u0435\u043d\u0430 \u043a\u043e\u043d\u043e\u043f\u043b\u0438 > Seed-banks", "action_flag": 2, "change_message": "\u0418\u0437\u043c\u0435\u043d\u0435\u043d name \u0438 slug."}}, {"model": "admin.logentry", "pk": 84, "fields": {"action_time": "2016-10-13T10:30:49.355Z", "user": 1, "content_type": 19, "object_id": "3", "object_repr": "\u041e\u0431\u043e\u0440\u0443\u0434\u043e\u0432\u0430\u043d\u0438\u0435", "action_flag": 2, "change_message": "\u0418\u0437\u043c\u0435\u043d\u0435\u043d name."}}, {"model": "admin.logentry", "pk": 85, "fields": {"action_time": "2016-10-13T10:36:46.609Z", "user": 1, "content_type": 19, "object_id": "45", "object_repr": "\u041e\u0431\u043e\u0440\u0443\u0434\u043e\u0432\u0430\u043d\u0438\u0435 > \u0413\u0440\u043e\u0443\u0431\u043e\u043a\u0441\u044b", "action_flag": 1, "change_message": "\u0414\u043e\u0431\u0430\u0432\u043b\u0435\u043d\u043e."}}, {"model": "admin.logentry", "pk": 86, "fields": {"action_time": "2016-10-13T10:44:18.927Z", "user": 1, "content_type": 19, "object_id": "46", "object_repr": "\u041e\u0431\u043e\u0440\u0443\u0434\u043e\u0432\u0430\u043d\u0438\u0435 > \u041e\u0441\u0432\u0435\u0449\u0435\u043d\u0438\u0435 > \u0417\u0430\u043f\u0447\u0430\u0441\u0442\u0438", "action_flag": 1, "change_message": "\u0414\u043e\u0431\u0430\u0432\u043b\u0435\u043d\u043e."}}, {"model": "admin.logentry", "pk": 87, "fields": {"action_time": "2016-10-13T10:44:56.327Z", "user": 1, "content_type": 19, "object_id": "21", "object_repr": "\u041e\u0431\u043e\u0440\u0443\u0434\u043e\u0432\u0430\u043d\u0438\u0435 > \u0413\u0438\u0434\u0440\u043e\u043f\u043e\u043d\u0438\u043a\u0430", "action_flag": 2, "change_message": "\u0418\u0437\u043c\u0435\u043d\u0435\u043d _ref_node_id."}}, {"model": "admin.logentry", "pk": 88, "fields": {"action_time": "2016-10-13T10:45:39.055Z", "user": 1, "content_type": 19, "object_id": "42", "object_repr": "\u041e\u0431\u043e\u0440\u0443\u0434\u043e\u0432\u0430\u043d\u0438\u0435 > \u0418\u0437\u043c\u0435\u0440\u0438\u0442\u0435\u043b\u044c\u043d\u044b\u0435 \u043f\u0440\u0438\u0431\u043e\u0440\u044b", "action_flag": 2, "change_message": "\u041d\u0438 \u043e\u0434\u043d\u043e \u043f\u043e\u043b\u0435 \u043d\u0435 \u0438\u0437\u043c\u0435\u043d\u0435\u043d\u043e."}}, {"model": "admin.logentry", "pk": 89, "fields": {"action_time": "2016-10-13T10:46:35.496Z", "user": 1, "content_type": 19, "object_id": "23", "object_repr": "Udobreniya > \u0418\u0437\u043c\u0435\u0440\u0438\u0442\u0435\u043b\u044c\u043d\u044b\u0435 \u043f\u0440\u0438\u0431\u043e\u0440\u044b", "action_flag": 2, "change_message": "\u0418\u0437\u043c\u0435\u043d\u0435\u043d _position."}}, {"model": "admin.logentry", "pk": 90, "fields": {"action_time": "2016-10-13T10:47:13.352Z", "user": 1, "content_type": 19, "object_id": "22", "object_repr": "\u041e\u0431\u043e\u0440\u0443\u0434\u043e\u0432\u0430\u043d\u0438\u0435 > \u0421\u0443\u0431\u0441\u0442\u0440\u0430\u0442\u044b", "action_flag": 2, "change_message": "\u0418\u0437\u043c\u0435\u043d\u0435\u043d _ref_node_id."}}, {"model": "admin.logentry", "pk": 91, "fields": {"action_time": "2016-10-13T10:52:51.388Z", "user": 1, "content_type": 19, "object_id": "47", "object_repr": "\u041e\u0431\u043e\u0440\u0443\u0434\u043e\u0432\u0430\u043d\u0438\u0435 > \u0422\u0430\u0440\u0430", "action_flag": 1, "change_message": "\u0414\u043e\u0431\u0430\u0432\u043b\u0435\u043d\u043e."}}, {"model": "admin.logentry", "pk": 92, "fields": {"action_time": "2016-10-13T10:53:19.802Z", "user": 1, "content_type": 19, "object_id": "25", "object_repr": "\u041e\u0431\u043e\u0440\u0443\u0434\u043e\u0432\u0430\u043d\u0438\u0435 > \u041f\u043e\u043b\u0435\u0437\u043d\u044b\u0435 \u0442\u043e\u0432\u0430\u0440\u044b", "action_flag": 2, "change_message": "\u0418\u0437\u043c\u0435\u043d\u0435\u043d _ref_node_id."}}, {"model": "admin.logentry", "pk": 93, "fields": {"action_time": "2016-10-13T10:53:39.110Z", "user": 1, "content_type": 19, "object_id": "24", "object_repr": "\u041e\u0431\u043e\u0440\u0443\u0434\u043e\u0432\u0430\u043d\u0438\u0435 > \u0413\u043e\u0442\u043e\u0432\u044b\u0435 \u043d\u0430\u0431\u043e\u0440\u044b", "action_flag": 2, "change_message": "\u0418\u0437\u043c\u0435\u043d\u0435\u043d _ref_node_id."}}, {"model": "admin.logentry", "pk": 94, "fields": {"action_time": "2016-10-13T11:26:34.497Z", "user": 1, "content_type": 19, "object_id": "46", "object_repr": "\u041e\u0431\u043e\u0440\u0443\u0434\u043e\u0432\u0430\u043d\u0438\u0435 > \u041e\u0441\u0432\u0435\u0449\u0435\u043d\u0438\u0435 > \u0410\u043a\u0441\u0435\u0441\u0441\u0443\u0430\u0440\u044b", "action_flag": 2, "change_message": "\u0418\u0437\u043c\u0435\u043d\u0435\u043d name \u0438 slug."}}, {"model": "admin.logentry", "pk": 95, "fields": {"action_time": "2016-10-13T11:26:44.069Z", "user": 1, "content_type": 19, "object_id": "40", "object_repr": "\u041e\u0431\u043e\u0440\u0443\u0434\u043e\u0432\u0430\u043d\u0438\u0435 > \u0412\u0435\u043d\u0442\u0438\u043b\u044f\u0446\u0438\u044f > \u0410\u043a\u0441\u0435\u0441\u0441\u0443\u0430\u0440\u044b \u0432\u0435\u043d\u0442\u0438\u043b\u044f\u0446\u0438\u0438", "action_flag": 2, "change_message": "\u041d\u0438 \u043e\u0434\u043d\u043e \u043f\u043e\u043b\u0435 \u043d\u0435 \u0438\u0437\u043c\u0435\u043d\u0435\u043d\u043e."}}, {"model": "admin.logentry", "pk": 96, "fields": {"action_time": "2016-10-13T11:28:51.621Z", "user": 1, "content_type": 19, "object_id": "48", "object_repr": "\u041e\u0431\u043e\u0440\u0443\u0434\u043e\u0432\u0430\u043d\u0438\u0435 > \u0418\u0437\u043c\u0435\u0440\u0438\u0442\u0435\u043b\u044c\u043d\u044b\u0435 \u043f\u0440\u0438\u0431\u043e\u0440\u044b > \u041a\u0430\u043b\u0438\u0431\u0440\u043e\u0432\u043a\u0430", "action_flag": 1, "change_message": "\u0414\u043e\u0431\u0430\u0432\u043b\u0435\u043d\u043e."}}, {"model": "admin.logentry", "pk": 97, "fields": {"action_time": "2016-10-13T11:29:08.487Z", "user": 1, "content_type": 19, "object_id": "43", "object_repr": "\u041e\u0431\u043e\u0440\u0443\u0434\u043e\u0432\u0430\u043d\u0438\u0435 > \u0418\u0437\u043c\u0435\u0440\u0438\u0442\u0435\u043b\u044c\u043d\u044b\u0435 \u043f\u0440\u0438\u0431\u043e\u0440\u044b > ES/TDS \u043c\u0435\u0442\u0440\u044b", "action_flag": 2, "change_message": "\u0418\u0437\u043c\u0435\u043d\u0435\u043d name."}}, {"model": "admin.logentry", "pk": 98, "fields": {"action_time": "2016-10-13T11:29:20.641Z", "user": 1, "content_type": 19, "object_id": "41", "object_repr": "\u041e\u0431\u043e\u0440\u0443\u0434\u043e\u0432\u0430\u043d\u0438\u0435 > \u0418\u0437\u043c\u0435\u0440\u0438\u0442\u0435\u043b\u044c\u043d\u044b\u0435 \u043f\u0440\u0438\u0431\u043e\u0440\u044b > PH-\u043c\u0435\u0442\u0440\u044b", "action_flag": 2, "change_message": "\u041d\u0438 \u043e\u0434\u043d\u043e \u043f\u043e\u043b\u0435 \u043d\u0435 \u0438\u0437\u043c\u0435\u043d\u0435\u043d\u043e."}}, {"model": "admin.logentry", "pk": 99, "fields": {"action_time": "2016-10-13T11:31:20.037Z", "user": 1, "content_type": 19, "object_id": "49", "object_repr": "\u041e\u0431\u043e\u0440\u0443\u0434\u043e\u0432\u0430\u043d\u0438\u0435 > \u0418\u0437\u043c\u0435\u0440\u0438\u0442\u0435\u043b\u044c\u043d\u044b\u0435 \u043f\u0440\u0438\u0431\u043e\u0440\u044b > \u0412\u0435\u0441\u044b", "action_flag": 1, "change_message": "\u0414\u043e\u0431\u0430\u0432\u043b\u0435\u043d\u043e."}}, {"model": "admin.logentry", "pk": 100, "fields": {"action_time": "2016-10-13T11:36:26.876Z", "user": 1, "content_type": 19, "object_id": "49", "object_repr": "\u041e\u0431\u043e\u0440\u0443\u0434\u043e\u0432\u0430\u043d\u0438\u0435 > \u0418\u0437\u043c\u0435\u0440\u0438\u0442\u0435\u043b\u044c\u043d\u044b\u0435 \u043f\u0440\u0438\u0431\u043e\u0440\u044b > \u0420\u0430\u0437\u043d\u043e\u0435", "action_flag": 2, "change_message": "\u0418\u0437\u043c\u0435\u043d\u0435\u043d name \u0438 slug."}}, {"model": "admin.logentry", "pk": 101, "fields": {"action_time": "2016-10-13T11:36:37.255Z", "user": 1, "content_type": 19, "object_id": "48", "object_repr": "\u041e\u0431\u043e\u0440\u0443\u0434\u043e\u0432\u0430\u043d\u0438\u0435 > \u0418\u0437\u043c\u0435\u0440\u0438\u0442\u0435\u043b\u044c\u043d\u044b\u0435 \u043f\u0440\u0438\u0431\u043e\u0440\u044b > \u041a\u0430\u043b\u0438\u0431\u0440\u043e\u0432\u043a\u0430", "action_flag": 2, "change_message": "\u0418\u0437\u043c\u0435\u043d\u0435\u043d _ref_node_id."}}, {"model": "admin.logentry", "pk": 102, "fields": {"action_time": "2016-10-13T11:38:53.156Z", "user": 1, "content_type": 19, "object_id": "50", "object_repr": "\u041e\u0431\u043e\u0440\u0443\u0434\u043e\u0432\u0430\u043d\u0438\u0435 > \u0421\u0443\u0431\u0441\u0442\u0440\u0430\u0442\u044b > \u041a\u043e\u043a\u043e\u0441\u043e\u0432\u044b\u0439 \u0441\u0443\u0431\u0441\u0442\u0440\u0430\u0442", "action_flag": 1, "change_message": "\u0414\u043e\u0431\u0430\u0432\u043b\u0435\u043d\u043e."}}, {"model": "admin.logentry", "pk": 103, "fields": {"action_time": "2016-10-13T11:40:38.955Z", "user": 1, "content_type": 19, "object_id": "51", "object_repr": "\u041e\u0431\u043e\u0440\u0443\u0434\u043e\u0432\u0430\u043d\u0438\u0435 > \u0421\u0443\u0431\u0441\u0442\u0440\u0430\u0442\u044b > \u041c\u0438\u043d\u0432\u0430\u0442\u0430", "action_flag": 1, "change_message": "\u0414\u043e\u0431\u0430\u0432\u043b\u0435\u043d\u043e."}}, {"model": "admin.logentry", "pk": 104, "fields": {"action_time": "2016-10-13T11:41:04.542Z", "user": 1, "content_type": 19, "object_id": "51", "object_repr": "\u041e\u0431\u043e\u0440\u0443\u0434\u043e\u0432\u0430\u043d\u0438\u0435 > \u0421\u0443\u0431\u0441\u0442\u0440\u0430\u0442\u044b > \u041c\u0438\u043d\u0432\u0430\u0442\u0430", "action_flag": 2, "change_message": "\u0418\u0437\u043c\u0435\u043d\u0435\u043d _position \u0438 _ref_node_id."}}, {"model": "admin.logentry", "pk": 105, "fields": {"action_time": "2016-10-13T11:48:25.475Z", "user": 1, "content_type": 19, "object_id": "52", "object_repr": "\u041e\u0431\u043e\u0440\u0443\u0434\u043e\u0432\u0430\u043d\u0438\u0435 > \u0421\u0443\u0431\u0441\u0442\u0440\u0430\u0442\u044b > \u0417\u0435\u043c\u043b\u044f", "action_flag": 1, "change_message": "\u0414\u043e\u0431\u0430\u0432\u043b\u0435\u043d\u043e."}}, {"model": "admin.logentry", "pk": 106, "fields": {"action_time": "2016-10-13T11:48:57.352Z", "user": 1, "content_type": 19, "object_id": "53", "object_repr": "\u041e\u0431\u043e\u0440\u0443\u0434\u043e\u0432\u0430\u043d\u0438\u0435 > \u0421\u0443\u0431\u0441\u0442\u0440\u0430\u0442\u044b > \u041a\u0435\u0440\u0430\u043c\u0437\u0438\u0442", "action_flag": 1, "change_message": "\u0414\u043e\u0431\u0430\u0432\u043b\u0435\u043d\u043e."}}, {"model": "admin.logentry", "pk": 107, "fields": {"action_time": "2016-10-13T12:04:33.581Z", "user": 1, "content_type": 19, "object_id": "54", "object_repr": "\u041e\u0431\u043e\u0440\u0443\u0434\u043e\u0432\u0430\u043d\u0438\u0435 > \u0421\u0443\u0431\u0441\u0442\u0440\u0430\u0442\u044b > \u041f\u043e\u0447\u0432\u043e\u0443\u043b\u0443\u0447\u0448\u0438\u0442\u0435\u043b\u0438", "action_flag": 1, "change_message": "\u0414\u043e\u0431\u0430\u0432\u043b\u0435\u043d\u043e."}}, {"model": "admin.logentry", "pk": 108, "fields": {"action_time": "2016-10-13T12:06:01.078Z", "user": 1, "content_type": 19, "object_id": "55", "object_repr": "\u041e\u0431\u043e\u0440\u0443\u0434\u043e\u0432\u0430\u043d\u0438\u0435 > \u0421\u0443\u0431\u0441\u0442\u0440\u0430\u0442\u044b > \u0423\u043a\u043e\u0440\u0435\u043d\u0435\u043d\u0438\u0435", "action_flag": 1, "change_message": "\u0414\u043e\u0431\u0430\u0432\u043b\u0435\u043d\u043e."}}, {"model": "admin.logentry", "pk": 109, "fields": {"action_time": "2016-10-13T12:07:43.494Z", "user": 1, "content_type": 19, "object_id": "23", "object_repr": "\u041e\u0431\u043e\u0440\u0443\u0434\u043e\u0432\u0430\u043d\u0438\u0435 > \u0418\u0437\u043c\u0435\u0440\u0438\u0442\u0435\u043b\u044c\u043d\u044b\u0435 \u043f\u0440\u0438\u0431\u043e\u0440\u044b", "action_flag": 2, "change_message": "\u0418\u0437\u043c\u0435\u043d\u0435\u043d _ref_node_id."}}, {"model": "admin.logentry", "pk": 110, "fields": {"action_time": "2016-10-13T12:08:12.801Z", "user": 1, "content_type": 19, "object_id": "23", "object_repr": "\u041e\u0431\u043e\u0440\u0443\u0434\u043e\u0432\u0430\u043d\u0438\u0435 > \u0418\u0437\u043c\u0435\u0440\u0438\u0442\u0435\u043b\u044c\u043d\u044b\u0435 \u043f\u0440\u0438\u0431\u043e\u0440\u044b", "action_flag": 3, "change_message": ""}}, {"model": "admin.logentry", "pk": 111, "fields": {"action_time": "2016-10-13T12:49:47.104Z", "user": 1, "content_type": 19, "object_id": "56", "object_repr": "\u041e\u0431\u043e\u0440\u0443\u0434\u043e\u0432\u0430\u043d\u0438\u0435 > \u0413\u0440\u043e\u0443\u0431\u043e\u043a\u0441\u044b > \u0411\u0440\u0435\u043d\u0434\u044b", "action_flag": 1, "change_message": "\u0414\u043e\u0431\u0430\u0432\u043b\u0435\u043d\u043e."}}, {"model": "admin.logentry", "pk": 112, "fields": {"action_time": "2016-10-13T12:50:42.401Z", "user": 1, "content_type": 19, "object_id": "57", "object_repr": "\u041e\u0431\u043e\u0440\u0443\u0434\u043e\u0432\u0430\u043d\u0438\u0435 > \u0412\u0435\u043d\u0442\u0438\u043b\u044f\u0446\u0438\u044f > \u0411\u0440\u0435\u043d\u0434\u044b", "action_flag": 1, "change_message": "\u0414\u043e\u0431\u0430\u0432\u043b\u0435\u043d\u043e."}}, {"model": "admin.logentry", "pk": 113, "fields": {"action_time": "2016-10-13T12:51:28.652Z", "user": 1, "content_type": 19, "object_id": "58", "object_repr": "\u041e\u0431\u043e\u0440\u0443\u0434\u043e\u0432\u0430\u043d\u0438\u0435 > \u041e\u0441\u0432\u0435\u0449\u0435\u043d\u0438\u0435 > \u0411\u0440\u0435\u043d\u0434\u044b", "action_flag": 1, "change_message": "\u0414\u043e\u0431\u0430\u0432\u043b\u0435\u043d\u043e."}}, {"model": "admin.logentry", "pk": 114, "fields": {"action_time": "2016-10-13T12:52:06.364Z", "user": 1, "content_type": 19, "object_id": "59", "object_repr": "\u041e\u0431\u043e\u0440\u0443\u0434\u043e\u0432\u0430\u043d\u0438\u0435 > \u0413\u0438\u0434\u0440\u043e\u043f\u043e\u043d\u0438\u043a\u0430 > \u0411\u0440\u0435\u043d\u0434\u044b", "action_flag": 1, "change_message": "\u0414\u043e\u0431\u0430\u0432\u043b\u0435\u043d\u043e."}}, {"model": "admin.logentry", "pk": 115, "fields": {"action_time": "2016-10-13T12:54:05.184Z", "user": 1, "content_type": 19, "object_id": "60", "object_repr": "\u041e\u0431\u043e\u0440\u0443\u0434\u043e\u0432\u0430\u043d\u0438\u0435 > \u0418\u0437\u043c\u0435\u0440\u0438\u0442\u0435\u043b\u044c\u043d\u044b\u0435 \u043f\u0440\u0438\u0431\u043e\u0440\u044b > \u0411\u0440\u0435\u043d\u0434\u044b", "action_flag": 1, "change_message": "\u0414\u043e\u0431\u0430\u0432\u043b\u0435\u043d\u043e."}}, {"model": "admin.logentry", "pk": 116, "fields": {"action_time": "2016-10-13T12:55:00.161Z", "user": 1, "content_type": 19, "object_id": "61", "object_repr": "\u041e\u0431\u043e\u0440\u0443\u0434\u043e\u0432\u0430\u043d\u0438\u0435 > \u0421\u0443\u0431\u0441\u0442\u0440\u0430\u0442\u044b > \u0411\u0440\u0435\u043d\u0434\u044b", "action_flag": 1, "change_message": "\u0414\u043e\u0431\u0430\u0432\u043b\u0435\u043d\u043e."}}, {"model": "admin.logentry", "pk": 117, "fields": {"action_time": "2016-10-13T12:55:40.188Z", "user": 1, "content_type": 19, "object_id": "62", "object_repr": "\u041e\u0431\u043e\u0440\u0443\u0434\u043e\u0432\u0430\u043d\u0438\u0435 > \u0422\u0430\u0440\u0430 > \u0411\u0440\u0435\u043d\u0434\u044b", "action_flag": 1, "change_message": "\u0414\u043e\u0431\u0430\u0432\u043b\u0435\u043d\u043e."}}, {"model": "admin.logentry", "pk": 118, "fields": {"action_time": "2016-10-13T12:56:50.724Z", "user": 1, "content_type": 19, "object_id": "63", "object_repr": "\u041e\u0431\u043e\u0440\u0443\u0434\u043e\u0432\u0430\u043d\u0438\u0435 > \u041f\u043e\u043b\u0435\u0437\u043d\u044b\u0435 \u0442\u043e\u0432\u0430\u0440\u044b > \u0411\u0440\u0435\u043d\u0434\u044b", "action_flag": 1, "change_message": "\u0414\u043e\u0431\u0430\u0432\u043b\u0435\u043d\u043e."}}, {"model": "admin.logentry", "pk": 119, "fields": {"action_time": "2016-10-13T12:57:20.423Z", "user": 1, "content_type": 19, "object_id": "64", "object_repr": "\u041e\u0431\u043e\u0440\u0443\u0434\u043e\u0432\u0430\u043d\u0438\u0435 > \u0413\u043e\u0442\u043e\u0432\u044b\u0435 \u043d\u0430\u0431\u043e\u0440\u044b > \u0411\u0440\u0435\u043d\u0434\u044b", "action_flag": 1, "change_message": "\u0414\u043e\u0431\u0430\u0432\u043b\u0435\u043d\u043e."}}, {"model": "admin.logentry", "pk": 120, "fields": {"action_time": "2016-10-13T13:00:03.350Z", "user": 1, "content_type": 19, "object_id": "65", "object_repr": "Udobreniya > \u0417\u0430\u0449\u0438\u0442\u0430 \u0440\u0430\u0441\u0442\u0435\u043d\u0438\u0439", "action_flag": 1, "change_message": "\u0414\u043e\u0431\u0430\u0432\u043b\u0435\u043d\u043e."}}, {"model": "admin.logentry", "pk": 121, "fields": {"action_time": "2016-10-13T13:01:29.194Z", "user": 1, "content_type": 19, "object_id": "66", "object_repr": "Udobreniya > \u0414\u043b\u044f \u0440\u043e\u0441\u0442\u0430", "action_flag": 1, "change_message": "\u0414\u043e\u0431\u0430\u0432\u043b\u0435\u043d\u043e."}}, {"model": "admin.logentry", "pk": 122, "fields": {"action_time": "2016-10-13T13:02:31.857Z", "user": 1, "content_type": 19, "object_id": "67", "object_repr": "Udobreniya > \u0414\u043b\u044f \u0446\u0432\u0435\u0442\u0435\u043d\u0438\u044f", "action_flag": 1, "change_message": "\u0414\u043e\u0431\u0430\u0432\u043b\u0435\u043d\u043e."}}, {"model": "admin.logentry", "pk": 123, "fields": {"action_time": "2016-10-13T13:03:59.916Z", "user": 1, "content_type": 19, "object_id": "68", "object_repr": "Udobreniya > \u0414\u043b\u044f \u0443\u043a\u043e\u0440\u0435\u043d\u0435\u043d\u0438\u044f", "action_flag": 1, "change_message": "\u0414\u043e\u0431\u0430\u0432\u043b\u0435\u043d\u043e."}}, {"model": "admin.logentry", "pk": 124, "fields": {"action_time": "2016-10-13T13:10:49.919Z", "user": 1, "content_type": 19, "object_id": "69", "object_repr": "Udobreniya > \u041d\u0430\u0431\u043e\u0440\u044b \u0443\u0434\u043e\u0431\u0440\u0435\u043d\u0438\u0439", "action_flag": 1, "change_message": "\u0414\u043e\u0431\u0430\u0432\u043b\u0435\u043d\u043e."}}, {"model": "admin.logentry", "pk": 125, "fields": {"action_time": "2016-10-13T13:11:49.471Z", "user": 1, "content_type": 19, "object_id": "56", "object_repr": "\u041e\u0431\u043e\u0440\u0443\u0434\u043e\u0432\u0430\u043d\u0438\u0435 > \u0413\u0440\u043e\u0443\u0431\u043e\u043a\u0441\u044b > \u0411\u0440\u0435\u043d\u0434\u044b", "action_flag": 3, "change_message": ""}}, {"model": "admin.logentry", "pk": 126, "fields": {"action_time": "2016-10-13T13:11:49.472Z", "user": 1, "content_type": 19, "object_id": "58", "object_repr": "\u041e\u0431\u043e\u0440\u0443\u0434\u043e\u0432\u0430\u043d\u0438\u0435 > \u041e\u0441\u0432\u0435\u0449\u0435\u043d\u0438\u0435 > \u0411\u0440\u0435\u043d\u0434\u044b", "action_flag": 3, "change_message": ""}}, {"model": "admin.logentry", "pk": 127, "fields": {"action_time": "2016-10-13T13:11:49.473Z", "user": 1, "content_type": 19, "object_id": "57", "object_repr": "\u041e\u0431\u043e\u0440\u0443\u0434\u043e\u0432\u0430\u043d\u0438\u0435 > \u0412\u0435\u043d\u0442\u0438\u043b\u044f\u0446\u0438\u044f > \u0411\u0440\u0435\u043d\u0434\u044b", "action_flag": 3, "change_message": ""}}, {"model": "admin.logentry", "pk": 128, "fields": {"action_time": "2016-10-13T13:11:49.474Z", "user": 1, "content_type": 19, "object_id": "59", "object_repr": "\u041e\u0431\u043e\u0440\u0443\u0434\u043e\u0432\u0430\u043d\u0438\u0435 > \u0413\u0438\u0434\u0440\u043e\u043f\u043e\u043d\u0438\u043a\u0430 > \u0411\u0440\u0435\u043d\u0434\u044b", "action_flag": 3, "change_message": ""}}, {"model": "admin.logentry", "pk": 129, "fields": {"action_time": "2016-10-13T13:11:49.475Z", "user": 1, "content_type": 19, "object_id": "60", "object_repr": "\u041e\u0431\u043e\u0440\u0443\u0434\u043e\u0432\u0430\u043d\u0438\u0435 > \u0418\u0437\u043c\u0435\u0440\u0438\u0442\u0435\u043b\u044c\u043d\u044b\u0435 \u043f\u0440\u0438\u0431\u043e\u0440\u044b > \u0411\u0440\u0435\u043d\u0434\u044b", "action_flag": 3, "change_message": ""}}, {"model": "admin.logentry", "pk": 130, "fields": {"action_time": "2016-10-13T13:11:49.476Z", "user": 1, "content_type": 19, "object_id": "61", "object_repr": "\u041e\u0431\u043e\u0440\u0443\u0434\u043e\u0432\u0430\u043d\u0438\u0435 > \u0421\u0443\u0431\u0441\u0442\u0440\u0430\u0442\u044b > \u0411\u0440\u0435\u043d\u0434\u044b", "action_flag": 3, "change_message": ""}}, {"model": "admin.logentry", "pk": 131, "fields": {"action_time": "2016-10-13T13:11:49.478Z", "user": 1, "content_type": 19, "object_id": "62", "object_repr": "\u041e\u0431\u043e\u0440\u0443\u0434\u043e\u0432\u0430\u043d\u0438\u0435 > \u0422\u0430\u0440\u0430 > \u0411\u0440\u0435\u043d\u0434\u044b", "action_flag": 3, "change_message": ""}}, {"model": "admin.logentry", "pk": 132, "fields": {"action_time": "2016-10-13T13:11:49.479Z", "user": 1, "content_type": 19, "object_id": "63", "object_repr": "\u041e\u0431\u043e\u0440\u0443\u0434\u043e\u0432\u0430\u043d\u0438\u0435 > \u041f\u043e\u043b\u0435\u0437\u043d\u044b\u0435 \u0442\u043e\u0432\u0430\u0440\u044b > \u0411\u0440\u0435\u043d\u0434\u044b", "action_flag": 3, "change_message": ""}}, {"model": "admin.logentry", "pk": 133, "fields": {"action_time": "2016-10-13T13:11:49.480Z", "user": 1, "content_type": 19, "object_id": "64", "object_repr": "\u041e\u0431\u043e\u0440\u0443\u0434\u043e\u0432\u0430\u043d\u0438\u0435 > \u0413\u043e\u0442\u043e\u0432\u044b\u0435 \u043d\u0430\u0431\u043e\u0440\u044b > \u0411\u0440\u0435\u043d\u0434\u044b", "action_flag": 3, "change_message": ""}}, {"model": "admin.logentry", "pk": 134, "fields": {"action_time": "2016-10-13T13:13:27.162Z", "user": 1, "content_type": 19, "object_id": "70", "object_repr": "\u041e\u0431\u043e\u0440\u0443\u0434\u043e\u0432\u0430\u043d\u0438\u0435 > \u041f\u0440\u043e\u0438\u0437\u0432\u043e\u0434\u0438\u0442\u0435\u043b\u0438", "action_flag": 1, "change_message": "\u0414\u043e\u0431\u0430\u0432\u043b\u0435\u043d\u043e."}}, {"model": "admin.logentry", "pk": 135, "fields": {"action_time": "2016-10-13T13:14:21.965Z", "user": 1, "content_type": 19, "object_id": "70", "object_repr": "\u041e\u0431\u043e\u0440\u0443\u0434\u043e\u0432\u0430\u043d\u0438\u0435 > \u041e\u0441\u0432\u0435\u0449\u0435\u043d\u0438\u0435 > \u0410\u043a\u0441\u0435\u0441\u0441\u0443\u0430\u0440\u044b > \u041f\u0440\u043e\u0438\u0437\u0432\u043e\u0434\u0438\u0442\u0435\u043b\u0438", "action_flag": 2, "change_message": "\u0418\u0437\u043c\u0435\u043d\u0435\u043d _position \u0438 _ref_node_id."}}, {"model": "admin.logentry", "pk": 136, "fields": {"action_time": "2016-10-13T13:14:38.846Z", "user": 1, "content_type": 19, "object_id": "70", "object_repr": "\u041e\u0431\u043e\u0440\u0443\u0434\u043e\u0432\u0430\u043d\u0438\u0435 > \u041e\u0441\u0432\u0435\u0449\u0435\u043d\u0438\u0435 > \u041f\u0440\u043e\u0438\u0437\u0432\u043e\u0434\u0438\u0442\u0435\u043b\u0438", "action_flag": 2, "change_message": "\u0418\u0437\u043c\u0435\u043d\u0435\u043d _position."}}, {"model": "admin.logentry", "pk": 137, "fields": {"action_time": "2016-10-13T13:16:17.062Z", "user": 1, "content_type": 19, "object_id": "22", "object_repr": "Udobreniya > \u0421\u0443\u0431\u0441\u0442\u0440\u0430\u0442\u044b", "action_flag": 2, "change_message": "\u0418\u0437\u043c\u0435\u043d\u0435\u043d _ref_node_id."}}, {"model": "admin.logentry", "pk": 138, "fields": {"action_time": "2016-10-13T14:13:00.789Z", "user": 1, "content_type": 19, "object_id": "47", "object_repr": "\u041e\u0431\u043e\u0440\u0443\u0434\u043e\u0432\u0430\u043d\u0438\u0435 > \u0415\u043c\u043a\u043e\u0441\u0442\u0438", "action_flag": 2, "change_message": "\u0418\u0437\u043c\u0435\u043d\u0435\u043d name \u0438 slug."}}, {"model": "admin.logentry", "pk": 139, "fields": {"action_time": "2016-10-13T14:14:49.126Z", "user": 1, "content_type": 19, "object_id": "4", "object_repr": "\u0423\u0434\u043e\u0431\u0440\u0435\u043d\u0438\u044f", "action_flag": 2, "change_message": "\u0418\u0437\u043c\u0435\u043d\u0435\u043d name."}}, {"model": "admin.logentry", "pk": 140, "fields": {"action_time": "2016-10-26T17:16:38.060Z", "user": 1, "content_type": 3, "object_id": "1", "object_repr": "\u0410\u0434\u043c\u0438\u043d\u0438\u0441\u0442\u0440\u0430\u0442\u043e\u0440", "action_flag": 1, "change_message": "\u0414\u043e\u0431\u0430\u0432\u043b\u0435\u043d\u043e."}}, {"model": "admin.logentry", "pk": 141, "fields": {"action_time": "2016-10-26T17:16:46.411Z", "user": 1, "content_type": 3, "object_id": "1", "object_repr": "\u0410\u0434\u043c\u0438\u043d\u0438\u0441\u0442\u0440\u0430\u0442\u043e\u0440", "action_flag": 2, "change_message": "\u041d\u0438 \u043e\u0434\u043d\u043e \u043f\u043e\u043b\u0435 \u043d\u0435 \u0438\u0437\u043c\u0435\u043d\u0435\u043d\u043e."}}, {"model": "admin.logentry", "pk": 142, "fields": {"action_time": "2017-02-05T09:59:14.064Z", "user": 1, "content_type": 18, "object_id": "2", "object_repr": "\u0421\u0435\u043c\u0435\u043d\u0430 \u043a\u043e\u043d\u043e\u043f\u043b\u0438", "action_flag": 2, "change_message": "\u0418\u0437\u043c\u0435\u043d\u0435\u043d options. \u0418\u0437\u043c\u0435\u043d\u0435\u043d\u044b type \u0434\u043b\u044f \u0410\u0442\u0440\u0438\u0431\u0443\u0442 \u0442\u043e\u0432\u0430\u0440\u0430 \"\u0413\u0440\u043e\u0443\u0440\u0435\u043f\u043e\u0440\u0442\". \u0418\u0437\u043c\u0435\u043d\u0435\u043d\u044b type \u0434\u043b\u044f \u0410\u0442\u0440\u0438\u0431\u0443\u0442 \u0442\u043e\u0432\u0430\u0440\u0430 \"\u0422\u0438\u043f\". \u0418\u0437\u043c\u0435\u043d\u0435\u043d\u044b type \u0438 option_group \u0434\u043b\u044f \u0410\u0442\u0440\u0438\u0431\u0443\u0442 \u0442\u043e\u0432\u0430\u0440\u0430 \"\u0412\u0438\u0434\u0435\u043e \u043e\u0431\u0437\u043e\u0440\"."}}, {"model": "admin.logentry", "pk": 143, "fields": {"action_time": "2017-02-05T10:12:17.222Z", "user": 1, "content_type": 8, "object_id": "13", "object_repr": "/contacts/ -- \u041a\u043e\u043d\u0442\u0430\u043a\u0442\u044b", "action_flag": 1, "change_message": "\u0414\u043e\u0431\u0430\u0432\u043b\u0435\u043d\u043e."}}, {"model": "admin.logentry", "pk": 144, "fields": {"action_time": "2017-02-05T10:13:34.859Z", "user": 1, "content_type": 8, "object_id": "13", "object_repr": "/contacts/ -- \u041a\u043e\u043d\u0442\u0430\u043a\u0442\u044b", "action_flag": 2, "change_message": "\u0418\u0437\u043c\u0435\u043d\u0435\u043d sites."}}, {"model": "admin.logentry", "pk": 145, "fields": {"action_time": "2017-02-05T10:14:34.858Z", "user": 1, "content_type": 8, "object_id": "13", "object_repr": "/contacts/ -- \u041a\u043e\u043d\u0442\u0430\u043a\u0442\u044b", "action_flag": 2, "change_message": "\u0418\u0437\u043c\u0435\u043d\u0435\u043d sites."}}, {"model": "admin.logentry", "pk": 146, "fields": {"action_time": "2017-02-05T10:15:41.455Z", "user": 1, "content_type": 8, "object_id": "13", "object_repr": "/home/contacts/ -- \u041a\u043e\u043d\u0442\u0430\u043a\u0442\u044b", "action_flag": 2, "change_message": "\u0418\u0437\u043c\u0435\u043d\u0435\u043d url."}}, {"model": "admin.logentry", "pk": 147, "fields": {"action_time": "2017-02-05T10:26:19.296Z", "user": 1, "content_type": 19, "object_id": "8", "object_repr": "GrowBlog > Growreport", "action_flag": 3, "change_message": ""}}, {"model": "admin.logentry", "pk": 148, "fields": {"action_time": "2017-02-05T10:26:19.298Z", "user": 1, "content_type": 19, "object_id": "7", "object_repr": "GrowBlog > GrowpediA", "action_flag": 3, "change_message": ""}}, {"model": "admin.logentry", "pk": 149, "fields": {"action_time": "2017-02-05T10:26:19.299Z", "user": 1, "content_type": 19, "object_id": "9", "object_repr": "GrowBlog > BlowGrow-TV", "action_flag": 3, "change_message": ""}}, {"model": "admin.logentry", "pk": 150, "fields": {"action_time": "2017-02-05T10:26:19.300Z", "user": 1, "content_type": 19, "object_id": "6", "object_repr": "help-pages", "action_flag": 3, "change_message": ""}}, {"model": "admin.logentry", "pk": 151, "fields": {"action_time": "2017-02-19T08:41:15.719Z", "user": 1, "content_type": 14, "object_id": "UA", "object_repr": "Ukraine", "action_flag": 2, "change_message": "\u0418\u0437\u043c\u0435\u043d\u0435\u043d name \u0438 display_order."}}, {"model": "admin.logentry", "pk": 152, "fields": {"action_time": "2017-02-19T08:41:41.910Z", "user": 1, "content_type": 14, "object_id": "UA", "object_repr": "Ukraine", "action_flag": 2, "change_message": "\u041d\u0438 \u043e\u0434\u043d\u043e \u043f\u043e\u043b\u0435 \u043d\u0435 \u0438\u0437\u043c\u0435\u043d\u0435\u043d\u043e."}}, {"model": "admin.logentry", "pk": 153, "fields": {"action_time": "2017-03-16T22:58:25.426Z", "user": 1, "content_type": 25, "object_id": "11", "object_repr": "\u0412\u044b\u0431\u043e\u0440", "action_flag": 1, "change_message": ""}}, {"model": "admin.logentry", "pk": 154, "fields": {"action_time": "2017-03-16T22:58:40.409Z", "user": 1, "content_type": 23, "object_id": "13", "object_repr": "\u0422\u0438\u043f", "action_flag": 2, "change_message": "\u0418\u0437\u043c\u0435\u043d\u0435\u043d option_group."}}, {"model": "admin.logentry", "pk": 155, "fields": {"action_time": "2017-03-16T23:08:47.905Z", "user": 1, "content_type": 94, "object_id": "1", "object_repr": "ApiKey object", "action_flag": 1, "change_message": ""}}, {"model": "admin.logentry", "pk": 156, "fields": {"action_time": "2017-03-16T23:44:34.991Z", "user": 1, "content_type": 94, "object_id": "1", "object_repr": "ApiKey object", "action_flag": 2, "change_message": "\u041d\u0438 \u043e\u0434\u043d\u043e \u043f\u043e\u043b\u0435 \u043d\u0435 \u0438\u0437\u043c\u0435\u043d\u0435\u043d\u043e."}}, {"model": "admin.logentry", "pk": 157, "fields": {"action_time": "2017-03-16T23:44:39.551Z", "user": 1, "content_type": 94, "object_id": "1", "object_repr": "ApiKey object", "action_flag": 2, "change_message": "\u041d\u0438 \u043e\u0434\u043d\u043e \u043f\u043e\u043b\u0435 \u043d\u0435 \u0438\u0437\u043c\u0435\u043d\u0435\u043d\u043e."}}, {"model": "admin.logentry", "pk": 158, "fields": {"action_time": "2017-03-16T23:44:53.953Z", "user": 1, "content_type": 94, "object_id": "1", "object_repr": "ApiKey object", "action_flag": 2, "change_message": "\u041d\u0438 \u043e\u0434\u043d\u043e \u043f\u043e\u043b\u0435 \u043d\u0435 \u0438\u0437\u043c\u0435\u043d\u0435\u043d\u043e."}}, {"model": "admin.logentry", "pk": 159, "fields": {"action_time": "2017-03-17T22:24:11.718Z", "user": 1, "content_type": 144, "object_id": "1", "object_repr": "ttr: cvcb...", "action_flag": 1, "change_message": ""}}, {"model": "admin.logentry", "pk": 160, "fields": {"action_time": "2017-03-17T22:26:17.011Z", "user": 1, "content_type": 28, "object_id": "3", "object_repr": "Image of 'AMNESIA LEMON'", "action_flag": 2, "change_message": "\u0418\u0437\u043c\u0435\u043d\u0435\u043d caption."}}, {"model": "admin.logentry", "pk": 161, "fields": {"action_time": "2017-03-17T22:31:58.178Z", "user": 1, "content_type": 70, "object_id": "1", "object_repr": "\u041d\u043e\u0432\u0430\u044f \u043f\u043e\u0447\u0442\u0430", "action_flag": 1, "change_message": ""}}, {"model": "admin.logentry", "pk": 162, "fields": {"action_time": "2017-03-17T22:47:20.115Z", "user": 1, "content_type": 74, "object_id": "1", "object_repr": "\u041f\u0438\u0441\u044c\u043c\u043e \u043a admin \u0441 \u0442\u0435\u043c\u043e\u0439 '\u0420\u0435\u0433\u0438\u0441\u0442\u0440\u0430\u0446\u0438\u044f \u043d\u0430 BlowGrow'", "action_flag": 2, "change_message": "\u0418\u0437\u043c\u0435\u043d\u0435\u043d user, subject \u0438 body_text."}}, {"model": "admin.logentry", "pk": 163, "fields": {"action_time": "2017-03-17T22:59:57.480Z", "user": 1, "content_type": 19, "object_id": "16", "object_repr": "\u0421\u0435\u043c\u0435\u043d\u0430 \u043a\u043e\u043d\u043e\u043f\u043b\u0438 > \u041f\u0440\u043e\u0438\u0437\u0432\u043e\u0434\u0438\u0442\u0435\u043b\u044c", "action_flag": 2, "change_message": "\u0418\u0437\u043c\u0435\u043d\u0435\u043d name."}}, {"model": "admin.logentry", "pk": 164, "fields": {"action_time": "2017-03-17T23:01:41.452Z", "user": 1, "content_type": 25, "object_id": "11", "object_repr": "\u0412\u0438\u0434", "action_flag": 2, "change_message": "\u0418\u0437\u043c\u0435\u043d\u0435\u043d name."}}, {"model": "admin.logentry", "pk": 165, "fields": {"action_time": "2017-03-17T23:08:08.840Z", "user": 1, "content_type": 80, "object_id": "3", "object_repr": "\u041e\u0442\u0441\u043b\u0435\u0434\u0438\u0442\u044c \u043f\u043e\u0441\u044b\u043b\u043a\u0443", "action_flag": 1, "change_message": ""}}, {"model": "admin.logentry", "pk": 166, "fields": {"action_time": "2017-03-17T23:09:54.739Z", "user": 1, "content_type": 7, "object_id": "4", "object_repr": "31.131.16.5:8000", "action_flag": 1, "change_message": ""}}, {"model": "admin.logentry", "pk": 167, "fields": {"action_time": "2017-03-17T23:10:12.724Z", "user": 1, "content_type": 8, "object_id": "14", "object_repr": "/help/otsledit-posylku/ -- \u041e\u0442\u0441\u043b\u0435\u0434\u0438\u0442\u044c \u043f\u043e\u0441\u044b\u043b\u043a\u0443", "action_flag": 1, "change_message": ""}}, {"model": "admin.logentry", "pk": 168, "fields": {"action_time": "2017-03-28T06:31:00.425Z", "user": 1, "content_type": 149, "object_id": "1", "object_repr": "Growblog", "action_flag": 1, "change_message": "\u0414\u043e\u0431\u0430\u0432\u043b\u0435\u043d\u043e."}}, {"model": "admin.logentry", "pk": 169, "fields": {"action_time": "2017-03-28T06:33:13.537Z", "user": 1, "content_type": 149, "object_id": "2", "object_repr": "Growmedia", "action_flag": 1, "change_message": "\u0414\u043e\u0431\u0430\u0432\u043b\u0435\u043d\u043e."}}, {"model": "admin.logentry", "pk": 170, "fields": {"action_time": "2017-03-28T06:40:28.979Z", "user": 1, "content_type": 149, "object_id": "3", "object_repr": "\u0413\u0440\u043e\u0443\u0440\u0435\u043f\u043e\u0440\u0442\u044b", "action_flag": 1, "change_message": "\u0414\u043e\u0431\u0430\u0432\u043b\u0435\u043d\u043e."}}, {"model": "admin.logentry", "pk": 171, "fields": {"action_time": "2017-03-28T17:03:31.934Z", "user": 1, "content_type": 7, "object_id": "5", "object_repr": "31131.16.2:8000", "action_flag": 1, "change_message": "\u0414\u043e\u0431\u0430\u0432\u043b\u0435\u043d\u043e."}}, {"model": "admin.logentry", "pk": 172, "fields": {"action_time": "2017-03-28T17:03:45.910Z", "user": 1, "content_type": 7, "object_id": "5", "object_repr": "31131.16.2:8000", "action_flag": 2, "change_message": "\u041d\u0438 \u043e\u0434\u043d\u043e \u043f\u043e\u043b\u0435 \u043d\u0435 \u0438\u0437\u043c\u0435\u043d\u0435\u043d\u043e."}}, {"model": "admin.logentry", "pk": 173, "fields": {"action_time": "2017-03-29T00:32:47.591Z", "user": 1, "content_type": 149, "object_id": "3", "object_repr": "\u0413\u0440\u043e\u0443\u0440\u0435\u043f\u043e\u0440\u0442\u044b", "action_flag": 2, "change_message": "\u0418\u0437\u043c\u0435\u043d\u0435\u043d parent."}}, {"model": "admin.logentry", "pk": 174, "fields": {"action_time": "2017-04-02T08:13:07.682Z", "user": 1, "content_type": 146, "object_id": "1", "object_repr": "title", "action_flag": 1, "change_message": "\u0414\u043e\u0431\u0430\u0432\u043b\u0435\u043d\u043e."}}, {"model": "admin.logentry", "pk": 175, "fields": {"action_time": "2017-04-02T13:28:47.688Z", "user": 1, "content_type": 7, "object_id": "6", "object_repr": "31.131.16.2:8000", "action_flag": 1, "change_message": "\u0414\u043e\u0431\u0430\u0432\u043b\u0435\u043d\u043e."}}, {"model": "admin.logentry", "pk": 176, "fields": {"action_time": "2017-04-02T13:31:45.221Z", "user": 1, "content_type": 144, "object_id": "2", "object_repr": "Site Admin: Lets began!...", "action_flag": 1, "change_message": "\u0414\u043e\u0431\u0430\u0432\u043b\u0435\u043d\u043e."}}, {"model": "admin.logentry", "pk": 177, "fields": {"action_time": "2017-04-02T13:36:02.596Z", "user": 1, "content_type": 144, "object_id": "2", "object_repr": "Site Admin: Lets began!...", "action_flag": 2, "change_message": "\u0418\u0437\u043c\u0435\u043d\u0435\u043d object_pk."}}, {"model": "admin.logentry", "pk": 178, "fields": {"action_time": "2017-04-02T13:36:12.608Z", "user": 1, "content_type": 144, "object_id": "2", "object_repr": "Site Admin: Lets began!...", "action_flag": 2, "change_message": "\u041d\u0438 \u043e\u0434\u043d\u043e \u043f\u043e\u043b\u0435 \u043d\u0435 \u0438\u0437\u043c\u0435\u043d\u0435\u043d\u043e."}}, {"model": "admin.logentry", "pk": 179, "fields": {"action_time": "2017-04-02T13:37:49.808Z", "user": 1, "content_type": 144, "object_id": "2", "object_repr": "Site Admin: Lets began!...", "action_flag": 2, "change_message": "\u0418\u0437\u043c\u0435\u043d\u0435\u043d content_type."}}, {"model": "admin.logentry", "pk": 180, "fields": {"action_time": "2017-04-02T13:38:43.640Z", "user": 1, "content_type": 7, "object_id": "6", "object_repr": "31.131.16.2:8000", "action_flag": 2, "change_message": "\u041d\u0438 \u043e\u0434\u043d\u043e \u043f\u043e\u043b\u0435 \u043d\u0435 \u0438\u0437\u043c\u0435\u043d\u0435\u043d\u043e."}}, {"model": "admin.logentry", "pk": 181, "fields": {"action_time": "2017-04-02T13:41:05.296Z", "user": 1, "content_type": 7, "object_id": "4", "object_repr": "31.131.16.5:8000", "action_flag": 3, "change_message": ""}}, {"model": "admin.logentry", "pk": 182, "fields": {"action_time": "2017-04-02T13:41:05.297Z", "user": 1, "content_type": 7, "object_id": "5", "object_repr": "31131.16.2:8000", "action_flag": 3, "change_message": ""}}, {"model": "admin.logentry", "pk": 183, "fields": {"action_time": "2017-04-02T13:41:05.297Z", "user": 1, "content_type": 7, "object_id": "1", "object_repr": "example.com", "action_flag": 3, "change_message": ""}}, {"model": "admin.logentry", "pk": 184, "fields": {"action_time": "2017-04-02T13:43:54.598Z", "user": 1, "content_type": 94, "object_id": "2", "object_repr": "ApiKey object", "action_flag": 1, "change_message": "\u0414\u043e\u0431\u0430\u0432\u043b\u0435\u043d\u043e."}}, {"model": "admin.logentry", "pk": 185, "fields": {"action_time": "2017-04-15T09:28:22.359Z", "user": 1, "content_type": 149, "object_id": "1", "object_repr": "Growblog", "action_flag": 3, "change_message": ""}}, {"model": "admin.logentry", "pk": 186, "fields": {"action_time": "2017-05-30T23:22:03.984Z", "user": 1, "content_type": 149, "object_id": "2", "object_repr": "Growmedia", "action_flag": 2, "change_message": "Changed parent."}}, {"model": "admin.logentry", "pk": 187, "fields": {"action_time": "2017-05-31T05:47:25.569Z", "user": 1, "content_type": 18, "object_id": "2", "object_repr": "\u0421\u0435\u043c\u0435\u043d\u0430 \u043a\u043e\u043d\u043e\u043f\u043b\u0438", "action_flag": 2, "change_message": "Changed type for Product attribute \"\u0413\u0440\u043e\u0443\u0440\u0435\u043f\u043e\u0440\u0442\". Changed type and required for Product attribute \"\u041a\u043b\u0438\u043c\u0430\u0442\"."}}, {"model": "admin.logentry", "pk": 188, "fields": {"action_time": "2017-05-31T05:48:35.797Z", "user": 1, "content_type": 18, "object_id": "2", "object_repr": "\u0421\u0435\u043c\u0435\u043d\u0430 \u043a\u043e\u043d\u043e\u043f\u043b\u0438", "action_flag": 2, "change_message": "Changed options."}}, {"model": "admin.logentry", "pk": 189, "fields": {"action_time": "2017-05-31T05:49:29.513Z", "user": 1, "content_type": 27, "object_id": "6", "object_repr": "\u041a\u043b\u0438\u043c\u0430\u0442\u0438\u0447\u0435\u0441\u043a\u0438\u0435 \u0437\u043e\u043d\u044b", "action_flag": 2, "change_message": "Changed type."}}, {"model": "admin.logentry", "pk": 190, "fields": {"action_time": "2017-05-31T09:28:44.282Z", "user": 1, "content_type": 13, "object_id": "1", "object_repr": "\u0413-\u043d \u0418\u0433\u043e\u0440\u044c \u041b\u043e\u043c\u0430\u043a\u0438\u043d, \u041f\u043e\u0434\u0432\u044b\u0441\u043e\u0446\u043a\u043e\u0433\u043e 10, \u041a\u0438\u0435\u0432, 01103, Ukraine", "action_flag": 1, "change_message": "\u0414\u043e\u0431\u0430\u0432\u043b\u0435\u043d\u043e."}}, {"model": "admin.logentry", "pk": 191, "fields": {"action_time": "2017-06-01T19:23:57.237Z", "user": 1, "content_type": 146, "object_id": "1", "object_repr": "title", "action_flag": 2, "change_message": "\u041d\u0438 \u043e\u0434\u043d\u043e \u043f\u043e\u043b\u0435 \u043d\u0435 \u0438\u0437\u043c\u0435\u043d\u0435\u043d\u043e."}}, {"model": "admin.logentry", "pk": 192, "fields": {"action_time": "2017-06-01T19:23:58.787Z", "user": 1, "content_type": 146, "object_id": "1", "object_repr": "title", "action_flag": 2, "change_message": "\u041d\u0438 \u043e\u0434\u043d\u043e \u043f\u043e\u043b\u0435 \u043d\u0435 \u0438\u0437\u043c\u0435\u043d\u0435\u043d\u043e."}}, {"model": "admin.logentry", "pk": 193, "fields": {"action_time": "2017-06-21T18:39:46.690Z", "user": 1, "content_type": 14, "object_id": "UA", "object_repr": "Ukraine", "action_flag": 2, "change_message": "[]"}}, {"model": "admin.logentry", "pk": 194, "fields": {"action_time": "2017-06-21T18:44:04.625Z", "user": 1, "content_type": 94, "object_id": "3", "object_repr": "ApiKey object", "action_flag": 1, "change_message": "[{\"added\": {}}]"}}, {"model": "admin.logentry", "pk": 195, "fields": {"action_time": "2017-06-21T18:44:43.051Z", "user": 1, "content_type": 94, "object_id": "3", "object_repr": "ApiKey object", "action_flag": 2, "change_message": "[]"}}, {"model": "admin.logentry", "pk": 196, "fields": {"action_time": "2017-06-22T05:18:06.345Z", "user": 1, "content_type": 149, "object_id": "4", "object_repr": "growblog", "action_flag": 1, "change_message": "[{\"added\": {}}]"}}, {"model": "admin.logentry", "pk": 197, "fields": {"action_time": "2017-06-22T05:18:46.669Z", "user": 1, "content_type": 149, "object_id": "4", "object_repr": "growblog", "action_flag": 2, "change_message": "[]"}}, {"model": "admin.logentry", "pk": 198, "fields": {"action_time": "2017-06-23T06:53:46.986Z", "user": 1, "content_type": 7, "object_id": "7", "object_repr": "31.131.16.2:8000/growblog/", "action_flag": 1, "change_message": "[{\"added\": {}}]"}}, {"model": "admin.logentry", "pk": 199, "fields": {"action_time": "2017-06-23T06:55:15.579Z", "user": 1, "content_type": 149, "object_id": "2", "object_repr": "Growmedia", "action_flag": 3, "change_message": ""}}, {"model": "admin.logentry", "pk": 200, "fields": {"action_time": "2017-06-23T06:55:15.580Z", "user": 1, "content_type": 149, "object_id": "3", "object_repr": "\u0413\u0440\u043e\u0443\u0440\u0435\u043f\u043e\u0440\u0442\u044b", "action_flag": 3, "change_message": ""}}]